Date,Open,High,Low,Close,Adj Close,Volume
2000-01-03,59.03125,59.125,53.4375,55.5,36.14616394042969,1199600
2000-01-04,54.625,55.0,52.5,52.8125,34.395816802978516,816100
2000-01-05,52.75,53.25,51.0625,52.75,34.355125427246094,1124700
2000-01-06,52.75,54.9375,52.375,53.5,34.843597412109375,1112100
2000-01-07,53.75,54.25,53.3125,53.625,34.92498779296875,782000
2000-01-10,53.6875,53.75,51.5,52.65625,34.294063568115234,408800
2000-01-11,52.6875,53.0,49.875,49.875,32.48269271850586,987800
2000-01-12,50.5,50.75,49.0,50.3125,32.76763153076172,794300
2000-01-13,51.0625,55.5,51.0,54.6875,35.61699295043945,458700
2000-01-14,56.0,56.75,54.9375,55.625,36.22758102416992,596500
2000-01-18,55.625,56.125,52.75,52.8125,34.395816802978516,476800
2000-01-19,52.75,54.625,52.625,53.375,34.762203216552734,310400
2000-01-20,54.125,54.125,51.9375,52.4375,34.151588439941406,368200
2000-01-21,53.125,53.3125,50.28125,52.875,34.43654251098633,448900
2000-01-24,53.5,54.25,51.375,52.0,33.86666488647461,573000
2000-01-25,51.8125,53.875,51.375,53.6875,34.96569061279297,497200
2000-01-26,54.0,54.21875,52.5625,53.5625,34.88430404663086,541500
2000-01-27,53.75,58.625,53.625,57.75,37.81629943847656,967300
2000-01-28,57.25,57.25,54.875,56.125,36.75218200683594,801400
2000-01-31,56.1875,59.3125,56.125,59.125,38.716678619384766,440500
2000-02-01,58.875,60.0,58.5625,59.75,39.12593078613281,730800
2000-02-02,59.5,59.5625,58.5625,58.625,38.38927459716797,655400
2000-02-03,58.5625,59.5,57.125,57.9375,37.939056396484375,297300
2000-02-04,57.875,58.125,55.0,55.3125,36.22014236450195,240400
2000-02-07,55.375,55.75,53.875,55.25,36.17921447753906,384300
2000-02-08,55.0625,58.4375,55.0,58.0625,38.02090072631836,366000
2000-02-09,58.5625,58.6875,54.0,55.125,36.09736633300781,935800
2000-02-10,55.4375,56.5,54.75,54.9375,35.974571228027344,362500
2000-02-11,55.4375,56.0,54.5,54.6875,35.810890197753906,448800
2000-02-14,54.6875,55.234375,54.0625,54.125,35.442535400390625,199400
2000-02-15,54.375,55.5,53.5625,54.8125,35.892730712890625,412600
2000-02-16,54.75,54.8125,54.25,54.5625,35.72902297973633,233900
2000-02-17,54.75,55.75,54.0625,55.03125,36.03596496582031,439500
2000-02-18,55.0,55.125,49.625,49.875,32.659515380859375,1174700
2000-02-22,50.0625,51.1875,48.875,51.125,33.47804641723633,706100
2000-02-23,51.0625,51.25,49.3125,50.625,33.150634765625,433000
2000-02-24,50.78125,51.5625,50.4375,50.875,33.314334869384766,821900
2000-02-25,50.875,50.875,49.875,50.0,32.74136734008789,338300
2000-02-28,49.96875,52.65625,49.6875,51.5,33.72361755371094,1029200
2000-02-29,51.75,53.25,51.0,53.0625,34.74678421020508,415700
2000-03-01,53.0,53.1875,50.5,50.6875,33.191566467285156,786900
2000-03-02,50.6875,52.25,50.6875,51.4375,33.682674407958984,423300
2000-03-03,51.25,51.40625,32.0,38.8125,25.415485382080078,14244100
2000-03-06,39.25,42.375,37.125,41.5625,27.216276168823242,3842200
2000-03-07,41.875,41.875,39.125,39.8125,26.0703125,1162600
2000-03-08,40.5625,40.5625,36.5,37.4375,24.51510238647461,1449300
2000-03-09,37.1875,37.625,36.375,36.875,24.146753311157227,862200
2000-03-10,36.9375,39.75,36.0625,37.25,24.39232063293457,822100
2000-03-13,37.875,38.9375,37.625,37.96875,24.862979888916016,1970600
2000-03-14,38.34375,38.625,36.0,36.4375,23.86027717590332,536200
2000-03-15,36.75,39.5,36.6875,38.75,25.37456703186035,832300
2000-03-16,39.625,41.875,39.5625,41.375,27.09347915649414,1168300
2000-03-17,40.5,42.9375,40.375,40.9375,26.80698585510254,1010300
2000-03-20,41.0,41.25,39.3125,39.3125,25.742897033691406,542200
2000-03-21,39.25,42.625,38.625,42.25,27.666452407836914,511800
2000-03-22,42.0,44.34375,42.0,42.0625,27.543664932250977,529200
2000-03-23,41.75,44.0,41.5,44.0,28.812389373779297,673600
2000-03-24,43.75,44.0,42.0,42.5625,27.871095657348633,579300
2000-03-27,42.59375,42.6875,38.8125,39.4375,25.82474708557129,900300
2000-03-28,39.375,41.3125,38.875,39.75,26.02940559387207,796100
2000-03-29,39.6875,40.875,38.875,39.515625,25.875904083251953,876000
2000-03-30,39.5625,41.0625,38.3125,38.3125,25.08807945251465,1151400
2000-03-31,38.875,43.0,38.625,41.625,27.257186889648438,1414100
2000-04-03,44.109375,44.25,38.5625,40.0,26.193103790283203,3809900
2000-04-04,41.5,43.75,40.75,41.625,27.257186889648438,2188000
2000-04-05,41.0625,41.6875,40.953125,41.125,26.929780960083008,668100
2000-04-06,41.5625,42.8125,41.375,42.5,27.83016014099121,1571600
2000-04-07,42.5,42.625,40.25,40.625,26.602367401123047,848400
2000-04-10,40.625,42.875,40.5625,42.375,27.74831199645996,1062400
2000-04-11,42.0625,46.0,42.0,45.125,29.549089431762695,993300
2000-04-12,45.125,49.25,45.0,45.625,29.87650489807129,1448900
2000-04-13,46.5,48.25,45.75,47.5,31.10430335998535,2637700
2000-04-14,47.375,47.4375,45.125,45.1875,29.590007781982422,1453900
2000-04-17,45.0,45.0625,43.5625,44.9375,29.426292419433594,1156300
2000-04-18,45.0,45.125,42.25,43.6875,28.60777473449707,485300
2000-04-19,43.8125,43.8125,39.875,40.875,26.766077041625977,588900
2000-04-20,41.125,43.25,40.75,43.0,28.1575870513916,1204700
2000-04-24,42.6875,44.875,41.4375,43.5,28.484987258911133,373600
2000-04-25,43.6875,46.5,43.5,44.625,29.22166633605957,235200
2000-04-26,45.0,45.0,42.375,42.9375,28.116661071777344,309900
2000-04-27,42.375,42.5,40.875,41.4375,27.134410858154297,308400
2000-04-28,41.875,42.25,40.75,41.5,27.175338745117188,224700
2000-05-01,41.4375,42.4375,41.125,41.75,27.339046478271484,325500
2000-05-02,41.875,43.0,41.125,42.9375,28.116661071777344,605100
2000-05-03,42.875,43.0,40.5,40.6875,26.643287658691406,336100
2000-05-04,40.875,41.875,39.4375,40.625,26.602367401123047,533600
2000-05-05,40.4375,41.0,40.0,40.75,26.684213638305664,331300
2000-05-08,40.4375,42.25,40.0,42.0,27.502763748168945,664400
2000-05-09,42.1875,43.375,41.3125,42.0,27.502763748168945,553000
2000-05-10,41.5,41.75,39.0625,39.9375,26.15218162536621,312300
2000-05-11,40.1875,42.0,40.125,41.25,27.19411277770996,654400
2000-05-12,41.0625,42.375,40.5625,41.875,27.606142044067383,347700
2000-05-15,42.125,42.625,41.75,42.375,27.93577766418457,415200
2000-05-16,43.0,43.0625,41.6875,41.9375,27.647348403930664,252800
2000-05-17,41.6875,41.8125,40.5,41.3125,27.23532485961914,255600
2000-05-18,40.875,42.25,40.8125,41.375,27.276521682739258,230300
2000-05-19,40.875,42.0,40.75,41.40625,27.29713249206543,433000
2000-05-22,41.6875,42.5625,40.6875,42.375,27.93577766418457,197400
2000-05-23,41.9375,43.75,41.75,43.0,28.347816467285156,504000
2000-05-24,42.96875,44.4375,42.8125,44.0,29.00704574584961,498100
2000-05-25,43.9375,44.375,42.75,43.875,28.92464828491211,430500
2000-05-26,43.8125,45.75,43.75,44.9375,29.62509536743164,536600
2000-05-30,45.375,47.0,45.0,46.796875,30.85090446472168,590700
2000-05-31,46.1875,47.5625,45.5,46.625,30.737598419189453,646500
2000-06-01,46.5625,48.5625,46.25,47.4375,31.27323341369629,389300
2000-06-02,48.21875,49.5625,47.875,48.3125,31.85008430480957,330000
2000-06-05,48.625,48.625,46.25,47.75,31.479238510131836,266700
2000-06-06,47.65625,47.65625,45.75,46.375,30.572790145874023,413700
2000-06-07,46.0,47.125,45.625,46.875,30.90241241455078,287500
2000-06-08,46.8125,46.8125,44.9375,45.125,29.748714447021484,98300
2000-06-09,45.125,46.125,45.125,45.25,29.831113815307617,122100
2000-06-12,45.25,46.3125,44.9375,46.1875,30.44917869567871,173800
2000-06-13,45.71875,46.296875,45.5,46.0,30.325571060180664,181200
2000-06-14,46.375,46.4375,45.3125,45.4375,29.954734802246094,139200
2000-06-15,45.6875,46.1875,44.25,46.0625,30.366769790649414,648400
2000-06-16,46.53125,46.59375,44.1875,45.0,29.666297912597656,1581400
2000-06-19,45.0,48.5625,44.875,47.125,31.067216873168945,459600
2000-06-20,47.4375,48.6875,46.5625,48.625,32.056087493896484,540600
2000-06-21,48.1875,48.25,46.9375,47.5625,31.35563850402832,365300
2000-06-22,47.40625,48.0,47.125,47.4375,31.27323341369629,375700
2000-06-23,47.625,47.875,47.3125,47.6875,31.438032150268555,147300
2000-06-26,47.5,47.75,47.25,47.625,31.396835327148438,893500
2000-06-27,47.71875,47.75,47.375,47.5,31.314437866210938,359100
2000-06-28,47.625,47.625,47.1875,47.375,31.232046127319336,280200
2000-06-29,47.46875,47.5,46.25,46.3125,30.53158950805664,374800
2000-06-30,46.59375,46.625,45.625,45.890625,30.253461837768555,653100
2000-07-03,46.0,47.5,45.875,47.5,31.314437866210938,200700
2000-07-05,47.5,47.875,46.5625,47.0625,31.02600860595703,671300
2000-07-06,47.09375,47.125,44.125,46.75,30.81998634338379,673700
2000-07-07,46.53125,48.0,46.5,47.375,31.232046127319336,765600
2000-07-10,47.4375,47.8125,46.8125,47.375,31.232046127319336,132300
2000-07-11,47.0,48.375,47.0,47.3125,31.19082260131836,218100
2000-07-12,47.34375,48.25,46.6875,46.6875,30.7788028717041,262000
2000-07-13,47.0625,47.625,46.3125,47.625,31.396835327148438,328700
2000-07-14,47.3125,47.875,47.0,47.75,31.479238510131836,205900
2000-07-17,47.875,47.875,45.6875,45.875,30.243160247802734,481700
2000-07-18,45.875,46.0,45.1875,46.0,30.325571060180664,387500
2000-07-19,46.03125,46.0625,45.3125,45.4375,29.954734802246094,181200
2000-07-20,45.4375,47.125,45.4375,46.5625,30.696382522583008,392100
2000-07-21,46.1875,46.5,45.3125,46.1875,30.44917869567871,132300
2000-07-24,46.1875,46.25,45.25,45.6875,30.119543075561523,67700
2000-07-25,45.5,45.875,45.1875,45.5,29.995939254760742,81800
2000-07-26,45.53125,45.5625,43.625,44.0,29.00704574584961,136900
2000-07-27,44.125,45.375,43.9375,44.5,29.336673736572266,135200
2000-07-28,44.4375,44.625,43.75,43.875,28.92464828491211,145300
2000-07-31,44.125,44.375,43.5,43.75,28.84224510192871,232200
2000-08-01,43.90625,43.9375,43.203125,43.5625,28.718624114990234,342600
2000-08-02,43.6875,45.875,43.6875,44.9375,29.62509536743164,335100
2000-08-03,44.75,46.375,44.5,45.75,30.16073989868164,471400
2000-08-04,46.0,47.5,45.875,46.4375,30.613969802856445,454800
2000-08-07,46.46875,46.5,45.0,45.5,29.995939254760742,343300
2000-08-08,45.625,45.625,44.6875,45.25,29.831113815307617,236900
2000-08-09,45.15625,45.15625,43.6875,44.0,29.00704574584961,406400
2000-08-10,44.375,45.5,44.375,44.875,29.718990325927734,635400
2000-08-11,44.71875,45.25,44.5,45.09375,29.86385726928711,364600
2000-08-14,44.875,45.0,43.9375,44.4375,29.429248809814453,368900
2000-08-15,44.4375,44.5,43.9375,44.0,29.139493942260742,483900
2000-08-16,44.125,44.25,43.0,43.25,28.642810821533203,350300
2000-08-17,43.25,44.125,43.1875,43.875,29.056724548339844,248600
2000-08-18,43.78125,43.78125,43.375,43.4375,28.76698112487793,106700
2000-08-21,43.40625,43.40625,42.1875,42.375,28.063337326049805,190200
2000-08-22,42.59375,43.0625,42.25,42.5625,28.18751335144043,680600
2000-08-23,42.5,42.5625,40.625,41.0625,27.194120407104492,1212200
2000-08-24,41.21875,42.625,41.21875,42.5625,28.18751335144043,552000
2000-08-25,42.5,43.125,42.3125,42.75,28.311683654785156,401600
2000-08-28,42.84375,42.9375,42.375,42.375,28.063337326049805,206000
2000-08-29,42.5625,42.8125,42.0,42.25,27.98055076599121,343900
2000-08-30,42.0625,43.25,42.0625,43.125,28.560033798217773,338800
2000-08-31,43.0625,44.75,43.0,44.75,29.63620948791504,362600
2000-09-01,44.71875,44.8125,43.375,43.6875,28.932554244995117,298200
2000-09-05,43.875,44.125,43.375,43.625,28.891159057617188,400500
2000-09-06,43.4375,44.25,43.125,43.75,28.973947525024414,355800
2000-09-07,44.3125,45.5625,43.75,45.4375,30.091510772705078,702300
2000-09-08,45.0625,46.375,44.875,45.75,30.2984676361084,903900
2000-09-11,45.5625,46.5625,45.5,46.25,30.62959861755371,690800
2000-09-12,46.34375,46.5625,45.8125,46.125,30.54681396484375,292800
2000-09-13,46.0,47.0,45.625,46.0,30.464040756225586,985800
2000-09-14,46.1875,46.8125,45.6875,45.75,30.2984676361084,779400
2000-09-15,45.8125,46.1875,45.625,46.0,30.464040756225586,919900
2000-09-18,45.9375,46.25,44.5,44.75,29.63620948791504,500900
2000-09-19,44.90625,45.5625,44.875,45.0,29.8017635345459,471100
2000-09-20,45.5625,46.0625,44.6875,44.875,29.718990325927734,644100
2000-09-21,45.0,45.1875,44.0,44.25,29.305078506469727,193700
2000-09-22,43.96875,44.8125,43.375,44.8125,29.67760467529297,314100
2000-09-25,44.9375,47.0,44.75,45.875,30.381261825561523,900200
2000-09-26,45.75,47.3125,45.75,47.171875,31.2401123046875,543500
2000-09-27,47.3125,49.5,46.6875,49.4375,32.74054718017578,744300
2000-09-28,49.375,52.25,49.125,51.75,34.27205276489258,1814000
2000-09-29,51.125,51.625,50.0,51.140625,33.868465423583984,711100
2000-10-02,51.28125,52.375,50.9375,51.375,34.023704528808594,465100
2000-10-03,51.125,53.0,51.0,52.9375,35.058475494384766,682600
2000-10-04,52.8125,53.0,52.0,53.0,35.09986114501953,627500
2000-10-05,52.9375,53.5,52.75,53.3125,35.30681228637695,774800
2000-10-06,53.4375,53.5,51.1875,53.125,35.182655334472656,878500
2000-10-09,53.25,53.25,51.375,52.6875,34.89290237426758,460100
2000-10-10,52.609375,52.625,50.875,51.4375,34.06507110595703,570500
2000-10-11,51.0,51.296875,46.5,48.375,32.03690719604492,704900
2000-10-12,48.1875,48.5,45.4375,46.8125,31.002113342285156,618800
2000-10-13,46.625,50.375,46.3125,49.5625,32.82334518432617,463800
2000-10-16,49.375,51.0625,49.125,50.75,33.60977554321289,304700
2000-10-17,50.78125,51.25,49.9375,50.625,33.5269889831543,669700
2000-10-18,48.3125,50.5,47.515625,48.875,32.368038177490234,605200
2000-10-19,49.75,50.5625,49.5625,49.9375,33.07167434692383,284200
2000-10-20,49.65625,51.0,49.625,50.5625,33.485595703125,992600
2000-10-23,50.5625,50.875,50.375,50.5625,33.485595703125,481500
2000-10-24,50.75,52.5,50.6875,52.0,34.43759536743164,450100
2000-10-25,51.4375,53.6875,51.4375,52.3125,34.64456558227539,557900
2000-10-26,52.3125,53.875,50.625,53.5,35.43100357055664,481900
2000-10-27,53.5625,54.9375,53.4375,54.5625,36.1346549987793,753300
2000-10-30,54.296875,56.9375,54.25,56.6875,37.54194259643555,616700
2000-10-31,56.625,57.6875,55.875,57.4375,38.03865432739258,900000
2000-11-01,57.515625,57.5625,54.5,56.0625,37.12803649902344,373700
2000-11-02,56.125,57.375,56.0,57.0,37.748924255371094,335500
2000-11-03,56.75,57.5,56.0625,57.4375,38.03865432739258,334100
2000-11-06,57.5,58.25,56.390625,57.875,38.32837677001953,360900
2000-11-07,57.65625,58.0,56.671875,57.375,37.997249603271484,342300
2000-11-08,57.25,58.0,56.375,57.75,38.245609283447266,536800
2000-11-09,57.4375,58.5625,56.875,56.875,37.666133880615234,472200
2000-11-10,57.109375,57.4375,55.875,56.0,37.0866584777832,433400
2000-11-13,55.9375,55.9375,53.25,55.0625,36.596473693847656,567800
2000-11-14,54.96875,55.9375,54.25,54.375,36.139549255371094,272100
2000-11-15,54.3125,54.5,52.375,54.0,35.89030456542969,415600
2000-11-16,53.40625,54.0,52.625,53.1875,35.35028839111328,230300
2000-11-17,53.875,53.9375,51.875,52.9375,35.18413543701172,284100
2000-11-20,52.984375,53.0625,50.25,52.0,34.561038970947266,456100
2000-11-21,51.734375,54.5625,51.375,53.875,35.80723190307617,475000
2000-11-22,53.5625,53.625,52.625,53.3125,35.43336486816406,349200
2000-11-24,53.3125,53.75,53.0,53.25,35.39183044433594,79500
2000-11-27,54.0,54.875,53.6875,54.0,35.89030456542969,216500
2000-11-28,52.375,54.0,52.375,53.6875,35.682594299316406,570400
2000-11-29,53.875,55.625,53.375,55.5,36.887271881103516,401900
2000-11-30,55.53125,56.3125,53.375,54.625,36.305702209472656,726800
2000-12-01,54.5625,55.75,54.5,55.625,36.97034454345703,405300
2000-12-04,55.40625,55.5625,53.6875,55.125,36.638023376464844,277300
2000-12-05,55.8125,60.0,55.3125,58.4375,38.83962631225586,592400
2000-12-06,58.4375,60.0,57.125,57.6875,38.34114456176758,539600
2000-12-07,58.0,59.4375,57.9375,59.109375,39.28617477416992,453600
2000-12-08,59.0,61.0,59.0,60.75,40.376590728759766,493200
2000-12-11,60.0625,62.875,59.375,62.75,41.70585632324219,741200
2000-12-12,62.5625,62.625,60.0625,60.0625,39.91965103149414,465800
2000-12-13,60.28125,60.625,58.6875,59.5,39.54579544067383,366600
2000-12-14,58.875,59.1875,57.25,58.15625,38.6526985168457,448300
2000-12-15,56.5,57.5,55.8125,57.0,37.88422775268555,1019300
2000-12-18,57.25,58.5,57.0,58.375,38.79808807373047,1185700
2000-12-19,58.25,58.5,56.5625,57.125,37.96729278564453,582000
2000-12-20,56.6875,57.375,56.375,57.1875,38.00882339477539,444000
2000-12-21,56.71875,59.125,56.6875,58.25,38.71500015258789,455400
2000-12-22,58.21875,62.25,58.21875,61.75,41.041221618652344,1029700
2000-12-26,61.1875,61.6875,60.4375,61.5,40.87507629394531,126200
2000-12-27,61.0625,61.625,60.5,61.625,40.958160400390625,157900
2000-12-28,61.46875,62.5,61.4375,62.0625,41.248939514160156,381300
2000-12-29,61.625,62.5,61.25,62.4375,41.498165130615234,553600
2001-01-02,61.78125,62.0,59.25,59.9375,39.83658218383789,428000
2001-01-03,59.4375,62.0,58.625,61.9375,41.16584777832031,494100
2001-01-04,61.6875,64.0,60.0,60.6875,40.33506393432617,747400
2001-01-05,60.75,60.875,58.0,60.0,39.87809371948242,1019700
2001-01-08,59.65625,60.125,59.0,60.125,39.9611930847168,433200
2001-01-09,60.0,60.375,58.8125,59.5,39.54579544067383,581000
2001-01-10,59.375,61.0,59.0625,60.75,40.376590728759766,404700
2001-01-11,60.625,60.875,59.6875,60.375,40.12735366821289,486900
2001-01-12,60.40625,60.5,58.625,58.6875,39.00577926635742,554500
2001-01-16,58.4375,60.625,58.375,60.375,40.12735366821289,696600
2001-01-17,60.546875,61.0,59.609375,59.609375,39.618492126464844,603900
2001-01-18,59.9375,60.0,58.125,58.625,38.9642448425293,251800
2001-01-19,59.0625,59.0625,57.1875,57.75,38.38269805908203,293500
2001-01-22,57.75,58.75,57.6875,58.6875,39.00577926635742,379800
2001-01-23,58.6875,59.5,58.5625,59.125,39.29655838012695,264500
2001-01-24,59.375,59.75,58.75,58.8125,39.088863372802734,187100
2001-01-25,58.0,58.8125,56.75,57.1875,38.00882339477539,881700
2001-01-26,57.34375,57.375,56.5625,57.0,37.88422775268555,823200
2001-01-29,56.96875,58.0625,56.625,56.75,37.71806335449219,487300
2001-01-30,56.9375,57.125,55.375,56.0625,37.2611083984375,466200
2001-01-31,56.0,56.375,55.125,55.875,37.13650131225586,408600
2001-02-01,55.875,56.125,55.4375,56.0,37.219581604003906,246700
2001-02-02,55.8125,57.0,55.5625,56.0,37.219581604003906,188000
2001-02-05,56.0625,56.75,55.625,56.5,37.55189514160156,171300
2001-02-06,56.75,56.75,55.5,56.1875,37.34419250488281,343600
2001-02-07,56.0,56.875,55.875,56.6875,37.6765022277832,240800
2001-02-08,56.6875,57.1875,56.125,56.875,37.80112838745117,179300
2001-02-09,56.875,57.875,56.75,57.4375,38.17498779296875,205600
2001-02-12,57.34375,58.5,57.25,58.3125,38.891971588134766,291600
2001-02-13,58.25,58.625,58.0625,58.3125,38.891971588134766,209400
2001-02-14,58.125,59.125,58.0625,58.6875,39.1420783996582,276000
2001-02-15,58.625,58.625,57.875,58.0625,38.725223541259766,386400
2001-02-16,57.625,57.75,56.875,57.125,38.09995651245117,345200
2001-02-20,57.015625,57.125,56.0,56.8125,37.89154052734375,225400
2001-02-21,56.625,56.8125,55.125,55.375,36.932796478271484,479800
2001-02-22,55.375,55.75,53.515625,55.109375,36.755619049072266,229500
2001-02-23,54.875,55.3125,53.875,55.125,36.76605224609375,246600
2001-02-26,55.125,56.8125,55.125,56.5,37.68310546875,480600
2001-02-27,56.5625,57.75,56.3125,57.0,38.016605377197266,312200
2001-02-28,57.25,57.75,56.390625,57.4375,38.30838394165039,359900
2001-03-01,57.3125,57.8125,56.3125,57.5625,38.391754150390625,286700
2001-03-02,57.5625,59.5625,57.4375,58.5,39.01703643798828,483200
2001-03-05,58.6875,59.25,57.375,58.0,38.68354797363281,299200
2001-03-06,58.015625,58.75,57.0625,57.4375,38.30838394165039,163600
2001-03-07,57.625,57.625,56.6875,57.125,38.09995651245117,257400
2001-03-08,57.0,57.125,55.4375,56.375,37.5997314453125,338000
2001-03-09,56.375,56.9375,55.375,55.375,36.932796478271484,197700
2001-03-12,55.4375,55.5625,53.75,54.0,36.015708923339844,260600
2001-03-13,53.75,54.8125,53.4375,54.75,36.51593780517578,477600
2001-03-14,53.75,54.0,52.6875,52.875,35.26538848876953,442300
2001-03-15,53.6875,54.0,52.9375,53.1875,35.473812103271484,446800
2001-03-16,52.5625,53.0625,51.25,51.4375,34.30663299560547,821100
2001-03-19,51.4375,51.875,50.375,51.6875,34.47336959838867,411500
2001-03-20,51.609375,53.1875,51.25,51.25,34.18158721923828,431000
2001-03-21,50.8125,50.875,48.5,48.75,32.514190673828125,417300
2001-03-22,48.6875,49.25,45.75,46.9375,31.305316925048828,663000
2001-03-23,47.25,50.625,47.25,49.25,32.84767150878906,473200
2001-03-26,49.7400016784668,51.560001373291016,49.7400016784668,51.20000076293945,34.14822769165039,707900
2001-03-27,51.220001220703125,53.150001525878906,51.029998779296875,53.0,35.34874725341797,428300
2001-03-28,52.529998779296875,52.540000915527344,51.959999084472656,52.2599983215332,34.85520553588867,419100
2001-03-29,51.70000076293945,52.470001220703125,51.70000076293945,51.790000915527344,34.54173278808594,338300
2001-03-30,51.79999923706055,52.900001525878906,51.70000076293945,52.09000015258789,34.741817474365234,689200
2001-04-02,52.099998474121094,52.689998626708984,52.0,52.029998779296875,34.70180130004883,710000
2001-04-03,52.0,52.04999923706055,50.630001068115234,51.9900016784668,34.67512893676758,740100
2001-04-04,52.02000045776367,52.189998626708984,50.2599983215332,50.41999816894531,33.62799835205078,854500
2001-04-05,50.54999923706055,52.099998474121094,50.529998779296875,51.9900016784668,34.67512893676758,271200
2001-04-06,51.599998474121094,52.5,50.79999923706055,51.08000183105469,34.06820297241211,337200
2001-04-09,51.189998626708984,51.93000030517578,51.04999923706055,51.349998474121094,34.24827575683594,152500
2001-04-10,51.470001220703125,52.29999923706055,51.20000076293945,52.189998626708984,34.80853271484375,625300
2001-04-11,52.099998474121094,53.75,52.099998474121094,53.029998779296875,35.368751525878906,556100
2001-04-12,53.0099983215332,53.20000076293945,52.279998779296875,53.20000076293945,35.48216247558594,161400
2001-04-16,53.20000076293945,53.29999923706055,51.75,52.29999923706055,34.88188552856445,129300
2001-04-17,52.290000915527344,52.29999923706055,51.75,52.040000915527344,34.70846939086914,396200
2001-04-18,52.29999923706055,54.0,52.279998779296875,53.290000915527344,35.54216384887695,316600
2001-04-19,53.220001220703125,55.310001373291016,52.869998931884766,55.25,36.849422454833984,577900
2001-04-20,55.220001220703125,55.29999923706055,54.34000015258789,54.349998474121094,36.24913787841797,512400
2001-04-23,53.939998626708984,54.45000076293945,52.349998474121094,52.540000915527344,35.04194641113281,423000
2001-04-24,52.5,53.54999923706055,52.4900016784668,53.0099983215332,35.35541534423828,212500
2001-04-25,52.91999816894531,53.060001373291016,51.70000076293945,52.86000061035156,35.25537109375,299000
2001-04-26,52.83000183105469,53.040000915527344,52.63999938964844,52.689998626708984,35.14198684692383,181900
2001-04-27,52.61000061035156,53.54999923706055,52.61000061035156,53.310001373291016,35.555511474609375,377400
2001-04-30,53.36000061035156,54.099998474121094,53.150001525878906,53.290000915527344,35.54216384887695,598600
2001-05-01,53.40999984741211,53.88999938964844,53.13999938964844,53.439998626708984,35.64221954345703,464700
2001-05-02,53.43000030517578,54.31999969482422,53.43000030517578,54.27000045776367,36.19579315185547,333200
2001-05-03,54.29999923706055,54.29999923706055,53.900001525878906,53.959999084472656,35.98902893066406,247500
2001-05-04,53.79999923706055,55.0,53.79999923706055,54.75,36.51593780517578,410700
2001-05-07,54.90999984741211,55.029998779296875,54.36000061035156,54.40999984741211,36.28916931152344,249900
2001-05-08,54.470001220703125,54.5,53.95000076293945,54.060001373291016,36.05573272705078,270200
2001-05-09,54.04999923706055,54.06999969482422,53.70000076293945,54.0,36.015708923339844,189800
2001-05-10,54.029998779296875,54.279998779296875,53.810001373291016,54.25,36.18246078491211,207600
2001-05-11,54.25,54.29999923706055,53.709999084472656,53.779998779296875,35.868980407714844,183200
2001-05-14,53.83000183105469,56.75,53.47999954223633,53.630001068115234,35.9024658203125,339500
2001-05-15,53.619998931884766,53.79999923706055,53.400001525878906,53.7400016784668,35.97608947753906,547200
2001-05-16,53.58000183105469,55.130001068115234,53.54999923706055,55.0,36.81959915161133,730000
2001-05-17,55.0,55.04999923706055,54.54999923706055,54.79999923706055,36.68570327758789,481300
2001-05-18,54.9900016784668,55.0,54.20000076293945,54.59000015258789,36.54512405395508,428200
2001-05-21,54.7599983215332,54.79999923706055,54.099998474121094,54.18000030517578,36.27065658569336,361500
2001-05-22,54.18000030517578,54.54999923706055,53.93000030517578,54.2599983215332,36.32421875,698300
2001-05-23,54.25,54.349998474121094,53.79999923706055,53.90999984741211,36.08989334106445,829300
2001-05-24,54.029998779296875,54.13999938964844,53.65999984741211,53.83000183105469,36.03635787963867,367600
2001-05-25,53.689998626708984,53.86000061035156,53.470001220703125,53.79999923706055,36.01625442504883,354600
2001-05-29,53.650001525878906,53.650001525878906,53.38999938964844,53.47999954223633,35.802032470703125,291700
2001-05-30,53.5099983215332,54.349998474121094,53.29999923706055,53.29999923706055,35.6815185546875,478900
2001-05-31,53.5,54.150001525878906,53.41999816894531,54.13999938964844,36.243873596191406,226700
2001-06-01,54.13999938964844,55.099998474121094,53.939998626708984,54.869998931884766,36.732574462890625,288500
2001-06-04,54.900001525878906,55.70000076293945,54.86000061035156,55.54999923706055,37.18779754638672,296400
2001-06-05,55.56999969482422,56.59000015258789,55.56999969482422,56.310001373291016,37.69657516479492,745900
2001-06-06,56.439998626708984,56.599998474121094,56.0099983215332,56.54999923706055,37.85724639892578,540100
2001-06-07,56.5099983215332,56.75,56.279998779296875,56.63999938964844,37.91748809814453,707500
2001-06-08,56.630001068115234,56.68000030517578,56.099998474121094,56.5,37.823768615722656,511500
2001-06-11,56.45000076293945,56.45000076293945,56.0,56.2400016784668,37.649723052978516,294700
2001-06-12,56.189998626708984,56.400001525878906,55.70000076293945,56.400001525878906,37.756839752197266,265400
2001-06-13,56.279998779296875,57.08000183105469,56.220001220703125,56.54999923706055,37.85724639892578,229500
2001-06-14,56.560001373291016,56.880001068115234,55.88999938964844,55.88999938964844,37.41541290283203,423200
2001-06-15,56.29999923706055,56.459999084472656,55.63999938964844,56.36000061035156,37.730037689208984,606000
2001-06-18,56.279998779296875,56.4900016784668,55.900001525878906,55.900001525878906,37.42211151123047,406900
2001-06-19,56.0,56.5,55.9900016784668,56.349998474121094,37.723358154296875,720500
2001-06-20,59.25,59.2599983215332,57.95000076293945,58.59000015258789,39.222904205322266,2880200
2001-06-21,58.650001525878906,59.54999923706055,58.529998779296875,59.540000915527344,39.858917236328125,1888400
2001-06-22,58.400001525878906,58.40999984741211,56.119998931884766,57.54999923706055,38.52667999267578,21736400
2001-06-25,57.470001220703125,57.95000076293945,56.869998931884766,57.66999816894531,38.607017517089844,1565200
2001-06-26,57.650001525878906,58.02000045776367,57.33000183105469,57.869998931884766,38.74092102050781,1126200
2001-06-27,57.75,58.790000915527344,57.5,58.06999969482422,38.87479019165039,606500
2001-06-28,58.11000061035156,58.970001220703125,58.04999923706055,58.790000915527344,39.35680389404297,505100
2001-06-29,58.88999938964844,59.0,57.79999923706055,59.0,39.49739456176758,729900
2001-07-02,58.220001220703125,59.060001373291016,58.220001220703125,59.0099983215332,39.50407791137695,377200
2001-07-03,58.90999984741211,59.25,58.79999923706055,59.08000183105469,39.550933837890625,232500
2001-07-05,59.04999923706055,59.06999969482422,58.209999084472656,58.439998626708984,39.12248992919922,296700
2001-07-06,58.34000015258789,58.400001525878906,57.599998474121094,57.630001068115234,38.58023452758789,382800
2001-07-09,57.7400016784668,57.849998474121094,57.04999923706055,57.560001373291016,38.533382415771484,338000
2001-07-10,57.54999923706055,57.70000076293945,56.650001525878906,56.79999923706055,38.02462387084961,813900
2001-07-11,56.79999923706055,57.099998474121094,56.18000030517578,57.0,38.15849685668945,334000
2001-07-12,57.0099983215332,57.77000045776367,56.68000030517578,57.529998779296875,38.51329040527344,373100
2001-07-13,57.47999954223633,58.900001525878906,57.47999954223633,58.380001068115234,39.08233642578125,391100
2001-07-16,58.439998626708984,58.5,57.66999816894531,57.84000015258789,38.72083282470703,242600
2001-07-17,57.79999923706055,58.97999954223633,57.5,58.709999084472656,39.303253173828125,219900
2001-07-18,58.599998474121094,59.0,57.91999816894531,59.0,39.49739456176758,162300
2001-07-19,59.0,59.13999938964844,58.119998931884766,59.06999969482422,39.54426193237305,298000
2001-07-20,58.650001525878906,58.88999938964844,58.2599983215332,58.77000045776367,39.34342956542969,246700
2001-07-23,58.40999984741211,59.20000076293945,58.20000076293945,58.310001373291016,39.035457611083984,241800
2001-07-24,58.279998779296875,58.88999938964844,57.79999923706055,58.369998931884766,39.07563781738281,481200
2001-07-25,58.400001525878906,58.560001373291016,58.0099983215332,58.439998626708984,39.12248992919922,222300
2001-07-26,58.439998626708984,58.540000915527344,57.90999984741211,58.400001525878906,39.095733642578125,215300
2001-07-27,58.400001525878906,58.66999816894531,58.119998931884766,58.4900016784668,39.15597152709961,367700
2001-07-30,58.380001068115234,58.4900016784668,58.0,58.43000030517578,39.115806579589844,402400
2001-07-31,58.43000030517578,58.70000076293945,57.90999984741211,58.45000076293945,39.12920379638672,341300
2001-08-01,58.400001525878906,58.45000076293945,57.349998474121094,57.63999938964844,38.58692932128906,791300
2001-08-02,57.75,58.34000015258789,57.63999938964844,57.869998931884766,38.74092102050781,423100
2001-08-03,57.9900016784668,58.36000061035156,57.95000076293945,58.36000061035156,39.068939208984375,342700
2001-08-06,58.400001525878906,58.529998779296875,57.95000076293945,58.25,38.99530792236328,290500
2001-08-07,58.130001068115234,59.0,58.040000915527344,58.560001373291016,39.202823638916016,221900
2001-08-08,58.599998474121094,58.9900016784668,57.880001068115234,58.040000915527344,38.85472106933594,196900
2001-08-09,57.959999084472656,58.38999938964844,57.54999923706055,58.150001525878906,38.92835235595703,344200
2001-08-10,58.099998474121094,58.880001068115234,58.06999969482422,58.5099983215332,39.16936111450195,319900
2001-08-13,58.2599983215332,58.45000076293945,57.91999816894531,58.08000183105469,39.01486587524414,418100
2001-08-14,58.04999923706055,58.5,58.04999923706055,58.5,39.2969970703125,406300
2001-08-15,58.40999984741211,58.9900016784668,58.33000183105469,58.650001525878906,39.39775848388672,297400
2001-08-16,58.66999816894531,59.38999938964844,58.540000915527344,59.060001373291016,39.67316436767578,491900
2001-08-17,59.2599983215332,59.720001220703125,59.08000183105469,59.5,39.9687385559082,400000
2001-08-20,59.45000076293945,59.869998931884766,59.040000915527344,59.56999969482422,40.015750885009766,303000
2001-08-21,59.58000183105469,60.040000915527344,59.150001525878906,59.369998931884766,39.88141632080078,485400
2001-08-22,59.59000015258789,59.77000045776367,59.16999816894531,59.7599983215332,40.14338302612305,316600
2001-08-23,59.4900016784668,59.88999938964844,59.4900016784668,59.75,40.136661529541016,243200
2001-08-24,59.689998626708984,59.70000076293945,58.27000045776367,58.619998931884766,39.377601623535156,275100
2001-08-27,58.83000183105469,58.849998474121094,57.31999969482422,57.70000076293945,38.75960922241211,640700
2001-08-28,57.720001220703125,58.099998474121094,57.36000061035156,57.4900016784668,38.61852264404297,903500
2001-08-29,57.529998779296875,57.529998779296875,56.68000030517578,57.040000915527344,38.316246032714844,926300
2001-08-30,57.029998779296875,57.56999969482422,56.849998474121094,57.36000061035156,38.53120422363281,606800
2001-08-31,57.4900016784668,57.849998474121094,57.0099983215332,57.2599983215332,38.46401596069336,399500
2001-09-04,57.45000076293945,57.959999084472656,56.63999938964844,56.81999969482422,38.168453216552734,251000
2001-09-05,56.720001220703125,56.72999954223633,55.77000045776367,56.290000915527344,37.812435150146484,449300
2001-09-06,56.29999923706055,56.45000076293945,55.130001068115234,55.38999938964844,37.20785140991211,207200
2001-09-07,55.349998474121094,55.900001525878906,54.70000076293945,54.959999084472656,36.91902160644531,336500
2001-09-10,54.959999084472656,55.06999969482422,53.86000061035156,54.040000915527344,36.30101013183594,407300
2001-09-17,54.060001373291016,54.150001525878906,51.939998626708984,53.79999923706055,36.13978576660156,1250000
2001-09-18,53.779998779296875,54.099998474121094,52.79999923706055,53.849998474121094,36.17338562011719,530600
2001-09-19,53.86000061035156,54.47999954223633,52.2599983215332,53.25,35.77033233642578,937300
2001-09-20,53.09000015258789,53.130001068115234,51.29999923706055,52.779998779296875,35.45461654663086,767200
2001-09-21,50.630001068115234,54.380001068115234,50.22999954223633,51.619998931884766,34.675392150878906,1474400
2001-09-24,51.84000015258789,53.18000030517578,51.650001525878906,51.84000015258789,34.82319259643555,700300
2001-09-25,51.97999954223633,52.68000030517578,51.790000915527344,52.2400016784668,35.09186553955078,802700
2001-09-26,52.099998474121094,52.7599983215332,50.97999954223633,52.20000076293945,35.064998626708984,861600
2001-09-27,52.119998931884766,54.150001525878906,52.099998474121094,54.0,36.27415466308594,659200
2001-09-28,54.0,54.0,53.04999923706055,53.65999984741211,36.04574966430664,1217800
2001-10-01,53.599998474121094,53.61000061035156,52.15999984741211,52.54999923706055,35.30010986328125,768300
2001-10-02,52.540000915527344,52.59000015258789,51.56999969482422,52.54999923706055,35.30010986328125,613300
2001-10-03,52.5,52.54999923706055,49.459999084472656,49.619998931884766,33.331912994384766,1761200
2001-10-04,49.709999084472656,50.0,48.65999984741211,49.11000061035156,32.98931121826172,977000
2001-10-05,49.099998474121094,49.150001525878906,45.52000045776367,45.93000030517578,30.853174209594727,1346200
2001-10-08,46.13999938964844,46.150001525878906,43.90999984741211,43.91999816894531,29.50298309326172,1225800
2001-10-09,44.11000061035156,44.970001220703125,43.849998474121094,44.400001525878906,29.825422286987305,1218100
2001-10-10,44.4900016784668,45.38999938964844,43.88999938964844,44.36000061035156,29.798540115356445,673500
2001-10-11,44.25,45.20000076293945,44.040000915527344,44.4900016784668,29.8858642578125,818800
2001-10-12,44.40999984741211,44.45000076293945,43.150001525878906,43.7599983215332,29.395490646362305,365900
2001-10-15,43.75,44.02000045776367,42.36000061035156,43.61000061035156,29.29474449157715,806600
2001-10-16,43.900001525878906,46.220001220703125,43.869998931884766,44.779998779296875,30.080684661865234,834700
2001-10-17,45.150001525878906,45.63999938964844,44.099998474121094,44.400001525878906,29.825422286987305,570600
2001-10-18,44.38999938964844,44.40999984741211,42.29999923706055,42.45000076293945,28.5155029296875,665800
2001-10-19,42.75,43.91999816894531,42.72999954223633,43.79999923706055,29.422359466552734,1225500
2001-10-22,44.04999923706055,44.900001525878906,43.91999816894531,44.880001068115234,30.147836685180664,848500
2001-10-23,44.93000030517578,45.88999938964844,44.72999954223633,45.59000015258789,30.624801635742188,643800
2001-10-24,45.54999923706055,46.849998474121094,45.540000915527344,46.25,31.068132400512695,880500
2001-10-25,46.150001525878906,48.02000045776367,45.880001068115234,47.61000061035156,31.981698989868164,1042900
2001-10-26,47.83000183105469,48.65999984741211,47.540000915527344,48.45000076293945,32.54596710205078,554600
2001-10-29,48.45000076293945,48.470001220703125,47.150001525878906,48.31999969482422,32.4586296081543,969400
2001-10-30,48.2400016784668,48.75,47.58000183105469,48.099998474121094,32.31085968017578,912300
2001-10-31,47.95000076293945,48.650001525878906,47.560001373291016,47.91999816894531,32.18994140625,577300
2001-11-01,47.91999816894531,48.599998474121094,47.2599983215332,48.5099983215332,32.58628463745117,295900
2001-11-02,48.5099983215332,48.52000045776367,47.650001525878906,48.040000915527344,32.27055740356445,594300
2001-11-05,48.349998474121094,49.349998474121094,48.11000061035156,49.0099983215332,32.92212677001953,747000
2001-11-06,48.779998779296875,49.779998779296875,48.41999816894531,49.34000015258789,33.14381790161133,727700
2001-11-07,49.33000183105469,50.459999084472656,49.22999954223633,49.7400016784668,33.41251754760742,354300
2001-11-08,49.84000015258789,50.0,49.04999923706055,49.16999816894531,33.02961349487305,580900
2001-11-09,49.150001525878906,49.54999923706055,48.34000015258789,48.7400016784668,32.874488830566406,508900
2001-11-12,48.68000030517578,48.849998474121094,47.31999969482422,48.22999954223633,32.5305061340332,319800
2001-11-13,48.349998474121094,48.59000015258789,47.41999816894531,48.099998474121094,32.44283676147461,845700
2001-11-14,48.189998626708984,48.650001525878906,47.959999084472656,48.16999816894531,32.49003219604492,351600
2001-11-15,48.13999938964844,48.790000915527344,47.790000915527344,47.84000015258789,32.26747131347656,231600
2001-11-16,47.459999084472656,47.849998474121094,47.04999923706055,47.25,31.869516372680664,260800
2001-11-19,47.29999923706055,48.29999923706055,47.20000076293945,47.349998474121094,31.93695831298828,324700
2001-11-20,47.349998474121094,47.5,47.0,47.150001525878906,31.80206298828125,308800
2001-11-21,47.130001068115234,47.209999084472656,46.470001220703125,46.84000015258789,31.592967987060547,197500
2001-11-23,46.91999816894531,47.470001220703125,46.790000915527344,47.36000061035156,31.94369125366211,119600
2001-11-26,47.29999923706055,48.34000015258789,47.0,48.04999923706055,32.409080505371094,548800
2001-11-27,48.04999923706055,48.47999954223633,47.599998474121094,47.91999816894531,32.321414947509766,676100
2001-11-28,47.970001220703125,48.0,47.349998474121094,47.83000183105469,32.26070022583008,482300
2001-11-29,47.83000183105469,48.54999923706055,47.58000183105469,48.5099983215332,32.719356536865234,334800
2001-11-30,48.400001525878906,49.0,48.27000045776367,48.279998779296875,32.564239501953125,596200
2001-12-03,48.27000045776367,48.52000045776367,47.900001525878906,48.0,32.3753662109375,625900
2001-12-04,48.130001068115234,49.040000915527344,48.0099983215332,48.91999816894531,32.99589538574219,378300
2001-12-05,49.5,51.060001373291016,49.380001068115234,50.529998779296875,34.08181381225586,794900
2001-12-06,50.54999923706055,51.47999954223633,50.41999816894531,51.400001525878906,34.66862106323242,510500
2001-12-07,51.349998474121094,51.459999084472656,51.0,51.33000183105469,34.621429443359375,425000
2001-12-10,51.150001525878906,51.2599983215332,50.790000915527344,51.06999969482422,34.44603729248047,427400
2001-12-11,51.27000045776367,51.540000915527344,51.0099983215332,51.25,34.567447662353516,378100
2001-12-12,51.29999923706055,51.630001068115234,51.0099983215332,51.54999923706055,34.76979446411133,418700
2001-12-13,51.20000076293945,51.2599983215332,50.77000045776367,51.13999938964844,34.49326705932617,335700
2001-12-14,51.189998626708984,51.290000915527344,50.630001068115234,50.91999816894531,34.344871520996094,438500
2001-12-17,50.75,51.150001525878906,50.650001525878906,50.88999938964844,34.32463836669922,632100
2001-12-18,50.95000076293945,51.95000076293945,50.93000030517578,51.86000061035156,34.978912353515625,282400
2001-12-19,51.650001525878906,52.130001068115234,51.349998474121094,52.08000183105469,35.12729263305664,270700
2001-12-20,51.91999816894531,52.2599983215332,51.33000183105469,52.25,35.24195098876953,237400
2001-12-21,52.18000030517578,53.56999969482422,51.290000915527344,53.5099983215332,36.09180450439453,1400700
2001-12-24,53.2599983215332,53.38999938964844,52.880001068115234,53.13999938964844,35.84223937988281,218200
2001-12-26,53.06999969482422,53.369998931884766,52.95000076293945,53.279998779296875,35.93667221069336,368900
2001-12-27,53.369998931884766,53.380001068115234,52.060001373291016,52.470001220703125,35.39033126831055,312400
2001-12-28,52.45000076293945,52.84000015258789,52.06999969482422,52.689998626708984,35.5387077331543,236500
2001-12-31,52.650001525878906,52.959999084472656,52.31999969482422,52.58000183105469,35.46453094482422,291500
2002-01-02,52.56999969482422,52.83000183105469,51.099998474121094,51.58000183105469,34.7900390625,509100
2002-01-03,51.689998626708984,52.529998779296875,51.689998626708984,52.43000030517578,35.36334991455078,398300
2002-01-04,52.56999969482422,52.91999816894531,52.380001068115234,52.869998931884766,35.660125732421875,237200
2002-01-07,52.88999938964844,53.209999084472656,52.599998474121094,52.84000015258789,35.639888763427734,657900
2002-01-08,52.70000076293945,52.900001525878906,52.34000015258789,52.75,35.57917022705078,530100
2002-01-09,52.83000183105469,53.150001525878906,52.18000030517578,52.5099983215332,35.41730499267578,507900
2002-01-10,52.34000015258789,52.849998474121094,52.08000183105469,52.439998626708984,35.37010192871094,561200
2002-01-11,52.45000076293945,52.599998474121094,51.84000015258789,51.849998474121094,34.972145080566406,303800
2002-01-14,51.79999923706055,51.900001525878906,51.20000076293945,51.22999954223633,34.55396270751953,253500
2002-01-15,51.20000076293945,51.95000076293945,51.20000076293945,51.720001220703125,34.884483337402344,383600
2002-01-16,51.68000030517578,52.61000061035156,50.900001525878906,51.75,34.90469741821289,405000
2002-01-17,51.7599983215332,52.400001525878906,51.619998931884766,51.95000076293945,35.03958511352539,223700
2002-01-18,51.68000030517578,52.220001220703125,51.369998931884766,51.709999084472656,34.877716064453125,306400
2002-01-22,51.83000183105469,51.900001525878906,51.4900016784668,51.52000045776367,34.74956130981445,263800
2002-01-23,51.5099983215332,51.900001525878906,51.33000183105469,51.790000915527344,34.93167495727539,246800
2002-01-24,51.880001068115234,52.16999816894531,51.130001068115234,51.220001220703125,34.54722595214844,340300
2002-01-25,51.15999984741211,51.25,50.33000183105469,51.119998931884766,34.47975540161133,827900
2002-01-28,51.11000061035156,51.11000061035156,50.13999938964844,50.400001525878906,33.99415588378906,649500
2002-01-29,50.439998626708984,50.630001068115234,48.650001525878906,48.959999084472656,33.02287673950195,1041800
2002-01-30,48.93000030517578,49.72999954223633,48.31999969482422,49.459999084472656,33.36012268066406,759600
2002-01-31,49.349998474121094,50.400001525878906,49.33000183105469,50.34000015258789,33.95368957519531,575000
2002-02-01,50.290000915527344,50.599998474121094,49.97999954223633,50.369998931884766,33.97391128540039,542100
2002-02-04,50.310001373291016,50.380001068115234,49.63999938964844,49.880001068115234,33.64341354370117,758000
2002-02-05,49.88999938964844,50.63999938964844,49.5099983215332,50.130001068115234,33.812034606933594,666800
2002-02-06,50.11000061035156,51.040000915527344,49.75,50.97999954223633,34.38534927368164,1031800
2002-02-07,50.90999984741211,52.15999984741211,50.400001525878906,51.880001068115234,34.99238204956055,904600
2002-02-08,51.869998931884766,52.220001220703125,51.099998474121094,52.04999923706055,35.10704803466797,642000
2002-02-11,51.970001220703125,52.45000076293945,51.540000915527344,52.439998626708984,35.50653839111328,418000
2002-02-12,52.20000076293945,52.45000076293945,52.0,52.20000076293945,35.344017028808594,219900
2002-02-13,52.290000915527344,53.04999923706055,52.11000061035156,52.88999938964844,35.81120681762695,277100
2002-02-14,52.79999923706055,53.66999816894531,52.650001525878906,53.66999816894531,36.339359283447266,217600
2002-02-15,53.47999954223633,53.61000061035156,53.08000183105469,53.470001220703125,36.20392990112305,289800
2002-02-19,53.52000045776367,53.529998779296875,52.369998931884766,52.689998626708984,35.6757926940918,391200
2002-02-20,52.65999984741211,53.09000015258789,52.209999084472656,52.9900016784668,35.8789176940918,226800
2002-02-21,52.79999923706055,53.540000915527344,52.720001220703125,53.369998931884766,36.1362190246582,384600
2002-02-22,53.209999084472656,53.22999954223633,52.709999084472656,53.02000045776367,35.89924621582031,670800
2002-02-25,52.970001220703125,53.779998779296875,52.810001373291016,53.11000061035156,35.96017074584961,985000
2002-02-26,52.83000183105469,53.33000183105469,52.70000076293945,52.84000015258789,35.77735900878906,666000
2002-02-27,52.900001525878906,53.29999923706055,52.63999938964844,52.9900016784668,35.8789176940918,1286500
2002-02-28,53.02000045776367,53.119998931884766,52.79999923706055,52.849998474121094,35.78412628173828,654700
2002-03-01,52.93000030517578,53.15999984741211,52.83000183105469,52.91999816894531,35.83152770996094,535900
2002-03-04,53.02000045776367,53.88999938964844,52.93000030517578,53.72999954223633,36.37997055053711,774000
2002-03-05,53.470001220703125,54.20000076293945,53.04999923706055,53.060001373291016,35.92633819580078,1208900
2002-03-06,53.20000076293945,54.2599983215332,53.040000915527344,53.68000030517578,36.34610366821289,525100
2002-03-07,53.599998474121094,54.349998474121094,53.43000030517578,53.58000183105469,36.27842330932617,519200
2002-03-08,53.540000915527344,54.099998474121094,53.41999816894531,53.70000076293945,36.35966110229492,355900
2002-03-11,53.75,54.130001068115234,53.560001373291016,53.849998474121094,36.46122360229492,958400
2002-03-12,53.720001220703125,54.56999969482422,53.45000076293945,54.06999969482422,36.610172271728516,522200
2002-03-13,54.11000061035156,54.31999969482422,53.65999984741211,53.91999816894531,36.508602142333984,736000
2002-03-14,53.970001220703125,54.27000045776367,53.66999816894531,53.97999954223633,36.54922866821289,329300
2002-03-15,56.0099983215332,56.0099983215332,54.54999923706055,54.95000076293945,37.206016540527344,568400
2002-03-18,54.91999816894531,55.95000076293945,54.779998779296875,55.779998779296875,37.76802062988281,705700
2002-03-19,55.709999084472656,56.150001525878906,55.65999984741211,56.060001373291016,37.95759201049805,364500
2002-03-20,55.95000076293945,56.220001220703125,55.15999984741211,55.58000183105469,37.63258361816406,799600
2002-03-21,55.61000061035156,55.619998931884766,54.439998626708984,55.0099983215332,37.24663162231445,277900
2002-03-22,55.0,55.58000183105469,54.72999954223633,55.04999923706055,37.27372360229492,319400
2002-03-25,55.09000015258789,56.0,55.09000015258789,55.65999984741211,37.68675231933594,1662200
2002-03-26,55.849998474121094,57.47999954223633,55.61000061035156,57.439998626708984,38.891971588134766,1102500
2002-03-27,57.349998474121094,59.29999923706055,57.349998474121094,59.20000076293945,40.08365249633789,1849100
2002-03-28,59.0,59.459999084472656,58.52000045776367,59.27000045776367,40.13105010986328,1773400
2002-04-01,59.130001068115234,59.15999984741211,58.22999954223633,59.11000061035156,40.02271270751953,985100
2002-04-02,59.04999923706055,59.650001525878906,58.77000045776367,58.939998626708984,39.90761184692383,1081200
2002-04-03,58.900001525878906,58.95000076293945,57.779998779296875,57.93000030517578,39.22376251220703,565800
2002-04-04,58.0099983215332,58.33000183105469,56.59000015258789,57.150001525878906,38.69561767578125,893800
2002-04-05,57.13999938964844,58.040000915527344,57.11000061035156,57.33000183105469,38.817501068115234,487600
2002-04-08,57.36000061035156,57.95000076293945,56.869998931884766,57.810001373291016,39.142486572265625,526100
2002-04-09,57.65999984741211,58.70000076293945,57.33000183105469,58.349998474121094,39.50812530517578,386500
2002-04-10,58.45000076293945,58.93000030517578,57.90999984741211,58.33000183105469,39.49457550048828,649400
2002-04-11,58.2599983215332,58.33000183105469,57.310001373291016,57.65999984741211,39.04094696044922,409800
2002-04-12,57.70000076293945,58.650001525878906,57.5,58.5099983215332,39.616451263427734,358100
2002-04-15,58.45000076293945,58.90999984741211,58.0099983215332,58.7400016784668,39.77218246459961,376600
2002-04-16,58.81999969482422,59.150001525878906,58.400001525878906,59.0099983215332,39.95498275756836,279100
2002-04-17,58.88999938964844,59.29999923706055,58.7599983215332,59.09000015258789,40.00917434692383,512800
2002-04-18,58.95000076293945,59.459999084472656,58.20000076293945,59.400001525878906,40.21907043457031,432900
2002-04-19,57.5,57.56999969482422,56.06999969482422,56.08000183105469,37.97112274169922,2874200
2002-04-22,55.849998474121094,55.90999984741211,54.29999923706055,54.599998474121094,36.969032287597656,1489100
2002-04-23,54.599998474121094,54.869998931884766,54.119998931884766,54.31999969482422,36.779449462890625,680000
2002-04-24,54.459999084472656,54.900001525878906,54.220001220703125,54.2400016784668,36.72528076171875,593200
2002-04-25,54.220001220703125,54.540000915527344,53.900001525878906,54.33000183105469,36.78622055053711,1227000
2002-04-26,54.45000076293945,55.060001373291016,53.720001220703125,53.720001220703125,36.373191833496094,514000
2002-04-29,53.970001220703125,53.9900016784668,53.22999954223633,53.5,36.2242317199707,505400
2002-04-30,53.4900016784668,54.38999938964844,53.25,54.08000183105469,36.6169548034668,639100
2002-05-01,54.470001220703125,54.470001220703125,53.689998626708984,54.279998779296875,36.75236892700195,768800
2002-05-02,54.099998474121094,55.91999816894531,54.09000015258789,55.70000076293945,37.71385955810547,952400
2002-05-03,55.61000061035156,56.040000915527344,55.400001525878906,55.75,37.74769592285156,929200
2002-05-06,55.75,56.630001068115234,55.5,55.65999984741211,37.68675231933594,534200
2002-05-07,56.0099983215332,56.45000076293945,55.52000045776367,56.02000045776367,37.93050003051758,372800
2002-05-08,56.06999969482422,56.209999084472656,55.27000045776367,55.86000061035156,37.82219314575195,598500
2002-05-09,55.650001525878906,55.880001068115234,55.0,55.09000015258789,37.300819396972656,592400
2002-05-10,55.150001525878906,55.58000183105469,54.59000015258789,54.75,37.07061004638672,519900
2002-05-13,54.70000076293945,55.70000076293945,54.70000076293945,55.40999984741211,37.655033111572266,398500
2002-05-14,55.540000915527344,56.470001220703125,55.5099983215332,56.2400016784668,38.21907424926758,465900
2002-05-15,56.119998931884766,57.099998474121094,56.060001373291016,56.59000015258789,38.45691680908203,1219500
2002-05-16,56.63999938964844,56.939998626708984,56.0099983215332,56.36000061035156,38.300636291503906,213200
2002-05-17,56.540000915527344,57.18000030517578,55.95000076293945,56.529998779296875,38.41614532470703,333300
2002-05-20,56.29999923706055,56.349998474121094,55.779998779296875,55.90999984741211,37.99483108520508,235700
2002-05-21,56.08000183105469,57.0,56.0,56.31999969482422,38.273441314697266,328500
2002-05-22,56.400001525878906,57.0,56.0,56.70000076293945,38.53168869018555,604800
2002-05-23,56.959999084472656,57.380001068115234,56.88999938964844,57.2400016784668,38.898651123046875,652300
2002-05-24,57.0099983215332,57.470001220703125,56.560001373291016,56.61000061035156,38.47050857543945,754100
2002-05-28,56.75,56.79999923706055,55.97999954223633,56.02000045776367,38.06956481933594,464300
2002-05-29,56.040000915527344,56.52000045776367,55.16999816894531,55.58000183105469,37.77055740356445,832900
2002-05-30,55.599998474121094,55.61000061035156,54.83000183105469,55.33000183105469,37.60066604614258,639500
2002-05-31,55.22999954223633,55.7599983215332,54.84000015258789,55.06999969482422,37.42398452758789,503800
2002-06-03,55.209999084472656,55.27000045776367,54.36000061035156,54.36000061035156,36.94149398803711,376300
2002-06-04,54.529998779296875,54.599998474121094,53.29999923706055,53.650001525878906,36.45899200439453,848000
2002-06-05,53.66999816894531,54.25,53.54999923706055,53.84000015258789,36.58808517456055,333700
2002-06-06,53.79999923706055,54.2400016784668,53.33000183105469,53.380001068115234,36.27552032470703,334400
2002-06-07,53.25,53.75,53.25,53.599998474121094,36.42500686645508,226900
2002-06-10,53.59000015258789,53.65999984741211,52.41999816894531,53.25,36.187156677246094,655200
2002-06-11,53.209999084472656,54.08000183105469,52.45000076293945,52.5099983215332,35.68427276611328,359100
2002-06-12,52.599998474121094,52.81999969482422,51.66999816894531,52.27000045776367,35.52116775512695,494600
2002-06-13,52.15999984741211,52.290000915527344,51.58000183105469,51.63999938964844,35.09305191040039,243900
2002-06-14,51.540000915527344,52.02000045776367,50.66999816894531,51.849998474121094,35.23575973510742,467700
2002-06-17,52.029998779296875,54.31999969482422,51.75,54.279998779296875,36.88711929321289,574300
2002-06-18,54.099998474121094,54.2599983215332,53.75,54.0,36.69684982299805,240700
2002-06-19,53.970001220703125,54.27000045776367,53.45000076293945,53.689998626708984,36.486167907714844,274100
2002-06-20,53.58000183105469,53.63999938964844,52.439998626708984,52.709999084472656,35.82019805908203,314600
2002-06-21,51.880001068115234,53.029998779296875,51.880001068115234,52.779998779296875,35.867759704589844,579400
2002-06-24,52.59000015258789,52.650001525878906,51.130001068115234,52.06999969482422,35.38526916503906,523100
2002-06-25,52.209999084472656,52.400001525878906,50.93000030517578,51.0099983215332,34.66492462158203,801000
2002-06-26,50.900001525878906,50.900001525878906,49.540000915527344,50.310001373291016,34.18921661376953,923600
2002-06-27,50.04999923706055,51.4900016784668,50.04999923706055,51.369998931884766,34.90956497192383,1288400
2002-06-28,51.5,52.54999923706055,51.45000076293945,52.099998474121094,35.40564727783203,796100
2002-07-01,52.119998931884766,52.75,51.61000061035156,51.93000030517578,35.29013442993164,809800
2002-07-02,51.900001525878906,52.349998474121094,51.119998931884766,51.31999969482422,34.875579833984375,500500
2002-07-03,51.02000045776367,51.11000061035156,49.709999084472656,50.31999969482422,34.1960334777832,624000
2002-07-05,50.40999984741211,52.43000030517578,50.40999984741211,52.310001373291016,35.54835891723633,337000
2002-07-08,52.2599983215332,52.5,51.709999084472656,51.810001373291016,35.20857620239258,392500
2002-07-09,51.790000915527344,52.61000061035156,50.790000915527344,50.790000915527344,34.51542282104492,465100
2002-07-10,50.95000076293945,51.08000183105469,49.349998474121094,49.84000015258789,33.869834899902344,449200
2002-07-11,49.75,50.369998931884766,48.83000183105469,49.869998931884766,33.890201568603516,675400
2002-07-12,50.040000915527344,50.619998931884766,48.72999954223633,49.459999084472656,33.61159133911133,513900
2002-07-15,49.2400016784668,49.349998474121094,46.900001525878906,48.810001373291016,33.16986083984375,849500
2002-07-16,48.79999923706055,50.5,48.2400016784668,48.9900016784668,33.29219055175781,593100
2002-07-17,49.13999938964844,50.13999938964844,47.97999954223633,48.380001068115234,32.87765121459961,323300
2002-07-18,48.2599983215332,48.7400016784668,46.279998779296875,46.540000915527344,31.62726402282715,799500
2002-07-19,46.04999923706055,46.88999938964844,45.029998779296875,45.959999084472656,31.233083724975586,758400
2002-07-22,45.7599983215332,46.5099983215332,44.599998474121094,44.810001373291016,30.451581954956055,823100
2002-07-23,44.939998626708984,45.29999923706055,43.20000076293945,44.029998779296875,29.921504974365234,781600
2002-07-24,43.79999923706055,45.900001525878906,42.900001525878906,45.869998931884766,31.171918869018555,1143700
2002-07-25,45.650001525878906,46.650001525878906,44.5099983215332,46.54999923706055,31.63402557373047,816100
2002-07-26,46.59000015258789,47.41999816894531,45.599998474121094,47.40999984741211,32.218467712402344,402500
2002-07-29,47.439998626708984,50.400001525878906,47.40999984741211,50.400001525878906,34.25040054321289,499200
2002-07-30,50.02000045776367,50.20000076293945,48.41999816894531,49.22999954223633,33.45528030395508,592200
2002-07-31,49.349998474121094,50.529998779296875,48.849998474121094,50.5099983215332,34.32514190673828,570100
2002-08-01,50.43000030517578,50.43000030517578,49.20000076293945,49.790000915527344,33.83584213256836,352200
2002-08-02,49.63999938964844,49.88999938964844,48.189998626708984,48.86000061035156,33.20382308959961,422800
2002-08-05,48.939998626708984,49.09000015258789,47.25,47.619998931884766,32.361183166503906,627000
2002-08-06,47.66999816894531,50.34000015258789,47.66999816894531,48.9900016784668,33.29219055175781,762900
2002-08-07,49.06999969482422,49.95000076293945,48.779998779296875,49.849998474121094,33.876625061035156,453800
2002-08-08,49.900001525878906,52.029998779296875,49.650001525878906,51.779998779296875,35.18819046020508,666300
2002-08-09,51.84000015258789,52.380001068115234,51.0,52.13999938964844,35.43283462524414,515400
2002-08-12,51.88999938964844,52.439998626708984,51.380001068115234,52.310001373291016,35.68525314331055,611000
2002-08-13,52.0,52.529998779296875,51.279998779296875,51.529998779296875,35.153141021728516,590400
2002-08-14,51.279998779296875,53.25,50.65999984741211,53.02000045776367,36.16961669921875,429800
2002-08-15,53.029998779296875,53.70000076293945,53.029998779296875,53.619998931884766,36.578887939453125,515400
2002-08-16,52.9900016784668,53.63999938964844,52.52000045776367,53.34000015258789,36.38789749145508,394800
2002-08-19,53.29999923706055,54.02000045776367,53.22999954223633,54.02000045776367,36.85178756713867,178100
2002-08-20,53.560001373291016,53.58000183105469,52.77000045776367,53.2400016784668,36.31968688964844,375800
2002-08-21,53.11000061035156,54.25,52.779998779296875,53.900001525878906,36.769920349121094,445200
2002-08-22,53.95000076293945,54.540000915527344,53.54999923706055,54.310001373291016,37.049625396728516,396700
2002-08-23,54.380001068115234,54.38999938964844,53.20000076293945,53.540000915527344,36.52434539794922,433600
2002-08-26,53.630001068115234,54.2400016784668,53.33000183105469,54.13999938964844,36.93364715576172,399200
2002-08-27,54.2599983215332,54.939998626708984,54.02000045776367,54.790000915527344,37.377071380615234,735300
2002-08-28,54.650001525878906,54.720001220703125,53.470001220703125,53.88999938964844,36.76310729980469,358600
2002-08-29,53.77000045776367,54.650001525878906,53.119998931884766,54.20000076293945,36.97457504272461,350400
2002-08-30,54.20000076293945,55.34000015258789,53.900001525878906,54.619998931884766,37.26110076904297,440700
2002-09-03,54.47999954223633,54.47999954223633,52.4900016784668,52.86000061035156,36.060447692871094,547200
2002-09-04,52.38999938964844,53.31999969482422,52.29999923706055,53.25,36.32648849487305,667000
2002-09-05,53.22999954223633,53.2400016784668,51.880001068115234,52.630001068115234,35.903541564941406,773100
2002-09-06,52.38999938964844,53.38999938964844,52.38999938964844,52.70000076293945,35.95128631591797,462800
2002-09-09,52.59000015258789,53.77000045776367,52.099998474121094,53.439998626708984,36.45612335205078,275400
2002-09-10,53.7599983215332,53.77000045776367,52.15999984741211,52.959999084472656,36.128665924072266,627000
2002-09-11,53.0,54.040000915527344,52.619998931884766,52.93000030517578,36.10820007324219,545900
2002-09-12,52.91999816894531,52.91999816894531,50.34000015258789,50.7400016784668,34.61421203613281,794600
2002-09-13,50.54999923706055,51.02000045776367,50.0099983215332,51.0,34.79157257080078,844600
2002-09-16,50.95000076293945,51.11000061035156,50.2599983215332,50.88999938964844,34.71652603149414,570200
2002-09-17,50.9900016784668,51.41999816894531,49.68000030517578,49.72999954223633,33.925201416015625,616000
2002-09-18,49.09000015258789,49.15999984741211,47.959999084472656,48.040000915527344,32.772308349609375,1025800
2002-09-19,47.95000076293945,47.959999084472656,46.31999969482422,46.34000015258789,31.612585067749023,961100
2002-09-20,47.16999816894531,47.20000076293945,45.54999923706055,45.720001220703125,31.18962860107422,1480100
2002-09-23,45.70000076293945,45.70000076293945,42.400001525878906,43.09000015258789,29.39548110961914,3402200
2002-09-24,42.29999923706055,43.650001525878906,42.29999923706055,42.779998779296875,29.183992385864258,1874300
2002-09-25,43.119998931884766,43.84000015258789,42.970001220703125,43.560001373291016,29.716093063354492,1649300
2002-09-26,43.599998474121094,44.91999816894531,43.45000076293945,44.540000915527344,30.3846492767334,1415200
2002-09-27,44.63999938964844,45.0,44.2400016784668,44.45000076293945,30.323253631591797,995900
2002-09-30,44.349998474121094,44.41999816894531,42.90999984741211,43.529998779296875,29.695629119873047,1170200
2002-10-01,43.689998626708984,44.369998931884766,43.04999923706055,44.099998474121094,30.084487915039062,1026400
2002-10-02,44.0099983215332,44.040000915527344,41.20000076293945,41.220001220703125,28.119775772094727,1241900
2002-10-03,41.220001220703125,41.220001220703125,36.630001068115234,38.20000076293945,26.059572219848633,3375800
2002-10-04,38.2599983215332,39.189998626708984,37.439998626708984,37.790000915527344,25.779882431030273,1899200
2002-10-07,36.9900016784668,37.5,34.13999938964844,34.45000076293945,23.501371383666992,2412900
2002-10-08,35.34000015258789,37.29999923706055,35.29999923706055,36.619998931884766,24.981721878051758,2339100
2002-10-09,36.349998474121094,36.5,35.029998779296875,35.060001373291016,23.917503356933594,1044300
2002-10-10,35.0,37.150001525878906,34.7599983215332,36.59000015258789,24.961246490478516,1055200
2002-10-11,37.25,38.58000183105469,37.25,37.72999954223633,25.738941192626953,974500
2002-10-14,37.4900016784668,38.43000030517578,37.02000045776367,37.65999984741211,25.69118881225586,837100
2002-10-15,39.709999084472656,40.099998474121094,38.900001525878906,39.0,26.605331420898438,1589400
2002-10-16,38.93000030517578,39.27000045776367,38.54999923706055,39.060001373291016,26.646257400512695,987900
2002-10-17,39.29999923706055,39.97999954223633,38.90999984741211,39.0099983215332,26.612138748168945,941000
2002-10-18,39.0099983215332,40.459999084472656,38.470001220703125,40.060001373291016,27.328441619873047,1504300
2002-10-21,40.220001220703125,41.0,39.5,40.5,27.628604888916016,770600
2002-10-22,40.29999923706055,40.36000061035156,39.209999084472656,39.439998626708984,26.905492782592773,555500
2002-10-23,39.560001373291016,39.70000076293945,38.81999969482422,39.380001068115234,26.86455726623535,731700
2002-10-24,38.54999923706055,39.790000915527344,38.470001220703125,38.84000015258789,26.496183395385742,770200
2002-10-25,38.65999984741211,39.88999938964844,38.45000076293945,39.86000061035156,27.192005157470703,461500
2002-10-28,40.25,40.7400016784668,39.630001068115234,39.83000183105469,27.171539306640625,510900
2002-10-29,39.470001220703125,39.84000015258789,39.16999816894531,39.63999938964844,27.04191780090332,592600
2002-10-30,39.52000045776367,40.72999954223633,39.5,40.20000076293945,27.423952102661133,672700
2002-10-31,40.18000030517578,41.060001373291016,40.0099983215332,40.209999084472656,27.430774688720703,572300
2002-11-01,40.119998931884766,42.709999084472656,40.11000061035156,42.70000076293945,29.129423141479492,1190700
2002-11-04,42.79999923706055,43.43000030517578,42.59000015258789,43.0099983215332,29.34090805053711,949500
2002-11-05,42.630001068115234,43.150001525878906,42.45000076293945,42.65999984741211,29.102136611938477,759100
2002-11-06,42.58000183105469,42.849998474121094,41.380001068115234,41.939998626708984,28.6109676361084,982300
2002-11-07,41.29999923706055,41.650001525878906,40.2400016784668,40.470001220703125,27.608142852783203,833100
2002-11-08,40.220001220703125,40.869998931884766,39.27000045776367,39.68000030517578,27.203643798828125,746100
2002-11-11,39.45000076293945,39.77000045776367,39.0099983215332,39.400001525878906,27.011682510375977,715500
2002-11-12,39.459999084472656,40.61000061035156,39.400001525878906,39.95000076293945,27.388761520385742,828700
2002-11-13,39.91999816894531,40.470001220703125,39.09000015258789,39.2599983215332,26.915714263916016,1010700
2002-11-14,39.56999969482422,40.33000183105469,39.54999923706055,40.31999969482422,27.64242172241211,811500
2002-11-15,40.04999923706055,40.099998474121094,39.04999923706055,39.77000045776367,27.26534652709961,646200
2002-11-18,39.900001525878906,40.099998474121094,38.54999923706055,38.709999084472656,26.538652420043945,608000
2002-11-19,38.849998474121094,39.0,38.04999923706055,38.2599983215332,26.23012924194336,606800
2002-11-20,38.11000061035156,39.77000045776367,38.099998474121094,39.70000076293945,27.217369079589844,1006900
2002-11-21,39.86000061035156,40.54999923706055,39.86000061035156,40.40999984741211,27.70412254333496,585800
2002-11-22,40.470001220703125,41.439998626708984,40.25,41.20000076293945,28.2457218170166,900400
2002-11-25,41.72999954223633,41.84000015258789,40.7599983215332,41.720001220703125,28.60221290588379,636100
2002-11-26,41.59000015258789,41.72999954223633,40.939998626708984,40.95000076293945,28.07432746887207,394600
2002-11-27,41.2400016784668,42.20000076293945,41.099998474121094,42.13999938964844,28.890161514282227,436900
2002-11-29,42.040000915527344,42.099998474121094,41.13999938964844,41.150001525878906,28.211441040039062,172500
2002-12-02,41.36000061035156,42.279998779296875,41.25,41.43000030517578,28.403409957885742,416100
2002-12-03,40.810001373291016,41.16999816894531,40.06999969482422,41.0,28.108610153198242,714700
2002-12-04,40.400001525878906,41.369998931884766,40.400001525878906,40.880001068115234,28.026344299316406,620200
2002-12-05,40.91999816894531,41.22999954223633,40.380001068115234,40.81999969482422,27.98520278930664,475700
2002-12-06,40.7400016784668,41.56999969482422,40.36000061035156,41.209999084472656,28.252580642700195,423700
2002-12-09,41.20000076293945,41.20000076293945,40.459999084472656,40.63999938964844,27.8618106842041,867600
2002-12-10,40.70000076293945,41.36000061035156,40.59000015258789,41.25,28.28000831604004,673100
2002-12-11,41.25,41.25,40.68000030517578,41.11000061035156,28.184024810791016,382300
2002-12-12,41.16999816894531,41.189998626708984,40.619998931884766,40.939998626708984,28.06747055053711,373300
2002-12-13,40.779998779296875,40.869998931884766,40.04999923706055,40.060001373291016,27.464174270629883,425300
2002-12-16,39.849998474121094,41.0,39.810001373291016,40.93000030517578,28.060630798339844,590700
2002-12-17,40.93000030517578,41.040000915527344,40.20000076293945,40.349998474121094,27.66297721862793,536300
2002-12-18,40.38999938964844,40.47999954223633,39.70000076293945,39.72999954223633,27.237937927246094,475900
2002-12-19,39.529998779296875,40.290000915527344,38.75,39.189998626708984,26.86772918701172,1118700
2002-12-20,39.209999084472656,39.77000045776367,38.75,39.650001525878906,27.18308448791504,927000
2002-12-23,39.369998931884766,40.25,39.369998931884766,40.209999084472656,27.5670108795166,467800
2002-12-24,39.880001068115234,40.18000030517578,39.83000183105469,39.959999084472656,27.395618438720703,233000
2002-12-26,39.52000045776367,40.689998626708984,39.5,40.06999969482422,27.471027374267578,375600
2002-12-27,39.95000076293945,40.25,39.08000183105469,39.09000015258789,26.79916763305664,348300
2002-12-30,39.34000015258789,39.65999984741211,38.97999954223633,39.43000030517578,27.032270431518555,431400
2002-12-31,39.4900016784668,39.61000061035156,38.650001525878906,39.34000015258789,26.970548629760742,564000
2003-01-02,39.45000076293945,40.65999984741211,39.310001373291016,40.63999938964844,27.8618106842041,794400
2003-01-03,40.650001525878906,40.65999984741211,40.04999923706055,40.27000045776367,27.608144760131836,602300
2003-01-06,40.27000045776367,41.5,40.27000045776367,41.38999938964844,28.375986099243164,684000
2003-01-07,41.349998474121094,41.81999969482422,41.0099983215332,41.59000015258789,28.513103485107422,560000
2003-01-08,41.529998779296875,42.220001220703125,41.349998474121094,42.029998779296875,28.814754486083984,950200
2003-01-09,42.040000915527344,42.959999084472656,42.0,42.790000915527344,29.335798263549805,656400
2003-01-10,42.70000076293945,42.939998626708984,42.279998779296875,42.70000076293945,29.274093627929688,447200
2003-01-13,42.84000015258789,43.150001525878906,42.45000076293945,42.880001068115234,29.397493362426758,344600
2003-01-14,42.810001373291016,43.0099983215332,42.459999084472656,43.0,29.479778289794922,281600
2003-01-15,42.810001373291016,43.0,42.0,42.09000015258789,28.855884552001953,626400
2003-01-16,42.09000015258789,42.189998626708984,41.810001373291016,42.189998626708984,28.9244441986084,707000
2003-01-17,42.11000061035156,42.65999984741211,42.0,42.529998779296875,29.15753936767578,554000
2003-01-21,42.529998779296875,42.900001525878906,42.470001220703125,42.52000045776367,29.150684356689453,601600
2003-01-22,42.33000183105469,42.4900016784668,41.900001525878906,42.0,28.794200897216797,673200
2003-01-23,42.04999923706055,42.5,41.97999954223633,42.470001220703125,29.116418838500977,539100
2003-01-24,42.5,43.13999938964844,41.95000076293945,42.04999923706055,28.828479766845703,868100
2003-01-27,42.0,42.060001373291016,40.79999923706055,40.869998931884766,28.01949691772461,597900
2003-01-28,41.45000076293945,41.84000015258789,41.15999984741211,41.77000045776367,28.636520385742188,602800
2003-01-29,41.70000076293945,42.369998931884766,41.040000915527344,42.130001068115234,28.883312225341797,410100
2003-01-30,42.2400016784668,42.2400016784668,40.66999816894531,40.79999923706055,27.97150230407715,522100
2003-01-31,40.7400016784668,41.56999969482422,40.5,41.41999816894531,28.396556854248047,554400
2003-02-03,41.349998474121094,41.959999084472656,41.29999923706055,41.939998626708984,28.75305938720703,456700
2003-02-04,41.900001525878906,41.900001525878906,40.7599983215332,40.939998626708984,28.06747055053711,564600
2003-02-05,40.88999938964844,41.869998931884766,40.869998931884766,41.060001373291016,28.149747848510742,750700
2003-02-06,41.0,41.150001525878906,40.31999969482422,40.75,27.937223434448242,620600
2003-02-07,40.7599983215332,41.470001220703125,40.08000183105469,40.18000030517578,27.546430587768555,427100
2003-02-10,40.0,40.59000015258789,39.97999954223633,40.47999954223633,27.897916793823242,525000
2003-02-11,41.04999923706055,41.310001373291016,40.11000061035156,40.220001220703125,27.718740463256836,835200
2003-02-12,40.2599983215332,40.7400016784668,39.880001068115234,39.939998626708984,27.52576446533203,477700
2003-02-13,39.959999084472656,40.290000915527344,39.34000015258789,40.11000061035156,27.64291763305664,627100
2003-02-14,40.150001525878906,40.91999816894531,40.04999923706055,40.79999923706055,28.118459701538086,575800
2003-02-18,40.86000061035156,41.95000076293945,40.7599983215332,41.540000915527344,28.62844467163086,459500
2003-02-19,41.54999923706055,42.0099983215332,41.45000076293945,41.959999084472656,28.917892456054688,608200
2003-02-20,41.86000061035156,42.0,41.560001373291016,41.709999084472656,28.74559783935547,385400
2003-02-21,41.900001525878906,42.900001525878906,41.27000045776367,42.7599983215332,29.469234466552734,631600
2003-02-24,42.709999084472656,42.7400016784668,41.810001373291016,41.939998626708984,28.90412712097168,519100
2003-02-25,41.91999816894531,42.349998474121094,41.279998779296875,42.34000015258789,29.17979621887207,432300
2003-02-26,42.290000915527344,42.36000061035156,41.72999954223633,42.029998779296875,28.96614646911621,527100
2003-02-27,42.09000015258789,42.849998474121094,41.849998474121094,42.470001220703125,29.269397735595703,563800
2003-02-28,42.52000045776367,43.56999969482422,42.47999954223633,42.7599983215332,29.469234466552734,538900
2003-03-03,42.83000183105469,43.599998474121094,42.529998779296875,42.540000915527344,29.317617416381836,527700
2003-03-04,42.349998474121094,42.900001525878906,41.900001525878906,41.90999984741211,28.883441925048828,516600
2003-03-05,41.900001525878906,42.459999084472656,41.599998474121094,42.369998931884766,29.200464248657227,574600
2003-03-06,42.310001373291016,42.45000076293945,41.900001525878906,41.90999984741211,28.883441925048828,359200
2003-03-07,41.79999923706055,42.650001525878906,40.88999938964844,42.54999923706055,29.324525833129883,488700
2003-03-10,42.650001525878906,42.650001525878906,41.13999938964844,41.439998626708984,28.559534072875977,417200
2003-03-11,41.4900016784668,41.72999954223633,40.68000030517578,40.93000030517578,28.20806121826172,587600
2003-03-12,40.900001525878906,41.08000183105469,39.790000915527344,40.59000015258789,27.973711013793945,645700
2003-03-13,41.0,42.09000015258789,40.869998931884766,42.08000183105469,29.00059700012207,540700
2003-03-14,42.11000061035156,42.31999969482422,41.54999923706055,42.06999969482422,28.993703842163086,446100
2003-03-17,42.0,42.95000076293945,41.70000076293945,42.77000045776367,29.476137161254883,696600
2003-03-18,42.75,42.93000030517578,42.029998779296875,42.439998626708984,29.24869155883789,394300
2003-03-19,42.380001068115234,43.310001373291016,42.380001068115234,43.29999923706055,29.841402053833008,292000
2003-03-20,43.72999954223633,44.040000915527344,42.77000045776367,43.65999984741211,30.089492797851562,650700
2003-03-21,44.779998779296875,44.779998779296875,43.63999938964844,44.459999084472656,30.640851974487305,539700
2003-03-24,43.349998474121094,43.970001220703125,42.97999954223633,43.15999984741211,29.744922637939453,371400
2003-03-25,43.16999816894531,43.79999923706055,43.02000045776367,43.58000183105469,30.034378051757812,357100
2003-03-26,43.9900016784668,43.9900016784668,43.119998931884766,43.5,29.97922706604004,566600
2003-03-27,43.400001525878906,43.40999984741211,42.310001373291016,43.279998779296875,29.827625274658203,455500
2003-03-28,42.91999816894531,43.5099983215332,42.81999969482422,43.5,29.97922706604004,399800
2003-03-31,43.16999816894531,43.20000076293945,42.41999816894531,42.779998779296875,29.4830322265625,565200
2003-04-01,42.65999984741211,43.15999984741211,42.25,43.13999938964844,29.731121063232422,632200
2003-04-02,43.5099983215332,44.0099983215332,43.34000015258789,43.63999938964844,30.07572364807129,506400
2003-04-03,43.709999084472656,43.83000183105469,42.70000076293945,42.7599983215332,29.469234466552734,816300
2003-04-04,42.75,43.2599983215332,42.72999954223633,42.95000076293945,29.600189208984375,525100
2003-04-07,43.790000915527344,44.54999923706055,42.650001525878906,42.7599983215332,29.469234466552734,643900
2003-04-08,42.779998779296875,43.0,42.5,42.93000030517578,29.586395263671875,396700
2003-04-09,42.9900016784668,43.40999984741211,42.470001220703125,42.47999954223633,29.276269912719727,451100
2003-04-10,42.470001220703125,43.400001525878906,42.470001220703125,43.22999954223633,29.79315757751465,504800
2003-04-11,43.2599983215332,43.869998931884766,43.18000030517578,43.290000915527344,29.834514617919922,440100
2003-04-14,43.459999084472656,44.400001525878906,43.45000076293945,44.369998931884766,30.578807830810547,546100
2003-04-15,44.40999984741211,45.04999923706055,44.130001068115234,45.040000915527344,31.040576934814453,521100
2003-04-16,45.06999969482422,45.150001525878906,44.25,44.52000045776367,30.682188034057617,673500
2003-04-17,44.13999938964844,45.349998474121094,44.04999923706055,45.2599983215332,31.192188262939453,637300
2003-04-21,46.459999084472656,48.2400016784668,46.11000061035156,47.5,32.73594284057617,2025600
2003-04-22,47.59000015258789,48.900001525878906,47.119998931884766,48.880001068115234,33.68702697753906,1200200
2003-04-23,48.7599983215332,49.04999923706055,48.459999084472656,48.849998474121094,33.66632843017578,720800
2003-04-24,48.54999923706055,48.709999084472656,47.63999938964844,48.4900016784668,33.41822814941406,614100
2003-04-25,48.54999923706055,48.54999923706055,47.66999816894531,48.02000045776367,33.094337463378906,561700
2003-04-28,48.0,49.0,48.0,48.880001068115234,33.68702697753906,520600
2003-04-29,49.130001068115234,49.599998474121094,48.630001068115234,48.810001373291016,33.638771057128906,864600
2003-04-30,48.63999938964844,49.439998626708984,48.290000915527344,49.2400016784668,33.935115814208984,916400
2003-05-01,49.099998474121094,49.20000076293945,48.27000045776367,49.029998779296875,33.79038619995117,470000
2003-05-02,49.02000045776367,50.08000183105469,48.880001068115234,49.939998626708984,34.41752624511719,445100
2003-05-05,50.029998779296875,50.13999938964844,49.150001525878906,49.439998626708984,34.072967529296875,342200
2003-05-06,49.630001068115234,49.68000030517578,48.970001220703125,49.36000061035156,34.0178108215332,656600
2003-05-07,49.29999923706055,49.79999923706055,48.81999969482422,49.099998474121094,33.83863067626953,849900
2003-05-08,49.0099983215332,49.0099983215332,48.470001220703125,48.52000045776367,33.43893051147461,544700
2003-05-09,48.5,49.16999816894531,48.470001220703125,49.0,33.769718170166016,299600
2003-05-12,48.7599983215332,49.540000915527344,48.380001068115234,49.16999816894531,34.03273010253906,319800
2003-05-13,49.15999984741211,49.84000015258789,49.099998474121094,49.68000030517578,34.38573455810547,463200
2003-05-14,49.75,49.79999923706055,48.90999984741211,48.9900016784668,33.908145904541016,544200
2003-05-15,49.150001525878906,49.599998474121094,49.060001373291016,49.4900016784668,34.25422286987305,332800
2003-05-16,49.52000045776367,49.630001068115234,48.900001525878906,49.52000045776367,34.27499008178711,407600
2003-05-19,49.279998779296875,49.43000030517578,47.939998626708984,48.47999954223633,33.555152893066406,492000
2003-05-20,48.20000076293945,48.79999923706055,48.099998474121094,48.380001068115234,33.48594665527344,451500
2003-05-21,48.43000030517578,48.81999969482422,48.15999984741211,48.79999923706055,33.776641845703125,439400
2003-05-22,48.900001525878906,49.5,48.599998474121094,48.83000183105469,33.797393798828125,682200
2003-05-23,48.779998779296875,48.900001525878906,48.619998931884766,48.68000030517578,33.69357681274414,357600
2003-05-27,48.599998474121094,49.41999816894531,48.33000183105469,49.29999923706055,34.12270736694336,430500
2003-05-28,49.61000061035156,49.88999938964844,49.439998626708984,49.56999969482422,34.30959701538086,408400
2003-05-29,49.689998626708984,49.88999938964844,49.5,49.709999084472656,34.406490325927734,414700
2003-05-30,49.7599983215332,51.11000061035156,49.70000076293945,51.04999923706055,35.333946228027344,572500
2003-06-02,51.029998779296875,51.04999923706055,50.20000076293945,50.2599983215332,34.78716278076172,969900
2003-06-03,50.400001525878906,51.34000015258789,50.349998474121094,50.88999938964844,35.22322463989258,323600
2003-06-04,50.869998931884766,52.650001525878906,50.869998931884766,52.439998626708984,36.29605484008789,598800
2003-06-05,52.43000030517578,52.900001525878906,52.08000183105469,52.81999969482422,36.559059143066406,368600
2003-06-06,53.310001373291016,53.880001068115234,52.459999084472656,52.619998931884766,36.42061996459961,516600
2003-06-09,52.13999938964844,52.599998474121094,51.5,51.61000061035156,35.72156524658203,297800
2003-06-10,51.90999984741211,52.25,51.65999984741211,52.15999984741211,36.102230072021484,258000
2003-06-11,51.84000015258789,52.84000015258789,51.7599983215332,52.779998779296875,36.53137969970703,285300
2003-06-12,52.90999984741211,53.369998931884766,52.33000183105469,53.02000045776367,36.6974983215332,266900
2003-06-13,52.970001220703125,53.099998474121094,52.18000030517578,52.59000015258789,36.39985656738281,246900
2003-06-16,52.66999816894531,53.38999938964844,52.5,53.369998931884766,36.939735412597656,326800
2003-06-17,53.34000015258789,53.5,52.61000061035156,53.20000076293945,36.82209014892578,295200
2003-06-18,53.20000076293945,53.279998779296875,52.63999938964844,53.0099983215332,36.690574645996094,266100
2003-06-19,52.90999984741211,52.9900016784668,51.310001373291016,51.470001220703125,35.62466812133789,456400
2003-06-20,51.88999938964844,51.95000076293945,51.11000061035156,51.70000076293945,35.78386688232422,492100
2003-06-23,51.45000076293945,51.790000915527344,50.68000030517578,51.02000045776367,35.313201904296875,394500
2003-06-24,51.040000915527344,51.43000030517578,50.61000061035156,50.849998474121094,35.1955451965332,309000
2003-06-25,50.810001373291016,51.16999816894531,50.36000061035156,50.36000061035156,34.85638427734375,326500
2003-06-26,50.40999984741211,51.689998626708984,50.220001220703125,51.25,35.472389221191406,565500
2003-06-27,51.4900016784668,51.540000915527344,50.470001220703125,50.619998931884766,35.036338806152344,365300
2003-06-30,50.599998474121094,51.349998474121094,50.43000030517578,50.599998474121094,35.02250289916992,381300
2003-07-01,50.470001220703125,51.27000045776367,49.88999938964844,51.20000076293945,35.43778610229492,316500
2003-07-02,51.2400016784668,52.11000061035156,51.119998931884766,51.939998626708984,35.94997787475586,408400
2003-07-03,51.880001068115234,52.380001068115234,51.63999938964844,51.880001068115234,35.90843200683594,206300
2003-07-07,51.900001525878906,53.0,51.900001525878906,52.7400016784668,36.50368881225586,241200
2003-07-08,52.619998931884766,53.0,52.2599983215332,52.9900016784668,36.67672348022461,302000
2003-07-09,52.900001525878906,53.0,51.9900016784668,52.279998779296875,36.1852912902832,584500
2003-07-10,52.0,52.08000183105469,51.45000076293945,51.790000915527344,35.84614181518555,278600
2003-07-11,51.939998626708984,52.70000076293945,51.7599983215332,52.130001068115234,36.08149337768555,233100
2003-07-14,52.439998626708984,53.06999969482422,52.209999084472656,52.63999938964844,36.434471130371094,364200
2003-07-15,52.83000183105469,52.83000183105469,51.43000030517578,51.45000076293945,35.610809326171875,511900
2003-07-16,51.45000076293945,51.970001220703125,51.25,51.95000076293945,35.956886291503906,489700
2003-07-17,51.81999969482422,51.81999969482422,51.150001525878906,51.599998474121094,35.71462631225586,315100
2003-07-18,53.130001068115234,54.439998626708984,53.060001373291016,54.400001525878906,37.65264129638672,1369400
2003-07-21,54.77000045776367,55.2400016784668,54.25,54.529998779296875,37.742610931396484,944000
2003-07-22,54.400001525878906,55.11000061035156,54.36000061035156,54.88999938964844,37.99179458618164,1143800
2003-07-23,54.70000076293945,55.189998626708984,54.2599983215332,54.86000061035156,37.97104263305664,460700
2003-07-24,54.75,55.959999084472656,54.709999084472656,55.5,38.41401672363281,516400
2003-07-25,55.880001068115234,57.2599983215332,55.779998779296875,57.16999816894531,39.569889068603516,1088000
2003-07-28,57.04999923706055,57.2400016784668,56.5099983215332,57.0099983215332,39.45913314819336,484700
2003-07-29,56.31999969482422,56.88999938964844,56.25,56.630001068115234,39.19612503051758,754400
2003-07-30,56.560001373291016,57.060001373291016,56.52000045776367,56.939998626708984,39.41069412231445,477000
2003-07-31,57.06999969482422,57.58000183105469,55.83000183105469,55.88999938964844,38.68393325805664,732100
2003-08-01,55.790000915527344,56.189998626708984,55.0,56.09000015258789,38.822364807128906,725800
2003-08-04,56.02000045776367,56.36000061035156,55.25,56.22999954223633,38.91927719116211,669600
2003-08-05,56.11000061035156,56.310001373291016,55.75,55.810001373291016,38.628570556640625,615000
2003-08-06,55.849998474121094,56.630001068115234,55.77000045776367,56.20000076293945,38.89850616455078,564400
2003-08-07,56.25,56.849998474121094,56.04999923706055,56.630001068115234,39.19612503051758,772400
2003-08-08,56.83000183105469,56.970001220703125,56.220001220703125,56.77000045776367,39.29301834106445,426900
2003-08-11,56.70000076293945,56.70000076293945,56.099998474121094,56.63999938964844,39.41130828857422,353400
2003-08-12,56.650001525878906,57.0,56.369998931884766,56.9900016784668,39.65485382080078,443200
2003-08-13,56.9900016784668,57.0099983215332,56.189998626708984,56.40999984741211,39.25126647949219,502100
2003-08-14,56.54999923706055,56.900001525878906,56.34000015258789,56.84000015258789,39.55048751831055,302100
2003-08-15,56.790000915527344,56.900001525878906,55.08000183105469,56.77000045776367,39.50177764892578,280100
2003-08-18,56.7400016784668,57.810001373291016,56.7400016784668,57.61000061035156,40.08625411987305,578700
2003-08-19,57.56999969482422,57.779998779296875,56.970001220703125,57.2599983215332,39.842716217041016,368400
2003-08-20,57.209999084472656,57.5,57.13999938964844,57.47999954223633,39.99580764770508,314500
2003-08-21,57.540000915527344,57.84000015258789,56.81999969482422,57.290000915527344,39.86360168457031,268300
2003-08-22,57.63999938964844,57.790000915527344,56.0099983215332,56.369998931884766,39.223445892333984,307000
2003-08-25,56.400001525878906,56.459999084472656,55.77000045776367,56.04999923706055,39.000770568847656,312700
2003-08-26,56.43000030517578,56.619998931884766,55.400001525878906,56.52000045776367,39.32781219482422,536200
2003-08-27,56.529998779296875,56.529998779296875,55.5099983215332,55.5099983215332,38.62502670288086,321200
2003-08-28,55.31999969482422,56.040000915527344,55.31999969482422,55.90999984741211,38.903377532958984,406200
2003-08-29,55.81999969482422,55.84000015258789,55.31999969482422,55.77000045776367,38.80594253540039,247500
2003-09-02,55.790000915527344,56.529998779296875,55.349998474121094,56.33000183105469,39.19560241699219,336000
2003-09-03,56.529998779296875,56.790000915527344,56.25,56.54999923706055,39.34870147705078,562600
2003-09-04,56.470001220703125,57.119998931884766,56.470001220703125,56.970001220703125,39.64093780517578,404000
2003-09-05,56.779998779296875,56.959999084472656,56.11000061035156,56.31999969482422,39.18865203857422,431600
2003-09-08,56.279998779296875,57.060001373291016,56.279998779296875,56.91999816894531,39.60614776611328,249500
2003-09-09,56.810001373291016,57.470001220703125,56.79999923706055,57.36000061035156,39.912315368652344,520000
2003-09-10,57.15999984741211,57.15999984741211,56.0099983215332,56.119998931884766,39.04947280883789,449700
2003-09-11,56.25,56.470001220703125,55.79999923706055,55.79999923706055,38.82682800292969,468200
2003-09-12,55.790000915527344,56.400001525878906,55.47999954223633,56.27000045776367,39.15386199951172,340000
2003-09-15,56.29999923706055,56.310001373291016,55.61000061035156,55.68000030517578,38.743324279785156,244700
2003-09-16,55.75,56.459999084472656,55.63999938964844,56.22999954223633,39.12602996826172,363000
2003-09-17,56.290000915527344,56.52000045776367,55.86000061035156,56.4900016784668,39.306949615478516,368600
2003-09-18,56.41999816894531,57.43000030517578,56.400001525878906,57.25,39.83576202392578,317200
2003-09-19,57.560001373291016,58.13999938964844,57.150001525878906,58.029998779296875,40.378501892089844,931500
2003-09-22,57.52000045776367,57.54999923706055,56.43000030517578,57.060001373291016,39.70355987548828,335600
2003-09-23,57.08000183105469,57.310001373291016,56.689998626708984,57.310001373291016,39.87752151489258,276000
2003-09-24,57.060001373291016,57.16999816894531,55.95000076293945,56.31999969482422,39.18865203857422,443100
2003-09-25,56.380001068115234,56.52000045776367,55.66999816894531,55.790000915527344,38.81985855102539,303400
2003-09-26,55.68000030517578,56.16999816894531,55.13999938964844,55.630001068115234,38.70854949951172,293600
2003-09-29,55.4900016784668,56.20000076293945,55.279998779296875,56.20000076293945,39.10516357421875,419700
2003-09-30,56.150001525878906,56.63999938964844,55.810001373291016,55.9900016784668,38.95903015136719,511300
2003-10-01,56.040000915527344,57.77000045776367,55.95000076293945,57.7400016784668,40.17671203613281,601700
2003-10-02,57.310001373291016,57.779998779296875,56.86000061035156,57.77000045776367,40.19758224487305,454700
2003-10-03,57.810001373291016,58.5099983215332,57.66999816894531,57.7599983215332,40.19062805175781,503900
2003-10-06,57.779998779296875,58.5,57.7599983215332,58.5,40.705543518066406,305400
2003-10-07,58.31999969482422,59.0,58.09000015258789,58.9900016784668,41.0464973449707,435100
2003-10-08,58.9900016784668,59.43000030517578,58.45000076293945,59.31999969482422,41.276119232177734,522400
2003-10-09,59.349998474121094,60.0,59.130001068115234,59.529998779296875,41.422237396240234,712200
2003-10-10,59.529998779296875,60.0,59.459999084472656,59.650001525878906,41.5057373046875,521300
2003-10-13,59.72999954223633,60.93000030517578,59.65999984741211,60.5,42.09718704223633,462700
2003-10-14,60.650001525878906,60.689998626708984,60.22999954223633,60.380001068115234,42.013702392578125,376900
2003-10-15,60.2599983215332,60.54999923706055,59.61000061035156,59.90999984741211,41.686649322509766,145300
2003-10-16,59.66999816894531,60.63999938964844,59.36000061035156,60.310001373291016,41.964988708496094,506300
2003-10-17,60.38999938964844,60.38999938964844,58.5099983215332,58.810001373291016,40.92124938964844,877600
2003-10-20,58.849998474121094,59.029998779296875,57.91999816894531,58.43000030517578,40.65684509277344,806400
2003-10-21,58.540000915527344,58.54999923706055,58.13999938964844,58.47999954223633,40.69163131713867,669700
2003-10-22,58.310001373291016,58.38999938964844,57.709999084472656,58.040000915527344,40.385459899902344,452900
2003-10-23,58.08000183105469,58.470001220703125,57.54999923706055,58.369998931884766,40.61508560180664,379600
2003-10-24,58.18000030517578,58.470001220703125,57.70000076293945,58.439998626708984,40.663780212402344,241400
2003-10-27,58.7599983215332,59.66999816894531,58.7400016784668,59.209999084472656,41.1995735168457,533200
2003-10-28,59.25,60.380001068115234,59.029998779296875,60.2400016784668,41.9162712097168,439800
2003-10-29,60.0099983215332,60.75,59.95000076293945,60.68000030517578,42.2224235534668,459400
2003-10-30,60.77000045776367,61.0,60.34000015258789,61.0,42.44508361816406,405600
2003-10-31,60.68000030517578,61.29999923706055,60.63999938964844,61.29999923706055,42.65381622314453,477200
2003-11-03,61.060001373291016,62.36000061035156,61.060001373291016,62.209999084472656,43.28703308105469,574900
2003-11-04,62.2599983215332,62.54999923706055,62.09000015258789,62.15999984741211,43.25225830078125,355100
2003-11-05,62.04999923706055,62.22999954223633,61.59000015258789,61.95000076293945,43.10612487792969,499400
2003-11-06,62.13999938964844,63.29999923706055,61.880001068115234,63.29999923706055,44.04548645019531,666600
2003-11-07,63.099998474121094,63.86000061035156,62.97999954223633,63.119998931884766,44.12937927246094,654100
2003-11-10,63.119998931884766,63.209999084472656,62.15999984741211,62.68000030517578,43.82175064086914,389500
2003-11-11,62.70000076293945,63.04999923706055,62.369998931884766,62.939998626708984,44.00352478027344,686300
2003-11-12,63.22999954223633,63.720001220703125,63.0,63.5,44.395050048828125,586200
2003-11-13,63.189998626708984,63.41999816894531,62.86000061035156,63.150001525878906,44.150360107421875,346500
2003-11-14,63.5,63.58000183105469,62.84000015258789,63.150001525878906,44.150360107421875,447900
2003-11-17,63.0,63.13999938964844,62.2400016784668,62.619998931884766,43.7797966003418,435300
2003-11-18,62.63999938964844,62.849998474121094,61.45000076293945,61.59000015258789,43.05970764160156,359800
2003-11-19,61.4900016784668,61.939998626708984,60.7400016784668,61.04999923706055,42.682186126708984,678200
2003-11-20,61.06999969482422,61.84000015258789,60.290000915527344,60.970001220703125,42.626224517822266,820600
2003-11-21,61.41999816894531,61.65999984741211,60.56999969482422,60.75,42.4724235534668,620400
2003-11-24,60.83000183105469,61.2599983215332,60.34000015258789,60.54999923706055,42.332603454589844,729600
2003-11-25,60.70000076293945,61.27000045776367,60.5099983215332,60.9900016784668,42.640228271484375,482200
2003-11-26,61.150001525878906,61.83000183105469,61.0099983215332,61.7400016784668,43.164581298828125,539800
2003-11-28,61.900001525878906,62.220001220703125,61.66999816894531,61.810001373291016,43.2135124206543,136300
2003-12-01,61.810001373291016,62.209999084472656,61.689998626708984,62.119998931884766,43.43024826049805,296800
2003-12-02,62.439998626708984,62.439998626708984,61.75,62.06999969482422,43.39529037475586,524800
2003-12-03,61.84000015258789,62.189998626708984,61.400001525878906,61.869998931884766,43.25544738769531,522000
2003-12-04,61.939998626708984,62.150001525878906,61.400001525878906,61.79999923706055,43.206520080566406,324200
2003-12-05,61.58000183105469,61.779998779296875,61.06999969482422,61.20000076293945,42.78704071044922,319800
2003-12-08,61.2599983215332,62.06999969482422,61.15999984741211,61.90999984741211,43.28343200683594,570800
2003-12-09,61.95000076293945,62.11000061035156,61.34000015258789,61.65999984741211,43.1086540222168,406900
2003-12-10,61.29999923706055,61.47999954223633,60.79999923706055,61.06999969482422,42.6961555480957,360600
2003-12-11,61.04999923706055,61.90999984741211,61.040000915527344,61.880001068115234,43.26244354248047,497300
2003-12-12,61.75,61.970001220703125,61.619998931884766,61.86000061035156,43.248470306396484,301700
2003-12-15,61.939998626708984,62.63999938964844,61.41999816894531,61.43000030517578,42.947845458984375,435300
2003-12-16,61.56999969482422,62.18000030517578,61.27000045776367,62.18000030517578,43.47218704223633,352000
2003-12-17,62.04999923706055,62.06999969482422,61.630001068115234,61.84000015258789,43.2344856262207,330400
2003-12-18,61.939998626708984,62.060001373291016,61.66999816894531,61.959999084472656,43.31839370727539,238300
2003-12-19,61.84000015258789,62.060001373291016,61.27000045776367,61.689998626708984,43.129615783691406,564700
2003-12-22,61.45000076293945,61.630001068115234,61.0,61.279998779296875,42.842979431152344,271800
2003-12-23,61.2599983215332,61.56999969482422,60.7599983215332,61.310001373291016,42.86396026611328,537400
2003-12-24,61.189998626708984,61.189998626708984,60.91999816894531,61.150001525878906,42.752098083496094,188300
2003-12-26,61.209999084472656,61.22999954223633,61.06999969482422,61.119998931884766,42.73109817504883,66000
2003-12-29,61.2400016784668,61.349998474121094,60.95000076293945,61.29999923706055,42.85695266723633,470200
2003-12-30,61.310001373291016,61.45000076293945,61.15999984741211,61.439998626708984,42.954837799072266,295000
2003-12-31,61.459999084472656,61.459999084472656,60.68000030517578,61.34000015258789,42.88490295410156,431600
2004-01-02,61.45000076293945,61.45000076293945,59.93000030517578,60.20000076293945,42.08789825439453,462900
2004-01-05,60.27000045776367,60.380001068115234,59.81999969482422,60.06999969482422,41.997013092041016,598400
2004-01-06,60.060001373291016,60.90999984741211,59.970001220703125,60.900001525878906,42.577308654785156,612200
2004-01-07,59.79999923706055,60.779998779296875,59.79999923706055,60.47999954223633,42.28365707397461,754700
2004-01-08,60.58000183105469,60.86000061035156,60.15999984741211,60.79999923706055,42.50738525390625,504000
2004-01-09,60.52000045776367,60.77000045776367,60.029998779296875,60.029998779296875,41.96904754638672,427000
2004-01-12,60.04999923706055,60.220001220703125,59.290000915527344,59.47999954223633,41.58454132080078,457000
2004-01-13,59.45000076293945,59.599998474121094,58.25,58.83000183105469,41.13009262084961,630000
2004-01-14,58.93000030517578,59.08000183105469,58.65999984741211,58.9900016784668,41.24196243286133,458200
2004-01-15,59.09000015258789,59.93000030517578,58.70000076293945,59.540000915527344,41.62649917602539,572000
2004-01-16,59.4900016784668,60.209999084472656,59.36000061035156,60.209999084472656,42.09489822387695,498900
2004-01-20,60.06999969482422,61.130001068115234,60.029998779296875,61.02000045776367,42.66120147705078,979100
2004-01-21,61.130001068115234,61.720001220703125,60.869998931884766,61.720001220703125,43.15060806274414,730800
2004-01-22,61.59000015258789,61.650001525878906,60.31999969482422,60.400001525878906,42.22772979736328,678300
2004-01-23,60.40999984741211,61.029998779296875,60.29999923706055,61.029998779296875,42.66818618774414,708200
2004-01-26,60.900001525878906,61.599998474121094,60.41999816894531,61.400001525878906,42.92688751220703,797100
2004-01-27,61.2400016784668,61.66999816894531,60.779998779296875,60.880001068115234,42.56333541870117,639400
2004-01-28,60.93000030517578,60.93000030517578,59.099998474121094,59.290000915527344,41.451690673828125,969500
2004-01-29,59.41999816894531,60.02000045776367,58.29999923706055,59.08000183105469,41.30488967895508,951600
2004-01-30,58.9900016784668,59.439998626708984,58.63999938964844,58.63999938964844,40.99726104736328,511600
2004-02-02,58.720001220703125,59.16999816894531,58.61000061035156,58.90999984741211,41.186031341552734,766900
2004-02-03,58.79999923706055,59.04999923706055,58.11000061035156,58.279998779296875,40.74555969238281,836700
2004-02-04,58.380001068115234,58.79999923706055,58.130001068115234,58.540000915527344,40.92735290527344,576600
2004-02-05,58.84000015258789,58.869998931884766,58.29999923706055,58.439998626708984,40.857421875,576500
2004-02-06,58.279998779296875,59.43000030517578,58.220001220703125,59.25,41.42372512817383,459800
2004-02-09,58.65999984741211,59.189998626708984,58.27000045776367,58.400001525878906,41.03726577758789,573800
2004-02-10,58.59000015258789,58.599998474121094,57.65999984741211,58.0,40.756187438964844,1024700
2004-02-11,57.84000015258789,59.040000915527344,57.75,58.880001068115234,41.37456130981445,433600
2004-02-12,58.70000076293945,58.95000076293945,58.380001068115234,58.90999984741211,41.39563751220703,287400
2004-02-13,59.02000045776367,59.290000915527344,58.38999938964844,58.40999984741211,41.04426193237305,449000
2004-02-17,58.56999969482422,58.97999954223633,58.27000045776367,58.93000030517578,41.4096794128418,513800
2004-02-18,58.72999954223633,58.970001220703125,58.27000045776367,58.5,41.10751724243164,407200
2004-02-19,58.5099983215332,58.75,58.06999969482422,58.119998931884766,40.84049606323242,854100
2004-02-20,58.31999969482422,58.970001220703125,58.130001068115234,58.380001068115234,41.0231819152832,753800
2004-02-23,58.58000183105469,58.59000015258789,57.52000045776367,57.68000030517578,40.53131866455078,793800
2004-02-24,57.720001220703125,58.04999923706055,57.13999938964844,57.52000045776367,40.418888092041016,723200
2004-02-25,57.81999969482422,57.86000061035156,57.220001220703125,57.630001068115234,40.496177673339844,415800
2004-02-26,57.560001373291016,58.380001068115234,57.40999984741211,58.189998626708984,40.889686584472656,487100
2004-02-27,58.060001373291016,58.95000076293945,58.02000045776367,58.27000045776367,40.945892333984375,725200
2004-03-01,58.45000076293945,58.9900016784668,58.2599983215332,58.439998626708984,41.06534957885742,321500
2004-03-02,58.09000015258789,59.2599983215332,58.029998779296875,58.029998779296875,40.77724838256836,709700
2004-03-03,58.130001068115234,58.709999084472656,57.91999816894531,58.709999084472656,41.25509262084961,459700
2004-03-04,58.529998779296875,59.220001220703125,58.33000183105469,59.09000015258789,41.52211380004883,443800
2004-03-05,58.849998474121094,59.400001525878906,58.75,59.20000076293945,41.599403381347656,618200
2004-03-08,58.95000076293945,59.31999969482422,58.900001525878906,59.130001068115234,41.55021667480469,334300
2004-03-09,59.11000061035156,59.16999816894531,58.22999954223633,58.5,41.10751724243164,583000
2004-03-10,58.54999923706055,58.77000045776367,57.849998474121094,57.849998474121094,40.65077590942383,294900
2004-03-11,57.83000183105469,58.34000015258789,57.0099983215332,57.150001525878906,40.15888214111328,506400
2004-03-12,56.900001525878906,57.369998931884766,56.810001373291016,57.11000061035156,40.13077163696289,484400
2004-03-15,57.099998474121094,57.209999084472656,56.150001525878906,56.36000061035156,39.603759765625,363200
2004-03-16,56.470001220703125,57.16999816894531,56.2599983215332,56.86000061035156,39.955116271972656,517600
2004-03-17,57.790000915527344,58.880001068115234,57.41999816894531,57.81999969482422,40.62968826293945,658300
2004-03-18,57.75,58.459999084472656,57.61000061035156,58.09000015258789,40.81942367553711,387500
2004-03-19,58.22999954223633,58.439998626708984,57.36000061035156,57.45000076293945,40.36970520019531,400400
2004-03-22,57.7400016784668,57.7400016784668,56.619998931884766,56.68000030517578,39.82862854003906,504500
2004-03-23,56.880001068115234,57.16999816894531,56.52000045776367,56.59000015258789,39.76536560058594,462500
2004-03-24,56.56999969482422,56.61000061035156,55.93000030517578,56.2599983215332,39.533485412597656,745500
2004-03-25,56.630001068115234,57.099998474121094,56.279998779296875,56.959999084472656,40.02538299560547,594400
2004-03-26,56.86000061035156,57.060001373291016,56.56999969482422,56.75,39.877803802490234,287600
2004-03-29,56.529998779296875,57.25,56.5,57.0,40.0534782409668,262400
2004-03-30,56.91999816894531,57.11000061035156,56.849998474121094,57.02000045776367,40.067527770996094,209400
2004-03-31,56.84000015258789,57.209999084472656,56.619998931884766,57.099998474121094,40.12376022338867,734700
2004-04-01,56.619998931884766,57.83000183105469,56.54999923706055,57.58000183105469,40.46104431152344,534900
2004-04-02,57.689998626708984,58.040000915527344,56.63999938964844,56.939998626708984,40.011314392089844,781800
2004-04-05,56.9900016784668,57.150001525878906,56.16999816894531,56.95000076293945,40.01834487915039,633500
2004-04-06,56.790000915527344,57.439998626708984,56.59000015258789,57.349998474121094,40.2994270324707,300900
2004-04-07,57.2599983215332,57.81999969482422,57.18000030517578,57.63999938964844,40.503204345703125,384300
2004-04-08,57.79999923706055,57.91999816894531,57.08000183105469,57.310001373291016,40.27131652832031,372400
2004-04-12,57.41999816894531,57.81999969482422,57.16999816894531,57.599998474121094,40.47510528564453,321100
2004-04-13,57.72999954223633,57.849998474121094,56.25,56.290000915527344,39.554561614990234,596900
2004-04-14,56.04999923706055,56.16999816894531,54.779998779296875,55.2599983215332,38.83079147338867,861300
2004-04-15,55.150001525878906,55.4900016784668,54.58000183105469,54.75,38.472415924072266,908000
2004-04-16,54.709999084472656,55.29999923706055,54.619998931884766,54.650001525878906,38.40216064453125,766100
2004-04-19,54.79999923706055,54.84000015258789,54.08000183105469,54.65999984741211,38.40919494628906,538100
2004-04-20,54.779998779296875,55.65999984741211,54.43000030517578,54.54999923706055,38.33189010620117,498700
2004-04-21,54.97999954223633,56.939998626708984,54.54999923706055,56.13999938964844,39.44917678833008,1066500
2004-04-22,56.220001220703125,57.16999816894531,56.09000015258789,56.97999954223633,40.03941345214844,423400
2004-04-23,56.7400016784668,57.95000076293945,56.599998474121094,57.91999816894531,40.699947357177734,572700
2004-04-26,57.720001220703125,57.95000076293945,57.22999954223633,57.5099983215332,40.41185760498047,401700
2004-04-27,57.349998474121094,58.45000076293945,57.220001220703125,57.36000061035156,40.30645751953125,510500
2004-04-28,57.0099983215332,57.119998931884766,56.31999969482422,56.43000030517578,39.6529541015625,578500
2004-04-29,56.06999969482422,57.25,55.52000045776367,55.959999084472656,39.322669982910156,552100
2004-04-30,55.90999984741211,57.34000015258789,55.90999984741211,56.59000015258789,39.76536560058594,685300
2004-05-03,56.43000030517578,56.959999084472656,56.38999938964844,56.939998626708984,40.011314392089844,411600
2004-05-04,56.970001220703125,57.9900016784668,56.70000076293945,57.56999969482422,40.45402908325195,433600
2004-05-05,57.709999084472656,58.45000076293945,57.56999969482422,57.970001220703125,40.73509979248047,553300
2004-05-06,57.81999969482422,57.97999954223633,56.849998474121094,57.22999954223633,40.215091705322266,361800
2004-05-07,56.93000030517578,57.5,56.0099983215332,56.040000915527344,39.378902435302734,494900
2004-05-10,55.900001525878906,56.0099983215332,54.720001220703125,55.369998931884766,39.131534576416016,566800
2004-05-11,55.459999084472656,56.77000045776367,55.439998626708984,56.560001373291016,39.9725456237793,563200
2004-05-12,56.540000915527344,57.029998779296875,55.75,56.91999816894531,40.22697067260742,528500
2004-05-13,56.900001525878906,58.11000061035156,56.59000015258789,57.619998931884766,40.721683502197266,718400
2004-05-14,57.72999954223633,58.88999938964844,57.34000015258789,58.59000015258789,41.40721893310547,1107400
2004-05-17,58.349998474121094,58.529998779296875,57.810001373291016,58.38999938964844,41.265865325927734,653500
2004-05-18,58.459999084472656,59.20000076293945,58.45000076293945,59.08000183105469,41.75352096557617,729000
2004-05-19,59.040000915527344,60.349998474121094,59.040000915527344,59.59000015258789,42.11394119262695,1093800
2004-05-20,59.54999923706055,59.790000915527344,59.310001373291016,59.77000045776367,42.241146087646484,856400
2004-05-21,60.20000076293945,60.400001525878906,59.630001068115234,60.380001068115234,42.67226791381836,772100
2004-05-24,60.349998474121094,60.470001220703125,59.619998931884766,59.7400016784668,42.219947814941406,482600
2004-05-25,59.790000915527344,60.45000076293945,59.470001220703125,60.45000076293945,42.72172927856445,560000
2004-05-26,60.04999923706055,61.40999984741211,59.900001525878906,61.040000915527344,43.1386833190918,766000
2004-05-27,60.84000015258789,61.369998931884766,60.59000015258789,61.0099983215332,43.11747741699219,421000
2004-05-28,60.939998626708984,61.310001373291016,60.599998474121094,61.29999923706055,43.32244873046875,440900
2004-06-01,61.13999938964844,61.290000915527344,60.59000015258789,60.75,42.93375015258789,681400
2004-06-02,60.83000183105469,61.310001373291016,60.40999984741211,61.20000076293945,43.251773834228516,685600
2004-06-03,61.04999923706055,61.369998931884766,60.7400016784668,61.2599983215332,43.294158935546875,608100
2004-06-04,61.16999816894531,61.689998626708984,61.16999816894531,61.40999984741211,43.40017318725586,443600
2004-06-07,61.470001220703125,62.0,61.060001373291016,61.97999954223633,43.80300521850586,305700
2004-06-08,61.75,62.040000915527344,61.61000061035156,62.0,43.817161560058594,246900
2004-06-09,61.95000076293945,61.97999954223633,61.06999969482422,61.279998779296875,43.30830001831055,289500
2004-06-10,61.25,61.5,60.970001220703125,61.29999923706055,43.32244873046875,251100
2004-06-14,61.380001068115234,61.400001525878906,60.400001525878906,60.470001220703125,42.73586654663086,281500
2004-06-15,60.709999084472656,61.130001068115234,60.2400016784668,60.2400016784668,42.57331466674805,366800
2004-06-16,60.25,60.41999816894531,59.7400016784668,60.099998474121094,42.474369049072266,482700
2004-06-17,60.15999984741211,60.349998474121094,59.88999938964844,60.220001220703125,42.55916976928711,197500
2004-06-18,60.66999816894531,60.97999954223633,60.38999938964844,60.599998474121094,42.827728271484375,392100
2004-06-21,60.70000076293945,60.97999954223633,60.59000015258789,60.84000015258789,42.99736022949219,510600
2004-06-22,60.689998626708984,61.540000915527344,60.59000015258789,61.38999938964844,43.38603210449219,402500
2004-06-23,61.56999969482422,61.97999954223633,60.97999954223633,61.81999969482422,43.689937591552734,459100
2004-06-24,61.560001373291016,61.86000061035156,61.45000076293945,61.5,43.46379470825195,473000
2004-06-25,61.41999816894531,61.66999816894531,61.029998779296875,61.40999984741211,43.40017318725586,444600
2004-06-28,61.38999938964844,61.900001525878906,61.33000183105469,61.70000076293945,43.60514450073242,498700
2004-06-29,61.5,61.810001373291016,61.150001525878906,61.33000183105469,43.34363555908203,374200
2004-06-30,61.52000045776367,61.7599983215332,60.880001068115234,61.45000076293945,43.428428649902344,323800
2004-07-01,61.66999816894531,61.849998474121094,60.88999938964844,61.31999969482422,43.33657455444336,296600
2004-07-02,61.09000015258789,62.0099983215332,61.08000183105469,61.81999969482422,43.689937591552734,246400
2004-07-06,61.7400016784668,61.93000030517578,61.41999816894531,61.61000061035156,43.54151916503906,429800
2004-07-07,61.400001525878906,62.029998779296875,61.380001068115234,61.81999969482422,43.689937591552734,188500
2004-07-08,61.900001525878906,62.36000061035156,61.79999923706055,61.869998931884766,43.72527313232422,334500
2004-07-09,61.900001525878906,62.189998626708984,61.72999954223633,61.790000915527344,43.66874694824219,254700
2004-07-12,61.900001525878906,62.75,61.70000076293945,62.75,44.34718322753906,371100
2004-07-13,62.52000045776367,62.75,62.189998626708984,62.75,44.34718322753906,434600
2004-07-14,62.70000076293945,63.18000030517578,62.22999954223633,62.47999954223633,44.1563606262207,371700
2004-07-15,62.310001373291016,62.939998626708984,62.2599983215332,62.79999923706055,44.38252639770508,331100
2004-07-16,62.81999969482422,63.13999938964844,62.68000030517578,62.75,44.34718322753906,391700
2004-07-19,62.869998931884766,63.529998779296875,62.599998474121094,63.150001525878906,44.62987518310547,835000
2004-07-20,63.09000015258789,64.33000183105469,62.81999969482422,64.16999816894531,45.350730895996094,1227600
2004-07-21,64.20999908447266,64.37999725341797,63.099998474121094,63.16999816894531,44.644012451171875,576500
2004-07-22,62.41999816894531,62.4900016784668,59.81999969482422,61.79999923706055,43.675804138183594,1869300
2004-07-23,61.599998474121094,61.779998779296875,60.150001525878906,60.25,42.58036804199219,827800
2004-07-26,60.29999923706055,60.310001373291016,58.81999969482422,58.97999954223633,41.68283462524414,1225700
2004-07-27,59.16999816894531,60.47999954223633,58.90999984741211,60.2400016784668,42.57331466674805,1002700
2004-07-28,60.18000030517578,60.689998626708984,59.63999938964844,59.810001373291016,42.269412994384766,755900
2004-07-29,59.90999984741211,60.70000076293945,59.65999984741211,60.54999923706055,42.792388916015625,654600
2004-07-30,60.599998474121094,60.779998779296875,60.33000183105469,60.5,42.75706100463867,398000
2004-08-02,60.650001525878906,61.439998626708984,60.150001525878906,61.41999816894531,43.407257080078125,603400
2004-08-03,61.25,61.36000061035156,60.84000015258789,61.119998931884766,43.19521713256836,470000
2004-08-04,60.779998779296875,61.209999084472656,60.4900016784668,61.04999923706055,43.145751953125,317100
2004-08-05,61.04999923706055,61.04999923706055,60.0,60.08000183105469,42.46023941040039,536600
2004-08-06,60.09000015258789,60.130001068115234,59.02000045776367,59.09000015258789,41.76056671142578,1019100
2004-08-09,58.68000030517578,58.97999954223633,58.400001525878906,58.5,41.568721771240234,424500
2004-08-10,58.630001068115234,58.95000076293945,58.529998779296875,58.810001373291016,41.78899383544922,1078900
2004-08-11,58.630001068115234,58.83000183105469,58.47999954223633,58.66999816894531,41.68950271606445,1319100
2004-08-12,58.65999984741211,59.130001068115234,58.650001525878906,59.099998474121094,41.995059967041016,1174300
2004-08-13,58.959999084472656,59.4900016784668,58.65999984741211,59.220001220703125,42.080326080322266,1126000
2004-08-16,59.2400016784668,59.83000183105469,58.93000030517578,59.58000183105469,42.33613967895508,645500
2004-08-17,59.5099983215332,59.9900016784668,59.5099983215332,59.810001373291016,42.49956512451172,560900
2004-08-18,59.83000183105469,60.65999984741211,59.72999954223633,60.4900016784668,42.982765197753906,508800
2004-08-19,60.83000183105469,60.869998931884766,60.459999084472656,60.630001068115234,43.08224105834961,574500
2004-08-20,60.720001220703125,61.470001220703125,60.54999923706055,61.470001220703125,43.67912292480469,607400
2004-08-23,61.5,61.5,61.040000915527344,61.150001525878906,43.45173263549805,205700
2004-08-24,61.25,61.45000076293945,60.72999954223633,60.97999954223633,43.3309440612793,367200
2004-08-25,61.18000030517578,61.90999984741211,61.06999969482422,61.849998474121094,43.949134826660156,401600
2004-08-26,61.63999938964844,61.97999954223633,61.59000015258789,61.77000045776367,43.89229965209961,436000
2004-08-27,61.70000076293945,62.43000030517578,61.66999816894531,62.130001068115234,44.14811325073242,219400
2004-08-30,62.150001525878906,62.619998931884766,61.91999816894531,61.970001220703125,44.034423828125,262300
2004-08-31,61.88999938964844,62.4900016784668,61.83000183105469,62.279998779296875,44.25468444824219,277000
2004-09-01,62.41999816894531,62.439998626708984,61.720001220703125,61.95000076293945,44.02018737792969,290500
2004-09-02,61.97999954223633,62.2599983215332,61.66999816894531,62.08000183105469,44.112571716308594,271700
2004-09-03,62.040000915527344,62.720001220703125,62.040000915527344,62.63999938964844,44.5105094909668,294400
2004-09-07,62.7599983215332,63.33000183105469,62.61000061035156,63.13999938964844,44.865779876708984,327000
2004-09-08,62.90999984741211,62.97999954223633,62.40999984741211,62.45000076293945,44.375511169433594,596800
2004-09-09,62.63999938964844,62.849998474121094,62.08000183105469,62.189998626708984,44.19073486328125,389200
2004-09-10,62.18000030517578,62.2400016784668,61.810001373291016,61.959999084472656,44.027313232421875,353600
2004-09-13,62.02000045776367,62.5,61.59000015258789,62.5,44.411006927490234,322900
2004-09-14,62.400001525878906,62.599998474121094,62.18000030517578,62.5099983215332,44.418128967285156,181100
2004-09-15,62.2599983215332,62.45000076293945,60.959999084472656,61.20000076293945,43.48726272583008,1405200
2004-09-16,61.2599983215332,61.349998474121094,60.470001220703125,61.06999969482422,43.39488983154297,891400
2004-09-17,61.0,61.279998779296875,60.689998626708984,60.689998626708984,43.12486267089844,380500
2004-09-20,60.689998626708984,60.86000061035156,60.08000183105469,60.470001220703125,42.968563079833984,498300
2004-09-21,60.54999923706055,60.790000915527344,60.15999984741211,60.61000061035156,43.06802749633789,356900
2004-09-22,60.349998474121094,60.5,59.66999816894531,60.130001068115234,42.726951599121094,528600
2004-09-23,60.130001068115234,60.47999954223633,59.5099983215332,59.5099983215332,42.286376953125,259100
2004-09-24,59.5099983215332,60.060001373291016,59.380001068115234,59.88999938964844,42.55640411376953,362100
2004-09-27,60.09000015258789,60.130001068115234,59.11000061035156,59.529998779296875,42.30061340332031,504200
2004-09-28,59.5,60.58000183105469,59.5,60.4900016784668,42.982765197753906,428400
2004-09-29,60.43000030517578,61.060001373291016,60.06999969482422,61.060001373291016,43.38780212402344,409000
2004-09-30,61.099998474121094,61.20000076293945,60.900001525878906,61.040000915527344,43.37358474731445,424500
2004-10-01,61.209999084472656,61.599998474121094,60.81999969482422,61.52000045776367,43.71464920043945,359400
2004-10-04,61.18000030517578,62.15999984741211,60.970001220703125,61.06999969482422,43.39488983154297,659300
2004-10-05,61.15999984741211,61.18000030517578,60.040000915527344,60.36000061035156,42.890380859375,737900
2004-10-06,60.47999954223633,60.810001373291016,60.29999923706055,60.66999816894531,43.110660552978516,318900
2004-10-07,60.7400016784668,60.77000045776367,59.970001220703125,59.9900016784668,42.62746810913086,399300
2004-10-08,59.97999954223633,60.2599983215332,59.86000061035156,59.959999084472656,42.60615539550781,326500
2004-10-11,60.099998474121094,60.209999084472656,59.90999984741211,60.209999084472656,42.78380584716797,184300
2004-10-12,60.220001220703125,60.279998779296875,59.9900016784668,60.11000061035156,42.71274185180664,754300
2004-10-13,60.209999084472656,60.70000076293945,59.880001068115234,60.16999816894531,42.755348205566406,426200
2004-10-14,60.18000030517578,60.54999923706055,59.529998779296875,59.599998474121094,42.350337982177734,492300
2004-10-15,59.599998474121094,61.2400016784668,59.599998474121094,61.06999969482422,43.39488983154297,590000
2004-10-18,60.95000076293945,61.0,60.27000045776367,60.849998474121094,43.23855972290039,374400
2004-10-19,60.66999816894531,61.20000076293945,60.63999938964844,60.849998474121094,43.23855972290039,691500
2004-10-20,62.0099983215332,63.91999816894531,61.849998474121094,63.88999938964844,45.39870834350586,1872300
2004-10-21,63.810001373291016,65.38999938964844,63.779998779296875,64.73999786376953,46.00271224975586,1275200
2004-10-22,64.73999786376953,65.04000091552734,64.45999908447266,64.47000122070312,45.810848236083984,785600
2004-10-25,64.44999694824219,64.87999725341797,63.61000061035156,64.7699966430664,46.0240364074707,490200
2004-10-26,64.9000015258789,65.5,64.66999816894531,65.5,46.54275131225586,366500
2004-10-27,65.43000030517578,66.12000274658203,64.87999725341797,66.12000274658203,46.98330307006836,439600
2004-10-28,65.9800033569336,66.18000030517578,65.56999969482422,66.1500015258789,47.004615783691406,256200
2004-10-29,66.1500015258789,66.62000274658203,65.87000274658203,66.13999938964844,46.997501373291016,319400
2004-11-01,66.0999984741211,66.48999786376953,65.9800033569336,66.27999877929688,47.09700012207031,423600
2004-11-02,66.2699966430664,66.5199966430664,65.68000030517578,65.7300033569336,46.7061767578125,508300
2004-11-03,65.72000122070312,66.81999969482422,65.69000244140625,66.4000015258789,47.182281494140625,436500
2004-11-04,66.20999908447266,67.05000305175781,65.9000015258789,67.0,47.608619689941406,380300
2004-11-05,67.31999969482422,67.54000091552734,65.48999786376953,66.38999938964844,47.175148010253906,727700
2004-11-08,66.20999908447266,66.41999816894531,65.7699966430664,65.88999938964844,47.04663848876953,268800
2004-11-09,66.0199966430664,66.58000183105469,65.8499984741211,66.5,47.482200622558594,288800
2004-11-10,66.5199966430664,67.13999938964844,66.44999694824219,66.66999816894531,47.60354995727539,448300
2004-11-11,66.73999786376953,67.77999877929688,66.5999984741211,67.77999877929688,48.396121978759766,306100
2004-11-12,67.66000366210938,68.23999786376953,67.48999786376953,68.23999786376953,48.72457504272461,414100
2004-11-15,68.23999786376953,69.0,68.06999969482422,68.91999816894531,49.21011734008789,578200
2004-11-16,68.48999786376953,68.69999694824219,67.7699966430664,67.87999725341797,48.467533111572266,310000
2004-11-17,67.68000030517578,68.68000030517578,67.08999633789062,67.25,48.0177001953125,545100
2004-11-18,67.29000091552734,67.45999908447266,66.62000274658203,66.75,47.66068649291992,477500
2004-11-19,67.05999755859375,67.05999755859375,65.80000305175781,66.0,47.12519073486328,532500
2004-11-22,65.9000015258789,66.12000274658203,65.5999984741211,66.12000274658203,47.210880279541016,532600
2004-11-23,65.88999938964844,66.9000015258789,65.88999938964844,66.88999938964844,47.76065444946289,296500
2004-11-24,66.5999984741211,67.69000244140625,66.5999984741211,67.20999908447266,47.9891242980957,250600
2004-11-26,67.37999725341797,67.43000030517578,67.04000091552734,67.0999984741211,47.91059494018555,81700
2004-11-29,66.72000122070312,66.73999786376953,65.83999633789062,66.01000213623047,47.13230514526367,726800
2004-11-30,65.77999877929688,66.5,65.41999816894531,66.5,47.482200622558594,544200
2004-12-01,66.72000122070312,67.80999755859375,66.36000061035156,67.80999755859375,48.41753387451172,283900
2004-12-02,67.58000183105469,68.19999694824219,67.29000091552734,67.75,48.374698638916016,370300
2004-12-03,67.69000244140625,67.9000015258789,67.06999969482422,67.55000305175781,48.23191452026367,600100
2004-12-06,67.70999908447266,67.70999908447266,67.04000091552734,67.19999694824219,47.98200988769531,257800
2004-12-07,67.02999877929688,67.25,66.29000091552734,66.30000305175781,47.33937454223633,356100
2004-12-08,66.33000183105469,66.79000091552734,65.80999755859375,66.63999938964844,47.5821533203125,376000
2004-12-09,66.38999938964844,67.01000213623047,66.19999694824219,67.0,47.83918762207031,493600
2004-12-10,66.2699966430664,66.9000015258789,65.88999938964844,66.44000244140625,47.43934631347656,214500
2004-12-13,66.30000305175781,66.95999908447266,66.29000091552734,66.75,47.66068649291992,233900
2004-12-14,66.63999938964844,66.87999725341797,66.36000061035156,66.66999816894531,47.60354995727539,325400
2004-12-15,66.8499984741211,66.98999786376953,66.26000213623047,66.83999633789062,47.72494125366211,224200
2004-12-16,66.5199966430664,66.97000122070312,66.01000213623047,66.26000213623047,47.31085205078125,345800
2004-12-17,65.41000366210938,66.80999755859375,65.27999877929688,66.58999633789062,47.546443939208984,527600
2004-12-20,66.69999694824219,67.79000091552734,66.68000030517578,67.48999786376953,48.189064025878906,684400
2004-12-21,67.31999969482422,68.2699966430664,67.30999755859375,68.2699966430664,48.74599075317383,350500
2004-12-22,68.55000305175781,68.68000030517578,68.19000244140625,68.44000244140625,48.86737060546875,391400
2004-12-23,68.70999908447266,69.29000091552734,68.16999816894531,69.25,49.44572448730469,382500
2004-12-27,68.94000244140625,69.12000274658203,68.0199966430664,68.04000091552734,48.5817756652832,182700
2004-12-28,67.9800033569336,68.36000061035156,67.73999786376953,68.05000305175781,48.588905334472656,237200
2004-12-29,67.8499984741211,68.25,67.75,68.04000091552734,48.5817756652832,189700
2004-12-30,68.18000030517578,68.86000061035156,67.97000122070312,68.47000122070312,48.88880157470703,215200
2004-12-31,68.61000061035156,68.61000061035156,67.93000030517578,68.02999877929688,48.574642181396484,181900
2005-01-03,67.94999694824219,68.22000122070312,67.19999694824219,67.38999938964844,48.117671966552734,347900
2005-01-04,67.4000015258789,67.72000122070312,66.20999908447266,66.47000122070312,47.46077346801758,388200
2005-01-05,66.13999938964844,67.08000183105469,66.08999633789062,66.2300033569336,47.289398193359375,602100
2005-01-06,66.06999969482422,67.01000213623047,66.0,66.61000061035156,47.56074142456055,321100
2005-01-07,66.06999969482422,66.33999633789062,64.87999725341797,64.98999786376953,46.404022216796875,806100
2005-01-10,65.0,65.4000015258789,64.7699966430664,65.02999877929688,46.43259048461914,363900
2005-01-11,65.05000305175781,65.36000061035156,64.23999786376953,65.06999969482422,46.46113967895508,553800
2005-01-12,65.05000305175781,65.25,64.2699966430664,64.45999908447266,46.02558517456055,490300
2005-01-13,64.5999984741211,64.7300033569336,63.56999969482422,63.709999084472656,45.49007034301758,699500
2005-01-14,63.79999923706055,64.04000091552734,63.33000183105469,63.560001373291016,45.382972717285156,689200
2005-01-18,63.560001373291016,66.44000244140625,63.540000915527344,66.33999633789062,47.3679313659668,900900
2005-01-19,66.44999694824219,66.6500015258789,66.0,66.30000305175781,47.33937454223633,762700
2005-01-20,66.16000366210938,66.33999633789062,65.83000183105469,66.08999633789062,47.18943405151367,511800
2005-01-21,65.8499984741211,66.41999816894531,65.72000122070312,65.73999786376953,46.93952178955078,548800
2005-01-24,65.4800033569336,65.77999877929688,65.0,65.16999816894531,46.53254318237305,594400
2005-01-25,65.06999969482422,65.79000091552734,65.06999969482422,65.44999694824219,46.73247528076172,322200
2005-01-26,65.95999908447266,67.83000183105469,65.94000244140625,67.83000183105469,48.43183898925781,973000
2005-01-27,67.58000183105469,67.72000122070312,66.9800033569336,67.08999633789062,47.90346145629883,513900
2005-01-28,66.7699966430664,66.95999908447266,65.94999694824219,66.25,47.30367660522461,536500
2005-01-31,66.44999694824219,67.94999694824219,66.44999694824219,67.81999969482422,48.42467498779297,503900
2005-02-01,68.0,68.95999908447266,68.0,68.95999908447266,49.238670349121094,532700
2005-02-02,68.61000061035156,69.55999755859375,68.5,69.25,49.44572448730469,744300
2005-02-03,69.12999725341797,69.55999755859375,68.87000274658203,69.23999786376953,49.4385871887207,512500
2005-02-04,69.4800033569336,70.0,69.33999633789062,70.0,49.98126220703125,491000
2005-02-07,69.9800033569336,69.98999786376953,68.51000213623047,68.83999633789062,49.40708923339844,474000
2005-02-08,69.1500015258789,69.37000274658203,69.01000213623047,69.11000061035156,49.600868225097656,402600
2005-02-09,69.37000274658203,69.8499984741211,68.44999694824219,68.4800033569336,49.14870834350586,458500
2005-02-10,68.4000015258789,69.22000122070312,68.37999725341797,68.48999786376953,49.155887603759766,533500
2005-02-11,68.72000122070312,69.1500015258789,68.0999984741211,69.0199966430664,49.53627014160156,587100
2005-02-14,69.38999938964844,69.55000305175781,68.5,68.94000244140625,49.478843688964844,461300
2005-02-15,68.87000274658203,69.36000061035156,68.44999694824219,68.7300033569336,49.328147888183594,375400
2005-02-16,68.56999969482422,69.12000274658203,68.31999969482422,68.4800033569336,49.14870834350586,307900
2005-02-17,68.77999877929688,69.0,67.41000366210938,67.55000305175781,48.481231689453125,430400
2005-02-18,67.69999694824219,67.9000015258789,67.0999984741211,67.0999984741211,48.15826416015625,289900
2005-02-22,67.27999877929688,67.5,66.37000274658203,66.47000122070312,47.70610809326172,292400
2005-02-23,66.43000030517578,66.97000122070312,65.91999816894531,65.91999816894531,47.311378479003906,434400
2005-02-24,66.04000091552734,66.16999816894531,65.80999755859375,65.97000122070312,47.34725570678711,516400
2005-02-25,66.0,66.63999938964844,65.69999694824219,66.20999908447266,47.51951217651367,294300
2005-02-28,66.37000274658203,66.63999938964844,65.91999816894531,66.0999984741211,47.440555572509766,344700
2005-03-01,66.20999908447266,67.06999969482422,66.12000274658203,66.77999877929688,47.928592681884766,322500
2005-03-02,66.80000305175781,67.7300033569336,66.55000305175781,67.01000213623047,48.09366226196289,570600
2005-03-03,67.02999877929688,67.88999938964844,67.02999877929688,67.5999984741211,48.517120361328125,466300
2005-03-04,67.9000015258789,69.13999938964844,67.9000015258789,68.9800033569336,49.5075569152832,606800
2005-03-07,69.16999816894531,69.75,68.95999908447266,69.72000122070312,50.03867721557617,486400
2005-03-08,69.52999877929688,70.44999694824219,69.1500015258789,70.0199966430664,50.253971099853516,864800
2005-03-09,69.87999725341797,70.0199966430664,69.25,69.66000366210938,49.995609283447266,728800
2005-03-10,69.75,70.06999969482422,69.52999877929688,69.8499984741211,50.13196563720703,577300
2005-03-11,69.52999877929688,69.81999969482422,69.3499984741211,69.5199966430664,49.89512634277344,487400
2005-03-14,69.69999694824219,70.44000244140625,69.41999816894531,70.0999984741211,50.311370849609375,553300
2005-03-15,69.94000244140625,70.41000366210938,69.52999877929688,69.52999877929688,49.902313232421875,413100
2005-03-16,69.38999938964844,69.69999694824219,69.0,69.2699966430664,49.71567916870117,470600
2005-03-17,69.33000183105469,69.95999908447266,69.01000213623047,69.76000213623047,50.067378997802734,488700
2005-03-18,69.55999755859375,69.94999694824219,69.06999969482422,69.48999786376953,49.87358474731445,595100
2005-03-21,69.55000305175781,69.66999816894531,68.63999938964844,68.9800033569336,49.5075569152832,581600
2005-03-22,68.91999816894531,69.1500015258789,68.0,68.25,48.98361587524414,872000
2005-03-23,68.38999938964844,68.73999786376953,67.83999633789062,68.5999984741211,49.234840393066406,586800
2005-03-24,68.44000244140625,68.83999633789062,67.87999725341797,67.87999725341797,48.71806335449219,623500
2005-03-28,67.83000183105469,68.30999755859375,67.83000183105469,67.88999938964844,48.72526168823242,431200
2005-03-29,67.86000061035156,68.08999633789062,67.19999694824219,67.23999786376953,48.25875473022461,493700
2005-03-30,67.27999877929688,68.69999694824219,67.16999816894531,68.66000366210938,49.277896881103516,645500
2005-03-31,68.66000366210938,69.16999816894531,68.5,69.0199966430664,49.53627014160156,457100
2005-04-01,69.1500015258789,69.66000366210938,67.69000244140625,68.2699966430664,48.997989654541016,451700
2005-04-04,68.30000305175781,68.94000244140625,67.66999816894531,68.83000183105469,49.39990234375,446600
2005-04-05,69.05999755859375,69.05999755859375,68.47000122070312,68.87999725341797,49.43577575683594,339900
2005-04-06,69.16999816894531,70.04000091552734,69.01000213623047,69.4000015258789,49.80900573730469,683200
2005-04-07,69.6500015258789,69.6500015258789,68.94000244140625,69.29000091552734,49.73005294799805,271800
2005-04-08,69.25,69.4000015258789,68.36000061035156,68.5,49.16304397583008,249700
2005-04-11,68.19999694824219,68.2300033569336,67.75,68.0,48.804203033447266,452000
2005-04-12,68.0999984741211,68.91999816894531,67.41000366210938,68.80000305175781,49.37836837768555,676500
2005-04-13,68.91000366210938,69.20999908447266,68.0,68.22000122070312,48.96211624145508,723400
2005-04-14,68.19999694824219,68.22000122070312,67.16999816894531,67.16999816894531,48.20851135253906,467000
2005-04-15,66.95999908447266,67.44000244140625,66.3499984741211,66.4000015258789,47.6558837890625,513200
2005-04-18,66.26000213623047,68.0199966430664,66.25,67.5999984741211,48.517120361328125,445200
2005-04-19,67.55999755859375,68.0,67.01000213623047,67.69000244140625,48.58169937133789,408600
2005-04-20,67.9000015258789,67.9000015258789,66.5199966430664,66.61000061035156,47.806602478027344,345300
2005-04-21,67.1500015258789,67.94999694824219,66.31999969482422,67.94999694824219,48.768333435058594,575300
2005-04-22,68.86000061035156,69.72000122070312,67.55000305175781,68.1500015258789,48.91184616088867,1248000
2005-04-25,68.30999755859375,69.37999725341797,68.2699966430664,69.2300033569336,49.686988830566406,840900
2005-04-26,69.38999938964844,70.0,68.8499984741211,68.8499984741211,49.41426086425781,624100
2005-04-27,68.9800033569336,70.41999816894531,68.41000366210938,69.83000183105469,50.11761474609375,865400
2005-04-28,70.04000091552734,70.19000244140625,69.25,69.87999725341797,50.15349578857422,486200
2005-04-29,70.0,70.33999633789062,69.0999984741211,70.02999877929688,50.26116180419922,693200
2005-05-02,70.02999877929688,70.95999908447266,69.9800033569336,70.8499984741211,50.84967803955078,819900
2005-05-03,70.8499984741211,71.19999694824219,69.7699966430664,70.36000061035156,50.49800109863281,1206600
2005-05-04,70.69000244140625,71.2300033569336,70.04000091552734,71.1500015258789,51.06499099731445,942000
2005-05-05,71.04000091552734,71.54000091552734,70.44999694824219,70.94000244140625,50.91427230834961,730200
2005-05-06,70.94000244140625,71.38999938964844,70.41999816894531,70.79000091552734,50.80662155151367,474900
2005-05-09,70.5,71.25,70.4800033569336,71.25,51.13676834106445,480100
2005-05-10,70.76000213623047,71.25,70.52999877929688,70.77999877929688,50.79943084716797,450400
2005-05-11,70.69000244140625,71.55000305175781,70.5999984741211,71.45999908447266,51.287471771240234,409900
2005-05-12,70.62999725341797,71.30999755859375,69.98999786376953,70.36000061035156,50.49800109863281,624600
2005-05-13,70.5199966430664,70.80000305175781,69.37000274658203,70.0,50.2396125793457,713000
2005-05-16,70.13999938964844,71.3499984741211,69.6500015258789,71.11000061035156,51.30009841918945,499400
2005-05-17,70.79000091552734,71.66000366210938,70.33999633789062,71.6500015258789,51.689674377441406,498900
2005-05-18,71.73999786376953,72.45999908447266,71.44999694824219,72.08000183105469,51.99990463256836,948500
2005-05-19,71.94999694824219,72.1500015258789,71.02999877929688,71.5199966430664,51.595882415771484,316200
2005-05-20,72.0999984741211,72.0999984741211,70.75,70.88999938964844,51.141395568847656,509000
2005-05-23,71.05999755859375,72.08999633789062,70.8499984741211,71.76000213623047,51.7690315246582,687300
2005-05-24,71.6500015258789,71.6500015258789,70.80999755859375,71.33999633789062,51.466033935546875,459100
2005-05-25,71.0999984741211,71.38999938964844,70.44000244140625,70.66000366210938,50.97549057006836,420500
2005-05-26,70.63999938964844,71.4800033569336,70.55000305175781,71.41999816894531,51.52375793457031,280500
2005-05-27,71.5,71.5,70.75,71.0999984741211,51.29289245605469,511000
2005-05-31,71.27999877929688,71.27999877929688,70.63999938964844,70.83999633789062,51.10532760620117,403700
2005-06-01,70.7699966430664,72.5,70.72000122070312,72.33000183105469,52.180240631103516,877900
2005-06-02,72.13999938964844,72.93000030517578,71.97000122070312,72.76000213623047,52.49045944213867,417300
2005-06-03,72.9000015258789,72.9000015258789,72.05999755859375,72.16000366210938,52.057594299316406,310400
2005-06-06,72.27999877929688,72.36000061035156,71.62000274658203,72.1500015258789,52.05038833618164,184100
2005-06-07,72.1500015258789,72.80999755859375,71.81999969482422,71.94999694824219,51.90610122680664,265800
2005-06-08,72.0,72.2699966430664,71.72000122070312,71.80000305175781,51.797889709472656,304800
2005-06-09,71.91000366210938,72.43000030517578,71.19999694824219,72.0,51.94217300415039,563500
2005-06-10,71.9800033569336,72.51000213623047,71.97000122070312,72.20999908447266,52.09366226196289,308100
2005-06-13,72.19999694824219,72.81999969482422,71.9000015258789,72.3499984741211,52.194671630859375,237200
2005-06-14,72.6500015258789,72.87999725341797,72.41999816894531,72.69000244140625,52.43996047973633,330400
2005-06-15,72.69999694824219,73.58999633789062,72.56999969482422,73.47000122070312,53.002655029296875,437600
2005-06-16,73.4000015258789,74.52999877929688,73.06999969482422,74.37999725341797,53.659156799316406,563900
2005-06-17,74.69000244140625,75.16999816894531,74.37000274658203,75.16999816894531,54.22909164428711,588600
2005-06-20,75.0,75.05000305175781,74.0,74.2699966430664,53.579803466796875,989300
2005-06-21,74.38999938964844,74.44999694824219,73.54000091552734,74.0199966430664,53.39944076538086,768200
2005-06-22,74.41999816894531,74.41999816894531,73.77999877929688,74.02999877929688,53.40666580200195,533000
2005-06-23,74.01000213623047,74.2300033569336,73.37999725341797,73.48999786376953,53.0171012878418,337400
2005-06-24,73.55000305175781,74.0,73.45999908447266,73.66999816894531,53.146942138671875,411500
2005-06-27,73.52999877929688,73.7699966430664,72.83000183105469,73.05999755859375,52.70687484741211,320000
2005-06-28,73.38999938964844,73.6500015258789,73.0,73.52999877929688,53.045936584472656,395000
2005-06-29,73.68000030517578,74.16999816894531,73.44999694824219,74.12999725341797,53.47877502441406,404600
2005-06-30,74.29000091552734,74.52999877929688,73.4000015258789,73.52999877929688,53.045936584472656,434300
2005-07-01,73.5999984741211,74.0,73.33000183105469,73.55000305175781,53.060394287109375,296900
2005-07-05,73.38999938964844,73.81999969482422,72.77999877929688,73.36000061035156,52.923309326171875,512300
2005-07-06,70.19999694824219,70.4000015258789,68.63999938964844,68.66999816894531,49.53984832763672,4596800
2005-07-07,68.87999725341797,69.69999694824219,68.5999984741211,69.56999969482422,50.189125061035156,1265400
2005-07-08,69.51000213623047,70.3499984741211,69.26000213623047,69.87000274658203,50.405548095703125,1203900
2005-07-11,70.16999816894531,70.55999755859375,69.08000183105469,69.4800033569336,50.12419891357422,1049000
2005-07-12,69.79000091552734,69.91999816894531,68.87999725341797,69.2300033569336,49.943843841552734,1032600
2005-07-13,69.30999755859375,70.38999938964844,69.2699966430664,70.38999938964844,50.780696868896484,1062500
2005-07-14,70.3499984741211,70.98999786376953,70.16999816894531,70.9000015258789,51.14862060546875,674600
2005-07-15,71.12999725341797,71.18000030517578,70.5999984741211,70.87000274658203,51.126976013183594,557800
2005-07-18,70.54000091552734,70.83000183105469,70.23999786376953,70.33999633789062,50.744598388671875,328000
2005-07-19,70.31999969482422,71.4800033569336,70.31999969482422,71.4800033569336,51.56704330444336,546600
2005-07-20,71.19999694824219,72.5,71.19999694824219,72.05999755859375,51.9854621887207,852000
2005-07-21,72.05999755859375,72.37000274658203,71.27999877929688,71.87000274658203,51.84839630126953,435800
2005-07-22,72.0,72.58999633789062,71.75,72.37999725341797,52.2163200378418,492700
2005-07-25,72.31999969482422,72.87999725341797,72.26000213623047,72.7300033569336,52.46879577636719,698000
2005-07-26,72.5,73.66999816894531,72.43000030517578,73.5999984741211,53.09645080566406,587200
2005-07-27,73.4000015258789,73.73999786376953,71.93000030517578,71.97000122070312,51.92052459716797,744200
2005-07-28,71.9000015258789,72.69999694824219,71.9000015258789,72.4000015258789,52.230735778808594,462400
2005-07-29,72.16000366210938,72.48999786376953,71.25,71.4800033569336,51.56704330444336,538000
2005-08-01,71.5999984741211,72.36000061035156,71.5,72.02999877929688,51.96384048461914,329400
2005-08-02,71.87000274658203,72.72000122070312,71.75,72.62000274658203,52.38944625854492,305300
2005-08-03,72.69999694824219,73.6500015258789,72.4000015258789,73.58999633789062,53.089210510253906,449200
2005-08-04,73.5199966430664,73.66000366210938,71.80000305175781,71.8499984741211,51.833961486816406,390100
2005-08-05,72.05000305175781,72.05000305175781,71.05000305175781,71.20999908447266,51.372257232666016,385900
2005-08-08,71.4000015258789,71.45999908447266,70.9800033569336,71.05000305175781,51.51726150512695,279000
2005-08-09,71.27999877929688,71.4800033569336,70.58000183105469,70.93000030517578,51.43025588989258,291300
2005-08-10,71.1500015258789,71.86000061035156,71.04000091552734,71.30000305175781,51.69853591918945,483500
2005-08-11,71.1500015258789,72.08000183105469,70.81999969482422,72.08000183105469,52.264122009277344,358400
2005-08-12,71.94000244140625,72.0,71.37999725341797,71.7300033569336,52.010311126708984,282900
2005-08-15,71.56999969482422,72.29000091552734,71.41000366210938,71.87000274658203,52.111846923828125,245600
2005-08-16,71.87999725341797,72.12000274658203,70.5999984741211,70.5999984741211,51.19099426269531,234200
2005-08-17,70.61000061035156,71.23999786376953,70.37000274658203,70.83000183105469,51.35774612426758,347800
2005-08-18,70.94999694824219,71.58999633789062,70.47000122070312,71.4000015258789,51.77104568481445,293700
2005-08-19,71.7699966430664,72.01000213623047,70.87000274658203,71.33999633789062,51.727542877197266,347100
2005-08-22,71.22000122070312,71.9000015258789,70.83999633789062,71.41000366210938,51.77831268310547,231800
2005-08-23,71.31999969482422,71.55999755859375,70.77999877929688,70.77999877929688,51.32148742675781,402500
2005-08-24,71.12999725341797,71.9000015258789,70.5,70.58999633789062,51.1837272644043,542200
2005-08-25,70.75,70.94000244140625,70.55000305175781,70.77999877929688,51.32148742675781,306200
2005-08-26,70.5999984741211,70.80999755859375,69.81999969482422,69.81999969482422,50.62541580200195,325500
2005-08-29,69.75,69.9800033569336,69.1500015258789,69.94999694824219,50.719661712646484,329200
2005-08-30,69.5999984741211,69.80999755859375,68.44999694824219,68.83999633789062,49.91484451293945,480600
2005-08-31,68.7300033569336,69.86000061035156,68.45999908447266,69.86000061035156,50.654415130615234,469900
2005-09-01,69.81999969482422,70.80999755859375,69.52999877929688,70.30999755859375,50.98069381713867,333900
2005-09-02,70.77999877929688,70.83999633789062,70.08000183105469,70.0999984741211,50.82841491699219,262900
2005-09-06,70.12000274658203,71.4800033569336,70.12000274658203,71.18000030517578,51.61153030395508,254200
2005-09-07,70.86000061035156,71.6500015258789,70.86000061035156,71.58999633789062,51.908817291259766,357100
2005-09-08,71.41000366210938,71.69999694824219,70.95999908447266,71.06999969482422,51.53177261352539,285300
2005-09-09,70.9000015258789,71.66999816894531,70.9000015258789,71.22000122070312,51.64052200317383,185200
2005-09-12,71.4000015258789,71.48999786376953,71.0999984741211,71.1500015258789,51.589778900146484,190100
2005-09-13,71.27999877929688,71.29000091552734,70.2300033569336,70.58999633789062,51.1837272644043,494400
2005-09-14,70.43000030517578,70.9000015258789,70.31999969482422,70.51000213623047,51.12569808959961,337400
2005-09-15,70.69999694824219,70.80999755859375,70.2300033569336,70.73999786376953,51.29248809814453,374700
2005-09-16,71.26000213623047,71.87999725341797,70.6500015258789,71.83000183105469,52.08283233642578,997300
2005-09-19,71.79000091552734,71.88999938964844,71.1500015258789,71.4000015258789,51.77104568481445,423700
2005-09-20,71.18000030517578,72.1500015258789,71.1500015258789,71.2300033569336,51.64777374267578,914000
2005-09-21,71.31999969482422,71.31999969482422,69.44999694824219,70.25,50.93718338012695,1286800
2005-09-22,70.2699966430664,71.38999938964844,69.79000091552734,71.33000183105469,51.720279693603516,887600
2005-09-23,71.0999984741211,71.66000366210938,70.91000366210938,71.51000213623047,51.850799560546875,686100
2005-09-26,71.88999938964844,72.0,71.16999816894531,71.55999755859375,51.88707733154297,573600
2005-09-27,71.41999816894531,72.5,71.41999816894531,71.95999908447266,52.17708206176758,765800
2005-09-28,72.19999694824219,72.19999694824219,70.47000122070312,70.58000183105469,51.17647171020508,753200
2005-09-29,70.5,71.7300033569336,70.2300033569336,71.6500015258789,51.95231246948242,390600
2005-09-30,71.75,71.7699966430664,70.75,71.22000122070312,51.64052200317383,411500
2005-10-03,71.2300033569336,71.70999908447266,70.97000122070312,71.48999786376953,51.83629608154297,388000
2005-10-04,71.4000015258789,71.9000015258789,70.08999633789062,70.18000030517578,50.886451721191406,305600
2005-10-05,70.02999877929688,70.52999877929688,69.37000274658203,69.43000030517578,50.342647552490234,533600
2005-10-06,69.5999984741211,69.91999816894531,68.51000213623047,69.05999755859375,50.074363708496094,433300
2005-10-07,69.0,69.62000274658203,68.83000183105469,69.48999786376953,50.386131286621094,440400
2005-10-10,69.69999694824219,69.72000122070312,69.0,69.16999816894531,50.15411376953125,286100
2005-10-11,69.0999984741211,69.37000274658203,68.41000366210938,68.55999755859375,49.7117919921875,420800
2005-10-12,68.41000366210938,69.5,67.33999633789062,67.72000122070312,49.10272979736328,583000
2005-10-13,67.11000061035156,68.11000061035156,66.66999816894531,67.97000122070312,49.28401565551758,800000
2005-10-14,68.06999969482422,69.5199966430664,68.05000305175781,69.0,50.03083801269531,488100
2005-10-17,68.61000061035156,69.7699966430664,68.58999633789062,69.69000244140625,50.53115463256836,492300
2005-10-18,69.44000244140625,70.16999816894531,69.44000244140625,69.5999984741211,50.46589660644531,440100
2005-10-19,69.25,70.47000122070312,68.80999755859375,70.44000244140625,51.07497024536133,624100
2005-10-20,70.5,71.41999816894531,70.19999694824219,70.62000274658203,51.20547103881836,655300
2005-10-21,71.3499984741211,71.5,69.79000091552734,70.5999984741211,51.19099426269531,671100
2005-10-24,70.4000015258789,72.4000015258789,70.4000015258789,72.1500015258789,52.31486892700195,682500
2005-10-25,71.81999969482422,72.62000274658203,71.5,72.30000305175781,52.42365264892578,486600
2005-10-26,71.80999755859375,72.63999938964844,71.58999633789062,71.93000030517578,52.15534210205078,357600
2005-10-27,71.5199966430664,72.0,71.30999755859375,71.66000366210938,51.95956802368164,257400
2005-10-28,71.61000061035156,73.08999633789062,71.23999786376953,73.08999633789062,52.9964485168457,418700
2005-10-31,72.7300033569336,73.83999633789062,72.7300033569336,73.47000122070312,53.271976470947266,265700
2005-11-01,73.25,73.55000305175781,72.38999938964844,72.87999725341797,52.84415817260742,424100
2005-11-02,73.05000305175781,73.27999877929688,72.43000030517578,73.16999816894531,53.054447174072266,332200
2005-11-03,73.33999633789062,74.06999969482422,72.83999633789062,73.51000213623047,53.300968170166016,650300
2005-11-04,73.79000091552734,74.02999877929688,73.06999969482422,73.77999877929688,53.49674606323242,385300
2005-11-07,73.66000366210938,73.94999694824219,73.30000305175781,73.55000305175781,53.59149169921875,375300
2005-11-08,73.70999908447266,73.70999908447266,72.9000015258789,73.1500015258789,53.300025939941406,303300
2005-11-09,73.08000183105469,73.76000213623047,72.91999816894531,73.37000274658203,53.4603157043457,319000
2005-11-10,73.7699966430664,75.05999755859375,73.25,75.02999877929688,54.669864654541016,542700
2005-11-11,75.0,75.11000061035156,74.4000015258789,75.02999877929688,54.669864654541016,201400
2005-11-14,74.87000274658203,75.12999725341797,74.54000091552734,75.08000183105469,54.7062873840332,373900
2005-11-15,74.9000015258789,74.98999786376953,74.2300033569336,74.58000183105469,54.341983795166016,315300
2005-11-16,74.6500015258789,74.6500015258789,73.83999633789062,74.1500015258789,54.02865219116211,509400
2005-11-17,74.05000305175781,75.25,73.94000244140625,75.16999816894531,54.77189254760742,383200
2005-11-18,76.44999694824219,76.5,75.16999816894531,75.72000122070312,55.17264175415039,418000
2005-11-21,75.55000305175781,76.19999694824219,75.20999908447266,76.19999694824219,55.52236557006836,311500
2005-11-22,75.87000274658203,76.19000244140625,75.0199966430664,76.05999755859375,55.42036819458008,510400
2005-11-23,76.19999694824219,76.31999969482422,75.33000183105469,76.2300033569336,55.54423141479492,364200
2005-11-25,76.38999938964844,76.68000030517578,76.02999877929688,76.66000366210938,55.85755157470703,217400
2005-11-28,76.69000244140625,77.58999633789062,76.29000091552734,76.41000366210938,55.67537307739258,797700
2005-11-29,76.75,77.22000122070312,76.18000030517578,76.52999877929688,55.7628173828125,727100
2005-11-30,76.51000213623047,76.81999969482422,75.51000213623047,75.62999725341797,55.10704040527344,760300
2005-12-01,75.7699966430664,76.37000274658203,75.69000244140625,76.26000213623047,55.566078186035156,563600
2005-12-02,76.37000274658203,77.48999786376953,75.8499984741211,75.8499984741211,55.26735305786133,2937800
2005-12-05,76.08999633789062,76.12000274658203,74.97000122070312,75.86000061035156,55.274627685546875,786800
2005-12-06,75.75,75.95999908447266,75.11000061035156,75.19999694824219,54.793731689453125,636900
2005-12-07,75.19000244140625,75.66999816894531,73.77999877929688,74.1500015258789,54.02865219116211,450400
2005-12-08,74.3499984741211,74.9000015258789,73.97000122070312,74.13999938964844,54.02135467529297,913800
2005-12-09,74.54000091552734,75.37999725341797,74.13999938964844,74.81999969482422,54.516849517822266,581400
2005-12-12,74.83999633789062,74.83999633789062,73.19000244140625,73.87000274658203,53.82462692260742,696000
2005-12-13,73.6500015258789,74.69000244140625,73.62000274658203,74.30000305175781,54.13795852661133,606700
2005-12-14,74.4800033569336,75.13999938964844,74.08999633789062,74.58999633789062,54.349266052246094,669800
2005-12-15,74.75,75.19999694824219,74.0999984741211,74.9800033569336,54.63343811035156,731100
2005-12-16,75.54000091552734,75.93000030517578,75.41000366210938,75.8499984741211,55.26735305786133,1269900
2005-12-19,76.0,76.48999786376953,75.61000061035156,75.73999786376953,55.18719482421875,943700
2005-12-20,75.66999816894531,76.2699966430664,75.66999816894531,75.9000015258789,55.30376434326172,423600
2005-12-21,76.55000305175781,77.4800033569336,76.2300033569336,76.75,55.92314147949219,683400
2005-12-22,76.80000305175781,76.8499984741211,76.12000274658203,76.8499984741211,55.99600601196289,348100
2005-12-23,76.7699966430664,77.12000274658203,76.4000015258789,76.5199966430664,55.75554656982422,143500
2005-12-27,76.63999938964844,77.66999816894531,76.26000213623047,76.29000091552734,55.58794403076172,267300
2005-12-28,76.25,76.69999694824219,76.25,76.55000305175781,55.777381896972656,251700
2005-12-29,76.80000305175781,76.80000305175781,76.4000015258789,76.54000091552734,55.770118713378906,261500
2005-12-30,75.93000030517578,76.25,75.2699966430664,75.55999755859375,55.0560417175293,407900
2006-01-03,75.81999969482422,76.5199966430664,75.12999725341797,76.4800033569336,55.72638702392578,663700
2006-01-04,76.44000244140625,77.2300033569336,76.37000274658203,77.0199966430664,56.11988067626953,523100
2006-01-05,76.97000122070312,77.83000183105469,76.97000122070312,77.72000122070312,56.62992477416992,535800
2006-01-06,77.9000015258789,78.6500015258789,77.5199966430664,78.52999877929688,57.220123291015625,544600
2006-01-09,78.22000122070312,78.30999755859375,77.55999755859375,77.87999725341797,56.74648666381836,639700
2006-01-10,77.54000091552734,77.62000274658203,76.69999694824219,76.97000122070312,56.08340072631836,418600
2006-01-11,76.87999725341797,77.5,76.73999786376953,77.41999816894531,56.41130828857422,431800
2006-01-12,77.58000183105469,77.58000183105469,76.18000030517578,76.25,55.55880355834961,274900
2006-01-13,76.5999984741211,77.04000091552734,76.38999938964844,77.04000091552734,56.13444519042969,543300
2006-01-17,76.48999786376953,77.22000122070312,75.5,76.66999816894531,55.86481475830078,358600
2006-01-18,76.29000091552734,77.41000366210938,76.22000122070312,76.8499984741211,55.99600601196289,272100
2006-01-19,76.76000213623047,77.5199966430664,76.30000305175781,77.18000030517578,56.236427307128906,341200
2006-01-20,77.31999969482422,77.87000274658203,75.5999984741211,75.72000122070312,55.17264175415039,652300
2006-01-23,75.58000183105469,76.88999938964844,75.37000274658203,76.05000305175781,55.4130859375,442500
2006-01-24,76.2300033569336,77.45999908447266,75.98999786376953,77.36000061035156,56.36756896972656,691400
2006-01-25,78.0,81.44999694824219,77.75,80.61000061035156,58.73568344116211,1726300
2006-01-26,80.62000274658203,81.5999984741211,80.47000122070312,81.33999633789062,59.267601013183594,808600
2006-01-27,80.80000305175781,80.80000305175781,78.97000122070312,80.04000091552734,58.320335388183594,1278100
2006-01-30,80.1500015258789,80.1500015258789,79.19999694824219,79.33999633789062,57.810298919677734,567600
2006-01-31,79.61000061035156,79.81999969482422,78.45999908447266,79.06999969482422,57.61355209350586,987200
2006-02-01,78.79000091552734,79.73999786376953,78.69999694824219,79.0,57.562557220458984,899100
2006-02-02,78.69999694824219,79.05000305175781,78.12000274658203,78.33000183105469,57.07439041137695,315400
2006-02-03,77.91000366210938,79.31999969482422,77.27999877929688,79.12000274658203,57.64999771118164,674400
2006-02-06,78.7699966430664,79.25,78.2699966430664,78.51000213623047,57.46699523925781,440800
2006-02-07,78.25,78.69999694824219,77.77999877929688,78.0999984741211,57.16691207885742,284500
2006-02-08,78.69999694824219,78.9800033569336,77.72000122070312,78.69999694824219,57.606048583984375,352300
2006-02-09,78.47000122070312,79.87999725341797,78.12999725341797,79.26000213623047,58.01596450805664,528900
2006-02-10,78.98999786376953,80.44000244140625,78.98999786376953,80.0,58.55762481689453,618100
2006-02-13,79.58000183105469,80.31999969482422,78.95999908447266,79.22000122070312,57.98672103881836,336200
2006-02-14,79.37999725341797,80.69000244140625,79.08000183105469,80.69000244140625,59.062713623046875,592500
2006-02-15,80.44999694824219,81.0,80.05000305175781,80.91999816894531,59.23102951049805,570200
2006-02-16,80.72000122070312,81.69999694824219,80.5199966430664,81.58000183105469,59.71416091918945,501500
2006-02-17,81.63999938964844,81.77999877929688,79.61000061035156,80.12999725341797,58.65279006958008,767900
2006-02-21,80.83000183105469,81.45999908447266,80.62999725341797,80.95999908447266,59.26034164428711,420000
2006-02-22,81.0999984741211,83.37999725341797,80.91999816894531,83.08999633789062,60.819454193115234,695500
2006-02-23,82.80999755859375,83.77999877929688,81.76000213623047,83.08999633789062,60.819454193115234,369800
2006-02-24,82.95999908447266,83.91000366210938,82.58999633789062,83.72000122070312,61.280555725097656,635500
2006-02-27,83.8499984741211,84.05999755859375,83.08999633789062,83.18000030517578,60.88530731201172,444900
2006-02-28,83.04000091552734,83.45999908447266,81.9000015258789,82.5199966430664,60.402198791503906,715900
2006-03-01,82.30999755859375,83.68000030517578,82.30999755859375,83.68000030517578,61.25124740600586,428300
2006-03-02,83.20999908447266,83.44999694824219,82.18000030517578,82.98999786376953,60.746219635009766,328200
2006-03-03,82.9000015258789,83.0199966430664,82.01000213623047,82.08999633789062,60.08747863769531,504600
2006-03-06,82.04000091552734,82.25,81.61000061035156,81.63999938964844,59.758087158203125,663700
2006-03-07,81.75,82.41999816894531,81.4800033569336,82.30000305175781,60.241180419921875,798500
2006-03-08,81.7300033569336,83.30000305175781,81.62000274658203,83.22000122070312,60.91457748413086,715800
2006-03-09,83.33999633789062,83.3499984741211,81.75,81.86000061035156,59.919097900390625,500100
2006-03-10,81.7699966430664,83.06999969482422,81.66000366210938,82.8499984741211,60.643760681152344,507300
2006-03-13,83.0,83.5,82.70999908447266,83.0199966430664,60.76818084716797,399300
2006-03-14,82.77999877929688,83.94000244140625,82.41999816894531,83.56999969482422,61.17076873779297,424300
2006-03-15,83.80000305175781,83.87000274658203,83.05999755859375,83.69000244140625,61.25861740112305,426700
2006-03-16,83.94999694824219,84.1500015258789,83.4800033569336,84.13999938964844,61.58800506591797,356500
2006-03-17,84.33999633789062,85.25,84.13999938964844,85.04000091552734,62.246803283691406,630000
2006-03-20,85.1500015258789,85.1500015258789,83.83999633789062,84.70999908447266,62.005210876464844,287600
2006-03-21,84.0199966430664,84.7699966430664,83.75,84.0199966430664,61.50019073486328,445500
2006-03-22,83.58000183105469,84.04000091552734,83.44000244140625,83.94000244140625,61.44159698486328,303300
2006-03-23,84.05000305175781,84.05000305175781,83.05000305175781,83.61000061035156,61.20005798339844,468100
2006-03-24,83.5,83.69000244140625,82.95999908447266,83.30000305175781,60.97315216064453,330000
2006-03-27,83.22000122070312,83.51000213623047,82.98999786376953,83.51000213623047,61.12687683105469,483800
2006-03-28,83.4000015258789,83.8499984741211,82.97000122070312,83.12000274658203,60.84138107299805,715500
2006-03-29,83.4000015258789,83.4000015258789,82.29000091552734,83.18000030517578,60.88530731201172,410100
2006-03-30,83.01000213623047,83.06999969482422,81.87999725341797,82.0999984741211,60.094783782958984,515500
2006-03-31,82.44000244140625,82.9000015258789,82.13999938964844,82.7300033569336,60.5559196472168,623100
2006-04-03,82.98999786376953,83.51000213623047,82.54000091552734,82.58000183105469,60.44610595703125,585900
2006-04-04,82.43000030517578,83.66999816894531,82.19000244140625,83.52999877929688,61.1414794921875,396000
2006-04-05,83.33000183105469,83.70999908447266,82.95999908447266,83.6500015258789,61.229312896728516,352700
2006-04-06,83.6500015258789,83.6500015258789,83.01000213623047,83.19000244140625,60.89262008666992,559500
2006-04-07,83.11000061035156,83.54000091552734,82.08000183105469,82.2300033569336,60.1899299621582,229000
2006-04-10,82.0999984741211,82.48999786376953,81.95999908447266,82.33000183105469,60.26311492919922,487800
2006-04-11,82.19999694824219,82.4000015258789,81.19999694824219,81.33999633789062,59.53850173950195,361100
2006-04-12,81.30000305175781,81.33999633789062,80.63999938964844,80.91000366210938,59.223731994628906,408900
2006-04-13,81.0199966430664,81.2300033569336,80.5999984741211,80.91999816894531,59.23102951049805,289500
2006-04-17,80.80000305175781,81.63999938964844,80.73999786376953,81.63999938964844,59.758087158203125,399800
2006-04-18,81.48999786376953,83.98999786376953,81.44000244140625,83.83000183105469,61.36109161376953,546500
2006-04-19,83.73999786376953,83.94999694824219,82.8499984741211,83.4000015258789,61.04630661010742,355100
2006-04-20,83.16999816894531,83.58999633789062,82.5199966430664,83.27999877929688,60.9584846496582,445800
2006-04-21,83.55000305175781,84.18000030517578,80.66999816894531,81.45999908447266,59.62630081176758,790100
2006-04-24,81.23999786376953,81.33999633789062,80.77999877929688,80.91999816894531,59.23102951049805,572700
2006-04-25,81.06999969482422,81.47000122070312,80.26000213623047,81.36000061035156,59.5531120300293,686700
2006-04-26,81.63999938964844,82.0,81.25,81.37999725341797,59.5677490234375,375500
2006-04-27,81.30000305175781,82.63999938964844,80.80000305175781,82.02999877929688,60.04354476928711,432800
2006-04-28,82.12999725341797,83.45999908447266,81.83999633789062,83.02999877929688,60.77553176879883,649400
2006-05-01,82.86000061035156,83.0,81.0199966430664,81.1500015258789,59.39939498901367,451500
2006-05-02,81.05999755859375,81.4000015258789,80.47000122070312,80.6500015258789,59.03342819213867,683200
2006-05-03,80.44000244140625,80.87000274658203,80.23999786376953,80.73999786376953,59.09931564331055,524500
2006-05-04,80.6500015258789,81.08999633789062,80.44999694824219,80.93000030517578,59.23835754394531,344200
2006-05-05,81.37000274658203,81.75,80.9000015258789,81.62999725341797,59.75076675415039,542300
2006-05-08,81.5199966430664,81.98999786376953,81.51000213623047,81.73999786376953,60.09629821777344,303400
2006-05-09,81.54000091552734,81.73999786376953,81.04000091552734,81.36000061035156,59.81690979003906,305600
2006-05-10,81.0,82.01000213623047,81.0,81.91000366210938,60.221317291259766,305200
2006-05-11,81.7699966430664,82.0,79.63999938964844,79.98999786376953,58.80966567993164,556800
2006-05-12,80.36000061035156,80.81999969482422,80.0199966430664,80.2699966430664,59.015533447265625,375400
2006-05-15,80.41999816894531,80.94999694824219,80.02999877929688,80.51000213623047,59.19198989868164,614200
2006-05-16,80.47000122070312,80.66000366210938,79.9000015258789,80.5199966430664,59.199317932128906,467500
2006-05-17,80.25,80.43000030517578,79.4000015258789,79.48999786376953,58.44205856323242,674000
2006-05-18,79.5999984741211,80.23999786376953,79.33000183105469,79.4000015258789,58.37588882446289,398800
2006-05-19,80.1500015258789,81.2699966430664,79.38999938964844,80.73999786376953,59.36111068725586,699200
2006-05-22,80.47000122070312,81.6500015258789,80.05000305175781,81.29000091552734,59.76544952392578,648500
2006-05-23,81.30000305175781,81.58999633789062,80.75,80.76000213623047,59.375831604003906,538100
2006-05-24,80.5999984741211,81.5,80.37000274658203,81.08999633789062,59.618404388427734,375700
2006-05-25,80.05999755859375,81.27999877929688,80.05999755859375,81.13999938964844,59.655181884765625,501900
2006-05-26,81.1500015258789,81.5,80.7699966430664,81.2699966430664,59.750728607177734,156000
2006-05-30,80.75,81.04000091552734,80.25,80.30999755859375,59.044952392578125,240600
2006-05-31,80.6500015258789,81.19000244140625,80.33000183105469,81.02999877929688,59.574302673339844,565800
2006-06-01,81.02999877929688,82.4000015258789,81.02999877929688,82.3499984741211,60.544769287109375,440100
2006-06-02,82.06999969482422,82.9800033569336,81.5999984741211,82.91999816894531,60.963863372802734,591900
2006-06-05,82.80999755859375,82.9000015258789,81.55000305175781,81.79000091552734,60.133079528808594,662200
2006-06-06,81.93000030517578,82.2300033569336,81.3499984741211,82.11000061035156,60.36832046508789,558200
2006-06-07,82.05000305175781,82.93000030517578,81.79000091552734,82.30999755859375,60.51537322998047,373600
2006-06-08,82.29000091552734,83.05000305175781,81.29000091552734,82.80999755859375,60.8829460144043,451100
2006-06-09,82.58000183105469,83.29000091552734,81.98999786376953,82.75,60.83885955810547,825100
2006-06-12,82.86000061035156,82.86000061035156,81.8499984741211,81.91000366210938,60.221317291259766,311300
2006-06-13,81.75,82.56999969482422,81.30000305175781,81.4000015258789,59.84634017944336,1280400
2006-06-14,81.30000305175781,81.44999694824219,79.47000122070312,80.58000183105469,59.243446350097656,969000
2006-06-15,80.95999908447266,81.02999877929688,80.31999969482422,80.75,59.36844253540039,979700
2006-06-16,80.91000366210938,80.98999786376953,79.88999938964844,80.30000305175781,59.03759002685547,808200
2006-06-19,80.02999877929688,80.76000213623047,79.97000122070312,80.16999816894531,58.942012786865234,625700
2006-06-20,80.05999755859375,80.79000091552734,80.04000091552734,80.30000305175781,59.03759002685547,539400
2006-06-21,80.18000030517578,80.54000091552734,78.83999633789062,79.87999725341797,58.72880554199219,1273900
2006-06-22,79.63999938964844,79.8499984741211,78.79000091552734,78.91999816894531,58.02299118041992,535900
2006-06-23,78.45999908447266,78.4800033569336,76.27999877929688,76.86000061035156,56.50844955444336,1388100
2006-06-26,77.08999633789062,78.66000366210938,76.72000122070312,78.55000305175781,57.75098419189453,953000
2006-06-27,78.30999755859375,78.5999984741211,77.22000122070312,77.2699966430664,56.80988693237305,525700
2006-06-28,77.01000213623047,77.9000015258789,76.80999755859375,77.27999877929688,56.81724166870117,532700
2006-06-29,77.13999938964844,78.41999816894531,77.13999938964844,78.22000122070312,57.50834655761719,899300
2006-06-30,78.5,78.5,77.91999816894531,77.94000244140625,57.3025016784668,605100
2006-07-03,78.1500015258789,78.3499984741211,77.80000305175781,77.86000061035156,57.243690490722656,247400
2006-07-05,77.4000015258789,77.5,76.58999633789062,76.76000213623047,56.434940338134766,354600
2006-07-06,76.62999725341797,77.31999969482422,76.48999786376953,77.08999633789062,56.67755889892578,457000
2006-07-07,77.08999633789062,77.19000244140625,76.1500015258789,76.30000305175781,56.09674072265625,327000
2006-07-10,76.58999633789062,76.91999816894531,76.19000244140625,76.62999725341797,56.339359283447266,444800
2006-07-11,76.44000244140625,76.5999984741211,75.55999755859375,76.44000244140625,56.19964599609375,897000
2006-07-12,76.30000305175781,76.7300033569336,75.76000213623047,75.86000061035156,55.773250579833984,300900
2006-07-13,75.77999877929688,76.3499984741211,75.33000183105469,75.3499984741211,55.39828109741211,409000
2006-07-14,75.25,76.19000244140625,75.25,75.87999725341797,55.78794479370117,522100
2006-07-17,75.94000244140625,77.54000091552734,75.48999786376953,77.33999633789062,56.86138153076172,823100
2006-07-18,77.30999755859375,78.19000244140625,76.91000366210938,77.87999725341797,57.25837326049805,599700
2006-07-19,78.0,80.13999938964844,77.81999969482422,79.80000305175781,58.66999435424805,954100
2006-07-20,79.63999938964844,80.0999984741211,78.8499984741211,78.88999938964844,58.00095748901367,432800
2006-07-21,81.55999755859375,83.44999694824219,80.18000030517578,82.69999694824219,60.802066802978516,2186700
2006-07-24,82.69999694824219,83.2699966430664,82.55000305175781,83.22000122070312,61.18440246582031,783200
2006-07-25,83.01000213623047,83.81999969482422,82.55000305175781,83.58000183105469,61.44910430908203,451900
2006-07-26,83.1500015258789,83.33000183105469,82.0199966430664,82.31999969482422,60.522762298583984,632400
2006-07-27,82.68000030517578,82.68000030517578,81.0999984741211,81.12000274658203,59.64046859741211,498400
2006-07-28,81.45999908447266,83.41999816894531,81.05000305175781,83.29000091552734,61.23589324951172,661800
2006-07-31,82.83000183105469,82.83000183105469,81.56999969482422,82.13999938964844,60.39035415649414,483300
2006-08-01,82.18000030517578,82.44999694824219,81.55000305175781,81.83999633789062,60.16983413696289,396700
2006-08-02,82.0,82.69000244140625,81.30000305175781,81.97000122070312,60.265403747558594,459100
2006-08-03,81.73999786376953,83.16000366210938,81.05999755859375,82.80999755859375,60.8829460144043,519900
2006-08-04,83.58000183105469,84.08999633789062,82.61000061035156,83.05000305175781,61.05944061279297,439300
2006-08-07,82.47000122070312,82.94999694824219,82.0,82.61000061035156,61.00033950805664,392100
2006-08-08,82.73999786376953,83.18000030517578,81.6500015258789,81.91999816894531,60.49085998535156,354300
2006-08-09,82.13999938964844,82.8499984741211,80.98999786376953,81.08000183105469,59.870601654052734,358200
2006-08-10,81.0,81.33999633789062,80.55999755859375,81.06999969482422,59.863189697265625,338700
2006-08-11,80.77999877929688,81.37999725341797,80.56999969482422,81.13999938964844,59.91489791870117,220200
2006-08-14,81.62999725341797,82.2300033569336,81.16000366210938,81.66000366210938,60.29889678955078,317400
2006-08-15,82.30000305175781,83.0999984741211,81.79000091552734,82.91000366210938,61.22187423706055,362900
2006-08-16,83.0,83.08000183105469,82.16999816894531,82.2699966430664,60.74929428100586,284000
2006-08-17,81.87000274658203,82.33999633789062,81.05999755859375,81.18000030517578,59.944419860839844,573900
2006-08-18,81.83000183105469,82.43000030517578,81.37999725341797,81.73999786376953,60.357933044433594,408900
2006-08-21,81.62999725341797,81.83999633789062,81.13999938964844,81.29000091552734,60.0256462097168,268700
2006-08-22,81.22000122070312,81.36000061035156,80.69999694824219,80.87999725341797,59.72288513183594,297000
2006-08-23,81.0,81.05999755859375,79.37999725341797,79.81999969482422,58.940185546875,488500
2006-08-24,80.0,80.38999938964844,79.44999694824219,79.80999755859375,58.932804107666016,351300
2006-08-25,79.5,79.5199966430664,78.66000366210938,78.86000061035156,58.23127746582031,379200
2006-08-28,78.54000091552734,79.75,78.54000091552734,79.43000030517578,58.65218734741211,486800
2006-08-29,79.12999725341797,79.66999816894531,78.91999816894531,79.36000061035156,58.60051345825195,565200
2006-08-30,79.58000183105469,79.58000183105469,78.27999877929688,78.69999694824219,58.11312484741211,500600
2006-08-31,79.05000305175781,79.16000366210938,78.6500015258789,78.98999786376953,58.32732009887695,360300
2006-09-01,79.01000213623047,79.31999969482422,78.83999633789062,78.95999908447266,58.30514144897461,308500
2006-09-05,79.41999816894531,79.5,78.87999725341797,79.27999877929688,58.54144287109375,379500
2006-09-06,78.75,79.33000183105469,78.73999786376953,78.94000244140625,58.290401458740234,383600
2006-09-07,79.0,79.05999755859375,77.05999755859375,77.2300033569336,57.02770233154297,574700
2006-09-08,77.58999633789062,77.5999984741211,76.72000122070312,77.44999694824219,57.190120697021484,534100
2006-09-11,77.22000122070312,78.2699966430664,77.22000122070312,78.05999755859375,57.640560150146484,453200
2006-09-12,77.94999694824219,79.1500015258789,77.80000305175781,78.81999969482422,58.2017936706543,319600
2006-09-13,78.58999633789062,78.61000061035156,78.08000183105469,78.26000213623047,57.78827667236328,492400
2006-09-14,78.0199966430664,78.13999938964844,76.79000091552734,77.01000213623047,56.86525344848633,728300
2006-09-15,77.33999633789062,77.8499984741211,76.73999786376953,77.66000366210938,57.34521484375,685600
2006-09-18,77.8499984741211,78.55000305175781,77.2300033569336,77.91000366210938,57.529815673828125,428300
2006-09-19,77.70999908447266,78.0999984741211,77.19999694824219,77.4800033569336,57.21230697631836,669400
2006-09-20,77.6500015258789,79.25,77.6500015258789,78.61000061035156,58.046695709228516,742800
2006-09-21,78.7699966430664,79.08000183105469,78.0,78.37999725341797,57.87686538696289,562800
2006-09-22,78.2699966430664,78.56999969482422,77.83999633789062,77.87000274658203,57.50027847290039,383100
2006-09-25,78.05000305175781,79.62000274658203,78.05000305175781,79.44999694824219,58.66698455810547,679900
2006-09-26,79.25,80.43000030517578,79.25,80.37999725341797,59.35371017456055,981500
2006-09-27,80.16000366210938,81.11000061035156,80.12000274658203,80.19999694824219,59.22077560424805,610500
2006-09-28,80.30999755859375,80.69999694824219,79.8499984741211,80.61000061035156,59.523536682128906,411900
2006-09-29,80.80000305175781,80.80000305175781,79.70999908447266,79.80999755859375,58.932804107666016,411100
2006-10-02,79.63999938964844,79.70999908447266,78.44000244140625,78.9000015258789,58.260841369628906,461700
2006-10-03,79.04000091552734,79.80000305175781,78.77999877929688,79.2300033569336,58.50455856323242,560000
2006-10-04,78.77999877929688,80.0,78.77999877929688,79.98999786376953,59.06570053100586,645200
2006-10-05,79.81999969482422,80.0,79.38999938964844,79.7300033569336,58.87372589111328,442100
2006-10-06,79.7300033569336,79.8499984741211,79.05000305175781,79.3499984741211,58.59311294555664,286700
2006-10-09,78.97000122070312,79.55999755859375,77.75,79.41999816894531,58.64481735229492,432800
2006-10-10,79.7300033569336,79.88999938964844,79.12000274658203,79.58000183105469,58.762969970703125,470800
2006-10-11,79.66999816894531,80.19999694824219,78.98999786376953,80.08000183105469,59.132179260253906,671300
2006-10-12,80.37999725341797,80.87999725341797,79.95999908447266,80.87999725341797,59.72288513183594,369200
2006-10-13,80.54000091552734,81.66999816894531,80.54000091552734,80.55999755859375,59.486610412597656,690500
2006-10-16,80.48999786376953,80.80000305175781,79.94999694824219,80.37000274658203,59.3463020324707,441100
2006-10-17,80.12000274658203,80.27999877929688,79.51000213623047,80.23999786376953,59.25028991699219,383000
2006-10-18,80.0999984741211,80.33000183105469,79.36000061035156,79.61000061035156,58.78512191772461,477600
2006-10-19,79.44000244140625,79.45999908447266,78.58000183105469,79.08999633789062,58.40114212036133,444900
2006-10-20,79.68000030517578,81.79000091552734,79.5,81.04000091552734,59.8410530090332,1480100
2006-10-23,80.75,81.3499984741211,80.33000183105469,81.33999633789062,60.06259536743164,652300
2006-10-24,80.9800033569336,81.2300033569336,80.16000366210938,81.08000183105469,59.870601654052734,707700
2006-10-25,81.08000183105469,81.41000366210938,80.20999908447266,80.56999969482422,59.493995666503906,499100
2006-10-26,80.36000061035156,80.87999725341797,80.08999633789062,80.80999755859375,59.67123794555664,342100
2006-10-27,80.72000122070312,80.86000061035156,79.91000366210938,80.08000183105469,59.132179260253906,294200
2006-10-30,80.16000366210938,80.45999908447266,79.72000122070312,79.98999786376953,59.06570053100586,460300
2006-10-31,79.86000061035156,80.83000183105469,79.08999633789062,80.4000015258789,59.368473052978516,627600
2006-11-01,80.3499984741211,80.7699966430664,79.31999969482422,79.33000183105469,58.57835388183594,401500
2006-11-02,79.12000274658203,79.26000213623047,78.41999816894531,78.62000274658203,58.05408477783203,354100
2006-11-03,78.69000244140625,78.91000366210938,77.56999969482422,77.80999755859375,57.45595169067383,549000
2006-11-06,77.9000015258789,78.30999755859375,77.69999694824219,78.19000244140625,58.02742004394531,305000
2006-11-07,78.30000305175781,79.3499984741211,78.13999938964844,79.0999984741211,58.702762603759766,354300
2006-11-08,78.91000366210938,79.5,78.58999633789062,79.33999633789062,58.88090133666992,254600
2006-11-09,79.04000091552734,79.5999984741211,79.04000091552734,79.29000091552734,58.843772888183594,337100
2006-11-10,79.48999786376953,79.7699966430664,78.93000030517578,79.44000244140625,58.955078125,238300
2006-11-13,79.36000061035156,79.8499984741211,78.91000366210938,79.06999969482422,58.680477142333984,353600
2006-11-14,79.16000366210938,79.63999938964844,78.36000061035156,79.4800033569336,58.984779357910156,321800
2006-11-15,79.30999755859375,79.62000274658203,78.93000030517578,79.16000366210938,58.74729537963867,329700
2006-11-16,79.22000122070312,79.94000244140625,79.20999908447266,79.83000183105469,59.24452209472656,274700
2006-11-17,79.70999908447266,79.88999938964844,79.06999969482422,79.37000274658203,58.90315246582031,365300
2006-11-20,79.04000091552734,79.5999984741211,79.04000091552734,79.37000274658203,58.90315246582031,261300
2006-11-21,79.5,79.5199966430664,78.69000244140625,78.79000091552734,58.47270202636719,244000
2006-11-22,78.80999755859375,79.20999908447266,78.62999725341797,78.93000030517578,58.57661056518555,207300
2006-11-24,78.80999755859375,79.33000183105469,78.66000366210938,79.19999694824219,58.77696990966797,98900
2006-11-27,79.16999816894531,79.26000213623047,78.23999786376953,78.4800033569336,58.24264144897461,462600
2006-11-28,78.4800033569336,78.98999786376953,78.0,78.2699966430664,58.08678436279297,390000
2006-11-29,78.44000244140625,78.9800033569336,78.19000244140625,78.9800033569336,58.613704681396484,358900
2006-11-30,78.77999877929688,78.91000366210938,77.94999694824219,78.23999786376953,58.064537048339844,524900
2006-12-01,78.4000015258789,78.4000015258789,77.37000274658203,77.98999786376953,57.87898635864258,655100
2006-12-04,78.08999633789062,79.22000122070312,77.87000274658203,79.01000213623047,58.63595962524414,313900
2006-12-05,78.87999725341797,79.2699966430664,78.70999908447266,79.0199966430664,58.64337921142578,359300
2006-12-06,78.83999633789062,79.13999938964844,78.69999694824219,79.08000183105469,58.68791961669922,315000
2006-12-07,79.0,79.41999816894531,78.80000305175781,79.01000213623047,58.63595962524414,280400
2006-12-08,79.08000183105469,79.30000305175781,78.66999816894531,78.94999694824219,58.59143829345703,265300
2006-12-11,79.18000030517578,80.27999877929688,78.9800033569336,79.88999938964844,59.28902053833008,604800
2006-12-12,80.11000061035156,80.75,79.69000244140625,80.63999938964844,59.84565734863281,429800
2006-12-13,80.55999755859375,80.93000030517578,80.29000091552734,80.54000091552734,59.771453857421875,394900
2006-12-14,80.44999694824219,81.31999969482422,80.27999877929688,81.23999786376953,60.29091262817383,495500
2006-12-15,81.45999908447266,82.36000061035156,81.44000244140625,81.77999877929688,60.69167709350586,748000
2006-12-18,82.0199966430664,82.19000244140625,81.19999694824219,81.29000091552734,60.328033447265625,486000
2006-12-19,80.9800033569336,81.38999938964844,80.41999816894531,80.4800033569336,59.72690200805664,685400
2006-12-20,80.41000366210938,81.0,80.0,80.83000183105469,59.98663330078125,381900
2006-12-21,81.12000274658203,81.7300033569336,80.9000015258789,81.33999633789062,60.365142822265625,439800
2006-12-22,81.58000183105469,82.20999908447266,81.4000015258789,81.7300033569336,60.65455627441406,477100
2006-12-26,81.7300033569336,82.04000091552734,81.62000274658203,81.91999816894531,60.79556655883789,412300
2006-12-27,82.27999877929688,82.88999938964844,82.01000213623047,82.8499984741211,61.48575210571289,362900
2006-12-28,82.61000061035156,83.0,82.43000030517578,82.83000183105469,61.470909118652344,300000
2006-12-29,82.75,83.1500015258789,82.31999969482422,82.44000244140625,61.18149185180664,386900
2007-01-03,82.2300033569336,83.12000274658203,81.18000030517578,82.91000366210938,61.53028869628906,693400
2007-01-04,82.80000305175781,83.5,82.55000305175781,83.27999877929688,61.804893493652344,569800
2007-01-05,83.06999969482422,83.16000366210938,82.5999984741211,83.02999877929688,61.61931610107422,839200
2007-01-08,82.80000305175781,83.22000122070312,82.1500015258789,83.16999816894531,61.72325134277344,621300
2007-01-09,83.2699966430664,83.73999786376953,83.19000244140625,83.62999725341797,62.064605712890625,789800
2007-01-10,83.30000305175781,84.2300033569336,83.12999725341797,84.12000274658203,62.428279876708984,578800
2007-01-11,83.0999984741211,84.16000366210938,82.94999694824219,83.51000213623047,61.97557067871094,1189600
2007-01-12,83.26000213623047,83.44999694824219,82.80999755859375,83.25,61.782630920410156,412300
2007-01-16,83.08000183105469,83.41999816894531,82.80000305175781,83.12000274658203,61.6861457824707,412900
2007-01-17,83.16999816894531,83.62000274658203,82.73999786376953,83.12999725341797,61.69356918334961,404700
2007-01-18,83.25,83.41999816894531,82.95999908447266,83.08000183105469,61.65643310546875,315500
2007-01-19,82.79000091552734,83.41000366210938,82.68000030517578,82.73999786376953,61.40411376953125,359200
2007-01-22,82.69000244140625,82.80999755859375,82.30000305175781,82.54000091552734,61.255680084228516,334800
2007-01-23,82.55000305175781,82.83999633789062,82.04000091552734,82.47000122070312,61.20375061035156,379800
2007-01-24,82.86000061035156,83.75,82.58999633789062,83.45999908447266,61.938453674316406,515700
2007-01-25,83.22000122070312,84.4800033569336,83.04000091552734,83.16999816894531,61.72325134277344,597800
2007-01-26,84.16999816894531,84.66000366210938,83.63999938964844,84.48999786376953,62.702877044677734,673400
2007-01-29,84.27999877929688,84.55000305175781,83.87000274658203,84.05000305175781,62.37633514404297,410800
2007-01-30,84.18000030517578,84.55000305175781,83.75,84.2300033569336,62.5098991394043,441900
2007-01-31,83.95999908447266,84.94999694824219,83.54000091552734,84.81999969482422,62.94774627685547,411800
2007-02-01,84.80999755859375,85.2699966430664,84.5,85.0999984741211,63.15553665161133,479800
2007-02-02,84.98999786376953,85.81999969482422,84.98999786376953,85.47000122070312,63.4301872253418,440000
2007-02-05,85.11000061035156,85.23999786376953,84.18000030517578,85.0,63.37046813964844,477700
2007-02-06,84.93000030517578,85.66000366210938,84.68000030517578,85.33000183105469,63.61653518676758,447500
2007-02-07,85.37999725341797,85.66999816894531,84.95999908447266,85.41999816894531,63.683631896972656,316800
2007-02-08,85.12000274658203,85.58000183105469,84.77999877929688,85.22000122070312,63.5345458984375,303200
2007-02-09,85.08000183105469,85.9800033569336,85.08000183105469,85.52999877929688,63.7656364440918,515800
2007-02-12,85.51000213623047,85.80999755859375,85.12000274658203,85.76000213623047,63.937137603759766,281900
2007-02-13,85.7300033569336,86.12999725341797,84.83000183105469,86.05000305175781,64.15330505371094,373300
2007-02-14,85.87000274658203,86.30999755859375,84.94000244140625,86.02999877929688,64.1384506225586,492800
2007-02-15,86.77999877929688,87.91999816894531,86.5999984741211,87.58000183105469,65.29398345947266,1049400
2007-02-16,87.5999984741211,87.73999786376953,87.13999938964844,87.55999755859375,65.27906036376953,557200
2007-02-20,88.0,88.29000091552734,87.4000015258789,88.27999877929688,65.81584930419922,322500
2007-02-21,88.2699966430664,88.55999755859375,87.80999755859375,87.86000061035156,65.50272369384766,530500
2007-02-22,87.87000274658203,88.26000213623047,87.18000030517578,87.55000305175781,65.27163696289062,459300
2007-02-23,87.69000244140625,87.69000244140625,86.81999969482422,87.43000030517578,65.18218231201172,315000
2007-02-26,87.44999694824219,87.62000274658203,86.45999908447266,86.80000305175781,64.71249389648438,367100
2007-02-27,86.5999984741211,86.62999725341797,84.62000274658203,85.13999938964844,63.47486877441406,751100
2007-02-28,85.13999938964844,86.29000091552734,84.56999969482422,85.37999725341797,63.6537971496582,646100
2007-03-01,84.56999969482422,85.2300033569336,83.44000244140625,84.75,63.18411636352539,599800
2007-03-02,84.68000030517578,85.36000061035156,83.75,84.94000244140625,63.32581329345703,740500
2007-03-05,84.1500015258789,85.05999755859375,83.5,83.72000122070312,62.4162483215332,615700
2007-03-06,83.8499984741211,85.70999908447266,83.8499984741211,85.56999969482422,63.79547882080078,677700
2007-03-07,85.31999969482422,86.08000183105469,84.75,85.5199966430664,63.75818634033203,654100
2007-03-08,85.9800033569336,86.68000030517578,85.55000305175781,85.86000061035156,64.01165008544922,436100
2007-03-09,85.94999694824219,86.19999694824219,85.5,85.81999969482422,63.98182678222656,570900
2007-03-12,85.83000183105469,86.80999755859375,85.51000213623047,86.54000091552734,64.51861572265625,512500
2007-03-13,86.38999938964844,86.44999694824219,83.38999938964844,83.44000244140625,62.20746994018555,1332500
2007-03-14,83.31999969482422,84.12999725341797,81.88999938964844,83.5999984741211,62.32674026489258,903900
2007-03-15,83.5999984741211,85.06999969482422,83.33999633789062,84.41000366210938,62.93061828613281,601700
2007-03-16,84.33999633789062,85.36000061035156,84.02999877929688,84.16999816894531,62.751705169677734,1263200
2007-03-19,84.33000183105469,85.36000061035156,84.19999694824219,85.1500015258789,63.48235321044922,421000
2007-03-20,85.0199966430664,85.93000030517578,84.91000366210938,85.69999694824219,63.89239501953125,515400
2007-03-21,85.41999816894531,87.68000030517578,84.93000030517578,87.36000061035156,65.1299819946289,499600
2007-03-22,86.56999969482422,86.9800033569336,85.95999908447266,86.44999694824219,64.45155334472656,492000
2007-03-23,87.01000213623047,87.06999969482422,86.29000091552734,86.31999969482422,64.3546142578125,496000
2007-03-26,86.1500015258789,86.2699966430664,85.33999633789062,86.25,64.30241394042969,489300
2007-03-27,86.05999755859375,86.26000213623047,85.0,85.41000366210938,63.676170349121094,366400
2007-03-28,84.9800033569336,85.2300033569336,84.19999694824219,84.26000213623047,62.818809509277344,406500
2007-03-29,84.33000183105469,85.05000305175781,84.22000122070312,84.80000305175781,63.22140884399414,386500
2007-03-30,84.7699966430664,84.94999694824219,83.75,84.5199966430664,63.01265335083008,757100
2007-04-02,84.37000274658203,84.4000015258789,82.5999984741211,83.08999633789062,61.946495056152344,941400
2007-04-03,83.0,84.30000305175781,83.0,83.80999755859375,62.48329544067383,589300
2007-04-04,84.1500015258789,84.1500015258789,82.5,82.70999908447266,61.663230895996094,696600
2007-04-05,82.41999816894531,83.08000183105469,82.41999816894531,82.87000274658203,61.78251266479492,394200
2007-04-09,82.91999816894531,83.05000305175781,82.51000213623047,82.9000015258789,61.804901123046875,430300
2007-04-10,83.04000091552734,83.44000244140625,82.80999755859375,83.30000305175781,62.10309982299805,421900
2007-04-11,83.19000244140625,83.33000183105469,82.45999908447266,82.5999984741211,61.58122634887695,336400
2007-04-12,82.72000122070312,82.81999969482422,81.80000305175781,82.81999969482422,61.745216369628906,529300
2007-04-13,82.98999786376953,84.30999755859375,82.4800033569336,83.95999908447266,62.59516143798828,667700
2007-04-16,84.20999908447266,85.9000015258789,84.13999938964844,85.19000244140625,63.512149810791016,608800
2007-04-17,84.97000122070312,85.44999694824219,84.7300033569336,84.8499984741211,63.25868225097656,433200
2007-04-18,84.80000305175781,85.77999877929688,84.44999694824219,85.5,63.74329376220703,529200
2007-04-19,85.04000091552734,86.0,84.56999969482422,85.80000305175781,63.966922760009766,602200
2007-04-20,83.9800033569336,83.9800033569336,81.19999694824219,81.44999694824219,60.7238655090332,2818000
2007-04-23,83.27999877929688,83.87000274658203,82.33000183105469,82.3499984741211,61.39484786987305,1376500
2007-04-24,82.30000305175781,82.55999755859375,81.30000305175781,81.83000183105469,61.00714874267578,899200
2007-04-25,82.11000061035156,82.69000244140625,81.80000305175781,82.4800033569336,61.49174880981445,1350000
2007-04-26,82.5199966430664,82.7699966430664,81.8499984741211,82.38999938964844,61.424686431884766,708500
2007-04-27,82.3499984741211,83.06999969482422,82.19000244140625,82.80000305175781,61.7303466796875,830400
2007-04-30,82.62999725341797,82.80000305175781,81.79000091552734,81.80000305175781,60.98478317260742,902500
2007-05-01,81.97000122070312,82.11000061035156,80.9000015258789,81.58999633789062,60.82823944091797,1001300
2007-05-02,82.0199966430664,82.54000091552734,81.25,82.4000015258789,61.43212890625,762300
2007-05-03,82.2699966430664,82.81999969482422,82.02999877929688,82.5999984741211,61.58122634887695,872700
2007-05-04,82.44999694824219,83.47000122070312,82.2699966430664,83.25,62.06582260131836,666400
2007-05-07,83.47000122070312,83.58000183105469,82.75,83.37999725341797,62.16272735595703,410600
2007-05-08,82.97000122070312,82.9800033569336,82.13999938964844,82.38999938964844,61.74309158325195,577100
2007-05-09,82.29000091552734,82.69999694824219,82.02999877929688,82.26000213623047,61.64567184448242,921500
2007-05-10,82.18000030517578,82.38999938964844,81.63999938964844,81.69000244140625,61.218505859375,632600
2007-05-11,82.27999877929688,82.41000366210938,81.58999633789062,81.95999908447266,61.42085647583008,395100
2007-05-14,81.83000183105469,82.33000183105469,81.22000122070312,81.41000366210938,61.00868606567383,565200
2007-05-15,81.72000122070312,82.72000122070312,80.77999877929688,81.5199966430664,61.09110641479492,666000
2007-05-16,81.47000122070312,81.62000274658203,80.62000274658203,81.5199966430664,61.09110641479492,856500
2007-05-17,81.41999816894531,81.55000305175781,80.75,81.30000305175781,60.926239013671875,527600
2007-05-18,81.83999633789062,82.0,81.43000030517578,81.66999816894531,61.203487396240234,603100
2007-05-21,81.3499984741211,81.63999938964844,80.95999908447266,81.5199966430664,61.09110641479492,402600
2007-05-22,81.33999633789062,81.54000091552734,80.94000244140625,81.19000244140625,60.84379196166992,503000
2007-05-23,81.26000213623047,81.5999984741211,80.66000366210938,80.66999816894531,60.45410919189453,671100
2007-05-24,80.95999908447266,81.08999633789062,80.0199966430664,80.22000122070312,60.11687088012695,855200
2007-05-25,80.2300033569336,80.5999984741211,79.76000213623047,80.11000061035156,60.034461975097656,717100
2007-05-29,80.12000274658203,80.62000274658203,79.73999786376953,79.97000122070312,59.92953109741211,777800
2007-05-30,79.7300033569336,80.5,79.7300033569336,80.27999877929688,60.16184997558594,970400
2007-05-31,80.29000091552734,80.83999633789062,80.19000244140625,80.45999908447266,60.29672622680664,952500
2007-06-01,80.52999877929688,81.86000061035156,80.44000244140625,81.8499984741211,61.338409423828125,614000
2007-06-04,81.44999694824219,82.16000366210938,81.16999816894531,81.37000274658203,60.97868728637695,696800
2007-06-05,81.16999816894531,81.30000305175781,79.91000366210938,80.0,59.952003479003906,631500
2007-06-06,79.54000091552734,79.56999969482422,78.87999725341797,79.13999938964844,59.30754089355469,1162300
2007-06-07,79.37999725341797,79.52999877929688,78.69000244140625,78.88999938964844,59.120174407958984,832500
2007-06-08,78.87000274658203,80.27999877929688,78.63999938964844,80.25,60.13935852050781,847700
2007-06-11,80.25,81.05999755859375,79.80999755859375,80.58000183105469,60.386661529541016,600600
2007-06-12,80.27999877929688,80.31999969482422,79.41000366210938,79.41000366210938,59.50986862182617,874200
2007-06-13,79.69000244140625,81.26000213623047,79.33999633789062,81.26000213623047,60.89625549316406,782400
2007-06-14,81.26000213623047,81.76000213623047,81.04000091552734,81.08999633789062,60.76887893676758,1012400
2007-06-15,81.52999877929688,81.58999633789062,80.33999633789062,80.41000366210938,60.25925827026367,1074800
2007-06-18,80.36000061035156,80.94000244140625,80.25,80.44000244140625,60.28175354003906,648000
2007-06-19,80.20999908447266,81.23999786376953,80.20999908447266,80.69999694824219,60.476619720458984,502600
2007-06-20,80.88999938964844,80.88999938964844,79.83000183105469,79.86000061035156,59.847068786621094,718900
2007-06-21,79.83000183105469,80.0999984741211,79.16000366210938,79.66000366210938,59.69719696044922,633500
2007-06-22,79.54000091552734,79.75,78.45999908447266,78.62000274658203,58.9178352355957,743000
2007-06-25,78.62999725341797,79.26000213623047,77.63999938964844,77.87999725341797,58.36331558227539,628000
2007-06-26,78.25,78.25,77.41999816894531,77.52999877929688,58.10099792480469,1169200
2007-06-27,77.29000091552734,77.91999816894531,76.8499984741211,77.91999816894531,58.393245697021484,829000
2007-06-28,77.69999694824219,78.31999969482422,77.25,77.94999694824219,58.41571807861328,899000
2007-06-29,78.01000213623047,78.2300033569336,76.58999633789062,76.91000366210938,57.6363525390625,629200
2007-07-02,77.12000274658203,77.9000015258789,77.12000274658203,77.86000061035156,58.34829330444336,452900
2007-07-03,77.75,78.58999633789062,77.75,78.12999725341797,58.55061721801758,253900
2007-07-05,78.33000183105469,78.44000244140625,77.66000366210938,78.19000244140625,58.59560012817383,418300
2007-07-06,77.94999694824219,77.98999786376953,77.54000091552734,77.87999725341797,58.36331558227539,298700
2007-07-09,78.08999633789062,78.26000213623047,77.62000274658203,78.20999908447266,58.61058807373047,502200
2007-07-10,77.61000061035156,77.6500015258789,76.33999633789062,76.5199966430664,57.3441047668457,1166800
2007-07-11,76.29000091552734,77.05000305175781,76.2300033569336,76.8499984741211,57.59139633178711,413400
2007-07-12,77.0199966430664,78.44000244140625,76.61000061035156,78.44000244140625,58.782955169677734,472100
2007-07-13,78.44999694824219,78.95999908447266,77.69000244140625,78.2300033569336,58.625572204589844,295800
2007-07-16,78.0,78.76000213623047,77.87000274658203,78.55000305175781,58.86537170410156,446500
2007-07-17,78.44000244140625,79.47000122070312,78.11000061035156,78.80000305175781,59.05272674560547,508100
2007-07-18,78.58000183105469,78.75,77.5999984741211,78.33000183105469,58.70051193237305,769400
2007-07-19,79.2699966430664,79.2699966430664,75.51000213623047,78.73999786376953,59.007755279541016,599800
2007-07-20,78.9000015258789,81.43000030517578,78.9000015258789,79.18000030517578,59.337486267089844,1749000
2007-07-23,79.48999786376953,79.7699966430664,78.58000183105469,78.70999908447266,58.98528289794922,648600
2007-07-24,78.37000274658203,78.38999938964844,75.54000091552734,75.7699966430664,56.78205871582031,1391800
2007-07-25,76.26000213623047,76.9800033569336,75.81999969482422,76.55999755859375,57.374080657958984,755600
2007-07-26,76.23999786376953,76.3499984741211,73.95999908447266,75.0999984741211,56.27995300292969,1094200
2007-07-27,75.12000274658203,76.3499984741211,74.29000091552734,74.83999633789062,56.08510971069336,890600
2007-07-30,74.41999816894531,76.19999694824219,73.91000366210938,75.86000061035156,56.8494987487793,924500
2007-07-31,75.97000122070312,76.86000061035156,74.55000305175781,74.55000305175781,55.86777114868164,1006400
2007-08-01,74.19999694824219,75.44000244140625,73.55000305175781,75.33000183105469,56.452335357666016,965200
2007-08-02,75.27999877929688,76.36000061035156,74.66999816894531,75.30999755859375,56.43731689453125,1262800
2007-08-03,75.5999984741211,75.72000122070312,72.04000091552734,72.08000183105469,54.01675796508789,1314000
2007-08-06,72.33999633789062,76.44000244140625,71.68000030517578,76.4000015258789,57.597774505615234,1244700
2007-08-07,75.98999786376953,77.86000061035156,75.29000091552734,77.0,58.05012130737305,1297400
2007-08-08,77.44999694824219,79.94000244140625,76.51000213623047,78.0199966430664,58.81911087036133,1126600
2007-08-09,76.68000030517578,77.66000366210938,73.51000213623047,74.19000244140625,55.931644439697266,1304900
2007-08-10,73.7300033569336,75.91999816894531,72.7699966430664,74.58999633789062,56.23321533203125,883600
2007-08-13,74.87999725341797,75.41000366210938,71.72000122070312,71.95999908447266,54.25046920776367,1237700
2007-08-14,71.61000061035156,72.30000305175781,70.66000366210938,70.93000030517578,53.47395706176758,893200
2007-08-15,70.69000244140625,73.31999969482422,69.16999816894531,69.33000183105469,52.267704010009766,1714100
2007-08-16,69.04000091552734,72.98999786376953,67.87999725341797,72.83999633789062,54.91388702392578,1945300
2007-08-17,75.44999694824219,77.25,73.47000122070312,73.70999908447266,55.56977081298828,2151900
2007-08-20,73.75,73.95999908447266,72.37999725341797,73.08999633789062,55.10235595703125,1361600
2007-08-21,73.01000213623047,75.20999908447266,72.7699966430664,74.66999816894531,56.29352569580078,707600
2007-08-22,74.94000244140625,75.3499984741211,73.33000183105469,74.47000122070312,56.14277648925781,817000
2007-08-23,74.0,74.25,72.55999755859375,73.29000091552734,55.253135681152344,884800
2007-08-24,73.38999938964844,73.8499984741211,72.93000030517578,73.77999877929688,55.622554779052734,640900
2007-08-27,73.9000015258789,74.01000213623047,73.27999877929688,73.70999908447266,55.56977081298828,463800
2007-08-28,73.3499984741211,73.3499984741211,71.87999725341797,72.02999877929688,54.30324935913086,788500
2007-08-29,72.33000183105469,73.5,71.4000015258789,72.19000244140625,54.42386245727539,1056900
2007-08-30,71.45999908447266,71.56999969482422,69.69000244140625,69.80999755859375,52.62959671020508,1262500
2007-08-31,71.12000274658203,71.37000274658203,69.83000183105469,70.5999984741211,53.225181579589844,904400
2007-09-04,70.58000183105469,71.36000061035156,70.38999938964844,70.7699966430664,53.35333251953125,697400
2007-09-05,70.43000030517578,71.04000091552734,70.3499984741211,70.70999908447266,53.308101654052734,1087000
2007-09-06,70.93000030517578,71.12000274658203,69.69000244140625,70.80999755859375,53.383480072021484,749000
2007-09-07,70.33000183105469,70.62000274658203,69.18000030517578,70.30999755859375,53.00652313232422,1264200
2007-09-10,69.80999755859375,69.81999969482422,68.0,68.63999938964844,51.747520446777344,1164700
2007-09-11,68.55999755859375,70.69999694824219,68.55000305175781,69.44000244140625,52.350643157958984,1030800
2007-09-12,69.13999938964844,69.95999908447266,67.51000213623047,69.77999877929688,52.606971740722656,1234200
2007-09-13,69.77999877929688,70.75,69.23999786376953,69.44000244140625,52.350643157958984,1557300
2007-09-14,69.26000213623047,71.0199966430664,68.80000305175781,70.6500015258789,53.262855529785156,1014300
2007-09-17,70.36000061035156,70.5999984741211,69.7300033569336,70.12000274658203,52.863304138183594,780600
2007-09-18,70.3499984741211,72.26000213623047,69.61000061035156,72.08000183105469,54.3409423828125,1457700
2007-09-19,70.95999908447266,73.05000305175781,70.75,71.73999786376953,54.08460998535156,1476200
2007-09-20,71.83999633789062,71.94000244140625,70.70999908447266,70.97000122070312,53.50412368774414,692700
2007-09-21,71.76000213623047,72.0999984741211,70.5,71.93000030517578,54.22785949707031,2212100
2007-09-24,71.20999908447266,71.6500015258789,69.86000061035156,70.0199966430664,52.78791046142578,1049400
2007-09-25,69.70999908447266,70.76000213623047,69.58000183105469,70.26000213623047,52.96882629394531,829400
2007-09-26,69.5,69.5,68.19999694824219,68.68000030517578,51.777671813964844,1658100
2007-09-27,68.5,69.3499984741211,68.23999786376953,68.77999877929688,51.85308074951172,1319900
2007-09-28,69.0999984741211,69.23999786376953,68.1500015258789,68.66999816894531,51.77014923095703,869100
2007-10-01,68.86000061035156,70.19999694824219,68.68000030517578,69.94000244140625,52.72760009765625,1022800
2007-10-02,70.04000091552734,70.94999694824219,69.98999786376953,70.70999908447266,53.308101654052734,697900
2007-10-03,70.55999755859375,72.75,70.55999755859375,72.08000183105469,54.3409423828125,1330000
2007-10-04,72.44000244140625,72.66000366210938,71.66999816894531,71.87999725341797,54.19015121459961,598800
2007-10-05,72.5,73.0,71.93000030517578,72.5,54.6575813293457,469300
2007-10-08,72.25,72.38999938964844,71.33999633789062,71.44999694824219,53.8659553527832,524000
2007-10-09,71.75,72.19999694824219,71.16999816894531,72.12000274658203,54.371089935302734,465900
2007-10-10,72.0,72.16000366210938,70.6500015258789,70.93000030517578,53.47395706176758,896200
2007-10-11,71.08999633789062,72.26000213623047,70.43000030517578,71.06999969482422,53.579505920410156,1275100
2007-10-12,69.37999725341797,69.37999725341797,67.63999938964844,67.97000122070312,51.24243927001953,2008900
2007-10-15,68.30000305175781,68.44999694824219,66.06999969482422,66.4800033569336,50.119110107421875,1570000
2007-10-16,66.30999755859375,66.73999786376953,64.5,64.75,48.814857482910156,1496000
2007-10-17,64.77999877929688,65.0,63.63999938964844,64.77999877929688,48.83748245239258,1812000
2007-10-18,64.5199966430664,64.69999694824219,63.599998474121094,63.81999969482422,48.11372756958008,1408900
2007-10-19,63.27000045776367,63.88999938964844,61.29999923706055,61.33000183105469,46.23653030395508,2500600
2007-10-22,61.13999938964844,61.970001220703125,60.869998931884766,61.36000061035156,46.2591552734375,1622100
2007-10-23,60.349998474121094,61.459999084472656,60.349998474121094,61.040000915527344,46.01792907714844,927200
2007-10-24,60.0,60.150001525878906,58.11000061035156,59.45000076293945,44.81919860839844,1712800
2007-10-25,59.31999969482422,60.220001220703125,58.83000183105469,59.40999984741211,44.78905487060547,1413900
2007-10-26,60.31999969482422,60.66999816894531,57.810001373291016,59.25,44.66842269897461,1598900
2007-10-29,59.560001373291016,59.91999816894531,58.630001068115234,59.36000061035156,44.751365661621094,1295000
2007-10-30,59.22999954223633,60.5,59.20000076293945,59.599998474121094,44.93228530883789,1324400
2007-10-31,59.709999084472656,60.33000183105469,58.119998931884766,59.11000061035156,44.56289291381836,1323400
2007-11-01,58.400001525878906,58.7400016784668,55.66999816894531,55.7400016784668,42.02226257324219,1839200
2007-11-02,55.81999969482422,56.189998626708984,53.5099983215332,54.91999816894531,41.40406036376953,1900000
2007-11-05,53.56999969482422,54.52000045776367,53.060001373291016,53.869998931884766,40.93294906616211,1295200
2007-11-06,53.540000915527344,54.619998931884766,52.810001373291016,53.86000061035156,40.92535400390625,1930100
2007-11-07,52.939998626708984,53.06999969482422,50.63999938964844,50.66999816894531,38.50143814086914,1715800
2007-11-08,50.720001220703125,52.560001373291016,50.720001220703125,52.41999816894531,39.83116149902344,2970500
2007-11-09,51.88999938964844,54.459999084472656,50.97999954223633,53.470001220703125,40.6290168762207,1687200
2007-11-12,53.279998779296875,55.56999969482422,53.0099983215332,54.060001373291016,41.07733154296875,1504200
2007-11-13,54.15999984741211,56.63999938964844,54.04999923706055,56.61000061035156,43.01492691040039,1150900
2007-11-14,56.68000030517578,58.099998474121094,55.61000061035156,55.63999938964844,42.27787780761719,1420900
2007-11-15,55.36000061035156,55.41999816894531,51.779998779296875,52.06999969482422,39.56521224975586,2379200
2007-11-16,52.16999816894531,52.529998779296875,50.34000015258789,51.95000076293945,39.47404479980469,2523900
2007-11-19,51.72999954223633,51.779998779296875,49.33000183105469,50.220001220703125,38.159507751464844,2862800
2007-11-20,50.0099983215332,51.349998474121094,48.5099983215332,50.040000915527344,38.022735595703125,1683200
2007-11-21,49.33000183105469,51.369998931884766,48.5099983215332,50.25,38.18230056762695,1485700
2007-11-23,51.189998626708984,52.5099983215332,50.86000061035156,52.0,39.51203155517578,591600
2007-11-26,51.540000915527344,51.95000076293945,48.93000030517578,49.150001525878906,37.34647750854492,1856900
2007-11-27,49.04999923706055,50.529998779296875,49.0099983215332,50.13999938964844,38.098731994628906,1961900
2007-11-28,50.4900016784668,52.790000915527344,50.150001525878906,52.720001220703125,40.05912399291992,2061900
2007-11-29,52.439998626708984,53.0,51.40999984741211,52.45000076293945,39.853973388671875,1422800
2007-11-30,53.22999954223633,55.81999969482422,53.08000183105469,54.56999969482422,41.464839935302734,2483100
2007-12-03,54.31999969482422,54.79999923706055,53.5,54.310001373291016,41.26727294921875,1542600
2007-12-04,54.060001373291016,54.27000045776367,52.959999084472656,53.220001220703125,40.43905258178711,1703100
2007-12-05,53.43000030517578,55.189998626708984,53.29999923706055,54.47999954223633,41.39645004272461,2457200
2007-12-06,54.29999923706055,56.029998779296875,53.720001220703125,56.02000045776367,42.56662368774414,1011200
2007-12-07,55.88999938964844,56.45000076293945,55.11000061035156,55.25,41.98153305053711,1589100
2007-12-10,55.310001373291016,57.040000915527344,55.11000061035156,55.939998626708984,42.50582504272461,2231600
2007-12-11,55.86000061035156,55.86000061035156,52.779998779296875,52.790000915527344,40.11231231689453,3446500
2007-12-12,53.880001068115234,54.029998779296875,50.310001373291016,51.34000015258789,39.010528564453125,2900200
2007-12-13,51.130001068115234,51.56999969482422,49.63999938964844,50.4900016784668,38.36466979980469,2555800
2007-12-14,50.11000061035156,50.75,49.119998931884766,49.869998931884766,37.893558502197266,2895600
2007-12-17,50.16999816894531,50.970001220703125,48.58000183105469,49.650001525878906,37.72637939453125,1935600
2007-12-18,50.04999923706055,50.25,48.56999969482422,48.93000030517578,37.17930603027344,2589300
2007-12-19,47.779998779296875,49.29999923706055,47.22999954223633,47.619998931884766,36.18390655517578,2232100
2007-12-20,47.72999954223633,48.27000045776367,45.84000015258789,46.91999816894531,35.65202713012695,2069200
2007-12-21,47.29999923706055,48.56999969482422,46.79999923706055,48.380001068115234,36.76140213012695,1840800
2007-12-24,48.709999084472656,49.38999938964844,48.2400016784668,48.83000183105469,37.10332489013672,546000
2007-12-26,48.59000015258789,48.650001525878906,48.040000915527344,48.099998474121094,36.548622131347656,729700
2007-12-27,47.810001373291016,48.0,46.310001373291016,46.31999969482422,35.19611740112305,1005100
2007-12-28,46.560001373291016,47.0099983215332,46.0,46.13999938964844,35.05934524536133,1275400
2007-12-31,45.81999969482422,47.29999923706055,45.70000076293945,46.689998626708984,35.47725296020508,1044700
2008-01-02,46.7599983215332,46.7599983215332,44.849998474121094,45.290000915527344,34.413475036621094,1938800
2008-01-03,45.529998779296875,45.61000061035156,44.279998779296875,44.380001068115234,33.72199249267578,1538300
2008-01-04,43.560001373291016,43.619998931884766,42.290000915527344,42.400001525878906,32.21750259399414,1921200
2008-01-07,42.650001525878906,43.79999923706055,42.209999084472656,43.279998779296875,32.88617706298828,2608000
2008-01-08,43.0,43.88999938964844,41.7400016784668,41.7599983215332,31.731185913085938,3228300
2008-01-09,41.689998626708984,41.869998931884766,39.849998474121094,41.849998474121094,31.799585342407227,4521100
2008-01-10,41.45000076293945,44.439998626708984,40.90999984741211,43.72999954223633,33.22809600830078,2496200
2008-01-11,43.16999816894531,45.189998626708984,42.599998474121094,43.97999954223633,33.41805648803711,1777600
2008-01-14,44.400001525878906,44.5,42.959999084472656,43.7599983215332,33.25090026855469,1599500
2008-01-15,43.349998474121094,43.349998474121094,42.13999938964844,42.689998626708984,32.437870025634766,1741000
2008-01-16,42.20000076293945,45.380001068115234,42.11000061035156,44.33000183105469,33.68400955200195,3361200
2008-01-17,44.66999816894531,44.66999816894531,41.81999969482422,42.040000915527344,31.94396209716797,1890700
2008-01-18,42.22999954223633,43.290000915527344,41.0,41.709999084472656,31.693214416503906,2461200
2008-01-22,40.43000030517578,44.459999084472656,39.310001373291016,42.77000045776367,32.49863815307617,2828000
2008-01-23,40.63999938964844,47.369998931884766,40.0,46.59000015258789,35.401268005371094,3702200
2008-01-24,46.20000076293945,49.47999954223633,46.20000076293945,48.68000030517578,36.98934555053711,4433000
2008-01-25,47.369998931884766,52.040000915527344,46.099998474121094,47.400001525878906,36.01675796508789,3675200
2008-01-28,47.9900016784668,49.43000030517578,46.79999923706055,49.06999969482422,37.28567886352539,2006500
2008-01-29,49.58000183105469,51.380001068115234,48.81999969482422,51.25,38.94214630126953,2473900
2008-01-30,51.0,54.400001525878906,50.900001525878906,52.38999938964844,39.80837631225586,3209800
2008-01-31,51.36000061035156,55.40999984741211,49.849998474121094,54.7400016784668,41.594032287597656,4046700
2008-02-01,56.369998931884766,57.04999923706055,54.5099983215332,55.349998474121094,42.05751419067383,3021900
2008-02-04,55.040000915527344,55.58000183105469,53.13999938964844,53.5,40.9700813293457,2636300
2008-02-05,52.40999984741211,53.41999816894531,51.41999816894531,52.18000030517578,39.95924758911133,2426600
2008-02-06,52.75,53.880001068115234,51.61000061035156,52.79999923706055,40.43402862548828,1606500
2008-02-07,52.54999923706055,54.959999084472656,52.33000183105469,52.90999984741211,40.518272399902344,2752700
2008-02-08,52.380001068115234,53.11000061035156,50.43000030517578,51.90999984741211,39.752471923828125,2870000
2008-02-11,51.36000061035156,52.27000045776367,51.099998474121094,51.369998931884766,39.33894729614258,2044000
2008-02-12,51.84000015258789,52.849998474121094,50.83000183105469,51.459999084472656,39.407875061035156,2889900
2008-02-13,52.04999923706055,52.38999938964844,50.529998779296875,51.16999816894531,39.18577575683594,2628500
2008-02-14,51.400001525878906,51.400001525878906,50.29999923706055,50.83000183105469,38.9254264831543,2947800
2008-02-15,50.75,51.81999969482422,50.0099983215332,51.79999923706055,39.66825485229492,2154800
2008-02-19,52.41999816894531,52.56999969482422,49.63999938964844,50.04999923706055,38.32809066772461,1959100
2008-02-20,49.79999923706055,51.84000015258789,49.099998474121094,51.439998626708984,39.39255142211914,2214100
2008-02-21,51.72999954223633,52.220001220703125,50.189998626708984,50.380001068115234,38.580806732177734,1192400
2008-02-22,50.4900016784668,50.720001220703125,48.84000015258789,50.650001525878906,38.7875862121582,1674400
2008-02-25,50.790000915527344,51.52000045776367,49.470001220703125,51.310001373291016,39.29298400878906,1589400
2008-02-26,51.02000045776367,52.369998931884766,50.72999954223633,51.7599983215332,39.63761520385742,1251400
2008-02-27,51.63999938964844,53.52000045776367,51.25,52.91999816894531,40.52592468261719,1927100
2008-02-28,52.279998779296875,52.77000045776367,49.95000076293945,50.34000015258789,38.550167083740234,1568900
2008-02-29,49.959999084472656,49.959999084472656,47.33000183105469,47.75,36.5667610168457,2974600
2008-03-03,47.34000015258789,47.36000061035156,45.720001220703125,46.11000061035156,35.31085205078125,3415700
2008-03-04,45.36000061035156,46.619998931884766,44.310001373291016,46.20000076293945,35.37977981567383,3013800
2008-03-05,46.4900016784668,47.310001373291016,45.650001525878906,46.06999969482422,35.280235290527344,2308000
2008-03-06,45.790000915527344,45.790000915527344,44.130001068115234,44.27000045776367,33.901790618896484,1344600
2008-03-07,43.58000183105469,46.119998931884766,43.2400016784668,45.0,34.46083068847656,2425000
2008-03-10,44.91999816894531,46.09000015258789,44.4900016784668,45.0,34.46083068847656,2175500
2008-03-11,46.43000030517578,49.650001525878906,46.38999938964844,49.650001525878906,38.021766662597656,3597200
2008-03-12,50.150001525878906,51.29999923706055,48.54999923706055,48.560001373291016,37.18706512451172,1701500
2008-03-13,46.95000076293945,49.02000045776367,44.70000076293945,48.7599983215332,37.34022521972656,3170700
2008-03-14,49.33000183105469,50.349998474121094,46.2599983215332,47.02000045776367,36.00772476196289,2799700
2008-03-17,46.45000076293945,47.400001525878906,44.63999938964844,46.709999084472656,35.77031707763672,2872600
2008-03-18,49.84000015258789,49.88999938964844,46.970001220703125,49.11000061035156,37.608245849609375,2688000
2008-03-19,49.11000061035156,49.790000915527344,47.2599983215332,47.36000061035156,36.26810836791992,2618700
2008-03-20,47.91999816894531,50.59000015258789,47.36000061035156,50.52000045776367,38.68801498413086,3515200
2008-03-24,50.0,52.81999969482422,50.0,51.34000015258789,39.31596755981445,1810200
2008-03-25,51.0099983215332,51.56999969482422,50.02000045776367,50.59000015258789,38.74162292480469,1238100
2008-03-26,50.2400016784668,50.2400016784668,48.56999969482422,48.619998931884766,37.23301696777344,1697800
2008-03-27,49.11000061035156,49.130001068115234,46.59000015258789,46.65999984741211,35.732051849365234,2940000
2008-03-28,48.81999969482422,48.81999969482422,45.97999954223633,46.040000915527344,35.257240295410156,1969600
2008-03-31,46.20000076293945,47.130001068115234,45.54999923706055,45.54999923706055,34.88201904296875,2028600
2008-04-01,46.18000030517578,48.709999084472656,46.040000915527344,48.68000030517578,37.27896499633789,2489900
2008-04-02,48.970001220703125,50.13999938964844,48.02000045776367,48.13999938964844,36.86542510986328,1818700
2008-04-03,47.95000076293945,48.45000076293945,47.15999984741211,48.40999984741211,37.07219696044922,1696100
2008-04-04,48.34000015258789,48.5099983215332,46.58000183105469,47.0,35.9924201965332,1519200
2008-04-07,47.529998779296875,48.650001525878906,46.95000076293945,47.68000030517578,36.513145446777344,1095400
2008-04-08,45.619998931884766,46.400001525878906,45.060001373291016,45.47999954223633,34.82841110229492,2961900
2008-04-09,45.66999816894531,46.47999954223633,44.779998779296875,44.9900016784668,34.45315933227539,1354900
2008-04-10,44.81999969482422,45.59000015258789,43.959999084472656,44.900001525878906,34.38423156738281,2466900
2008-04-11,44.2599983215332,45.40999984741211,43.880001068115234,44.459999084472656,34.04729461669922,3187700
2008-04-14,44.029998779296875,44.93000030517578,41.36000061035156,41.5099983215332,31.78819465637207,3682600
2008-04-15,42.13999938964844,42.90999984741211,40.959999084472656,41.650001525878906,31.895408630371094,3915300
2008-04-16,41.900001525878906,42.810001373291016,41.70000076293945,42.529998779296875,32.569305419921875,4573800
2008-04-17,43.439998626708984,43.810001373291016,41.43000030517578,43.7400016784668,33.49593734741211,6155200
2008-04-18,45.9900016784668,49.189998626708984,45.13999938964844,46.52000045776367,35.624839782714844,5871100
2008-04-21,45.91999816894531,46.06999969482422,43.849998474121094,43.9900016784668,33.687381744384766,3039200
2008-04-22,43.79999923706055,44.13999938964844,43.43000030517578,43.79999923706055,33.54186248779297,2463700
2008-04-23,43.91999816894531,44.15999984741211,42.84000015258789,43.060001373291016,32.97518539428711,2128100
2008-04-24,44.63999938964844,47.689998626708984,44.29999923706055,47.290000915527344,36.2144889831543,5030200
2008-04-25,47.029998779296875,48.220001220703125,46.189998626708984,47.099998474121094,36.06899642944336,3527300
2008-04-28,47.11000061035156,47.52000045776367,46.400001525878906,47.08000183105469,36.05367660522461,1995300
2008-04-29,47.0,47.439998626708984,46.65999984741211,46.83000183105469,35.86222457885742,1111000
2008-04-30,47.41999816894531,47.470001220703125,46.130001068115234,46.349998474121094,35.494651794433594,1533600
2008-05-01,46.83000183105469,49.84000015258789,46.27000045776367,49.34000015258789,37.78438949584961,2342000
2008-05-02,49.650001525878906,51.150001525878906,48.81999969482422,49.13999938964844,37.631202697753906,2802100
2008-05-05,49.04999923706055,49.279998779296875,48.18000030517578,48.310001373291016,37.32219314575195,2457200
2008-05-06,47.709999084472656,49.0,46.63999938964844,48.88999938964844,37.770286560058594,1693100
2008-05-07,48.88999938964844,49.400001525878906,47.40999984741211,47.5,36.696434020996094,1792700
2008-05-08,47.75,47.869998931884766,45.400001525878906,45.54999923706055,35.18993377685547,3571300
2008-05-09,45.04999923706055,46.099998474121094,44.66999816894531,44.869998931884766,34.66460418701172,3300700
2008-05-12,45.279998779296875,46.0,44.630001068115234,45.75,35.344451904296875,1931400
2008-05-13,45.54999923706055,45.79999923706055,44.47999954223633,44.52000045776367,34.39421081542969,1635000
2008-05-14,44.869998931884766,45.25,44.310001373291016,45.06999969482422,34.8191032409668,1930500
2008-05-15,44.970001220703125,45.619998931884766,44.40999984741211,45.560001373291016,35.19766616821289,1602800
2008-05-16,45.619998931884766,45.619998931884766,43.310001373291016,44.04999923706055,34.03110122680664,2478500
2008-05-19,43.88999938964844,44.90999984741211,43.88999938964844,44.13999938964844,34.100643157958984,1656200
2008-05-20,44.04999923706055,44.130001068115234,43.2599983215332,43.45000076293945,33.56758117675781,2294900
2008-05-21,43.5,44.470001220703125,42.619998931884766,42.970001220703125,33.19673538208008,2887400
2008-05-22,42.63999938964844,44.08000183105469,42.5099983215332,43.470001220703125,33.5830192565918,2057000
2008-05-23,43.09000015258789,43.5099983215332,42.58000183105469,42.810001373291016,33.07314682006836,1446400
2008-05-27,43.150001525878906,43.939998626708984,42.75,43.5,33.606204986572266,1577900
2008-05-28,43.65999984741211,43.65999984741211,41.70000076293945,42.709999084472656,32.99588394165039,3053800
2008-05-29,42.63999938964844,44.2400016784668,42.52000045776367,43.7599983215332,33.80706787109375,1996300
2008-05-30,43.619998931884766,43.689998626708984,42.77000045776367,43.09000015258789,33.28944396972656,2328600
2008-06-02,43.11000061035156,43.43000030517578,41.810001373291016,42.25,32.640506744384766,1648900
2008-06-03,42.45000076293945,42.7599983215332,40.83000183105469,41.720001220703125,32.23104476928711,4445900
2008-06-04,41.31999969482422,42.470001220703125,41.2599983215332,41.31999969482422,31.922033309936523,2677500
2008-06-05,41.630001068115234,42.52000045776367,41.20000076293945,42.029998779296875,32.47053909301758,2448200
2008-06-06,41.36000061035156,42.0099983215332,39.75,39.77000045776367,30.724565505981445,3991000
2008-06-09,39.849998474121094,39.959999084472656,37.34000015258789,37.630001068115234,29.071287155151367,5194200
2008-06-10,37.59000015258789,38.310001373291016,36.97999954223633,37.70000076293945,29.1253719329834,4174400
2008-06-11,37.5099983215332,37.86000061035156,35.36000061035156,35.959999084472656,27.7811279296875,4398800
2008-06-12,36.040000915527344,37.5,35.459999084472656,35.81999969482422,27.672969818115234,4061300
2008-06-13,36.11000061035156,36.380001068115234,33.5,34.939998626708984,26.99311065673828,4146500
2008-06-16,34.70000076293945,37.47999954223633,34.31999969482422,37.15999984741211,28.70819664001465,4825700
2008-06-17,36.86000061035156,36.970001220703125,32.41999816894531,33.369998931884766,25.780210494995117,8508000
2008-06-18,32.220001220703125,32.77000045776367,30.979999542236328,32.02000045776367,24.73724937438965,7144700
2008-06-19,31.75,32.36000061035156,30.600000381469727,32.18000030517578,24.860862731933594,7164800
2008-06-20,31.139999389648438,33.709999084472656,30.309999465942383,32.09000015258789,24.791339874267578,6202300
2008-06-23,32.88999938964844,32.93000030517578,31.010000228881836,31.09000015258789,24.018775939941406,2638800
2008-06-24,31.0,31.479999542236328,29.459999084472656,30.989999771118164,23.941526412963867,5943800
2008-06-25,32.279998779296875,35.279998779296875,32.0,32.63999938964844,25.216245651245117,8600300
2008-06-26,31.030000686645508,32.439998626708984,30.510000228881836,32.0099983215332,24.729536056518555,6034600
2008-06-27,32.20000076293945,33.130001068115234,31.6299991607666,32.54999923706055,25.14670181274414,4726000
2008-06-30,32.290000915527344,33.20000076293945,31.469999313354492,31.489999771118164,24.327795028686523,3702000
2008-07-01,31.049999237060547,32.52000045776367,30.520000457763672,32.45000076293945,25.069448471069336,5005600
2008-07-02,32.91999816894531,33.81999969482422,31.489999771118164,31.6200008392334,24.42823600769043,4373700
2008-07-03,31.719999313354492,31.719999313354492,25.010000228881836,27.049999237060547,20.897645950317383,12385700
2008-07-07,27.520000457763672,28.739999771118164,26.110000610351562,26.770000457763672,20.681339263916016,8449400
2008-07-08,26.399999618530273,28.540000915527344,25.969999313354492,28.530000686645508,22.041030883789062,4633700
2008-07-09,28.600000381469727,29.219999313354492,26.299999237060547,26.34000015258789,20.34913444519043,4388200
2008-07-10,26.299999237060547,26.889999389648438,24.8700008392334,26.059999465942383,20.13282585144043,5163000
2008-07-11,24.68000030517578,26.049999237060547,23.81999969482422,25.690000534057617,19.84697914123535,6619000
2008-07-14,24.260000228881836,25.440000534057617,19.65999984741211,19.729999542236328,15.242531776428223,13000100
2008-07-15,19.469999313354492,20.530000686645508,17.530000686645508,19.270000457763672,14.887162208557129,12679800
2008-07-16,20.1299991607666,23.670000076293945,19.850000381469727,23.540000915527344,18.18597412109375,10603000
2008-07-17,24.639999389648438,28.979999542236328,24.639999389648438,27.510000228881836,21.253026962280273,13495600
2008-07-18,27.760000228881836,27.760000228881836,23.8799991607666,25.31999969482422,19.561126708984375,9358500
2008-07-21,26.040000915527344,26.790000915527344,25.799999237060547,26.149999618530273,20.202348709106445,8092900
2008-07-22,25.719999313354492,28.3799991607666,23.579999923706055,28.290000915527344,21.855621337890625,8096600
2008-07-23,28.479999542236328,32.150001525878906,28.299999237060547,29.75,22.983558654785156,9634000
2008-07-24,30.780000686645508,30.899999618530273,26.729999542236328,27.200000762939453,21.013538360595703,5918100
2008-07-25,27.489999771118164,28.139999389648438,25.399999618530273,27.059999465942383,20.905378341674805,6968700
2008-07-28,29.270000457763672,29.280000686645508,25.579999923706055,25.81999969482422,19.94740104675293,4957900
2008-07-29,25.510000228881836,27.899999618530273,25.049999237060547,27.899999618530273,21.5543212890625,4144200
2008-07-30,28.899999618530273,30.649999618530273,28.260000228881836,29.100000381469727,22.481393814086914,4621700
2008-07-31,28.1200008392334,30.0,28.0,29.270000457763672,22.612728118896484,3534300
2008-08-01,30.780000686645508,30.940000534057617,29.09000015258789,30.59000015258789,23.63250160217285,2685700
2008-08-04,31.0,31.0,29.110000610351562,30.290000915527344,23.7343692779541,3572900
2008-08-05,30.959999084472656,33.56999969482422,30.65999984741211,33.56999969482422,26.304485321044922,4856000
2008-08-06,32.220001220703125,34.900001525878906,31.93000030517578,34.36000061035156,26.92350959777832,4209400
2008-08-07,34.189998626708984,34.970001220703125,31.040000915527344,32.119998931884766,25.16829490661621,5742000
2008-08-08,32.2400016784668,32.88999938964844,30.989999771118164,32.0,25.074270248413086,4484800
2008-08-11,32.45000076293945,33.529998779296875,31.6299991607666,32.79999923706055,25.70112419128418,4707200
2008-08-12,32.11000061035156,32.599998474121094,27.0,28.100000381469727,22.018341064453125,6668200
2008-08-13,27.729999542236328,27.979999542236328,25.149999618530273,26.889999389648438,21.070219039916992,8083300
2008-08-14,26.809999465942383,28.270000457763672,26.6299991607666,27.84000015258789,21.814613342285156,3981800
2008-08-15,28.809999465942383,29.549999237060547,27.610000610351562,27.979999542236328,21.924314498901367,2662400
2008-08-18,27.510000228881836,28.149999618530273,25.690000534057617,25.90999984741211,20.302322387695312,3154200
2008-08-19,25.75,26.34000015258789,24.84000015258789,25.25,19.78516387939453,4688700
2008-08-20,25.239999771118164,26.059999465942383,25.0,25.90999984741211,20.302322387695312,3956200
2008-08-21,25.020000457763672,25.989999771118164,24.81999969482422,25.389999389648438,19.894865036010742,1940400
2008-08-22,25.979999542236328,26.239999771118164,24.899999618530273,25.5,19.981060028076172,2398900
2008-08-25,25.5,25.5,24.549999237060547,24.8700008392334,19.48741340637207,1944800
2008-08-26,24.510000228881836,25.350000381469727,24.420000076293945,24.84000015258789,19.463899612426758,2655300
2008-08-27,24.40999984741211,25.450000762939453,24.40999984741211,25.350000381469727,19.863523483276367,1624600
2008-08-28,25.670000076293945,26.299999237060547,25.280000686645508,26.1299991607666,20.474708557128906,3374700
2008-08-29,25.969999313354492,27.399999618530273,25.549999237060547,26.84000015258789,21.031047821044922,2591800
2008-09-02,29.209999084472656,30.0,28.639999389648438,29.450000762939453,23.0761661529541,4748900
2008-09-03,29.56999969482422,31.100000381469727,28.93000030517578,30.690000534057617,24.047792434692383,4526400
2008-09-04,30.06999969482422,31.219999313354492,29.549999237060547,30.530000686645508,23.92241859436035,5374700
2008-09-05,29.899999618530273,33.040000915527344,29.610000610351562,32.970001220703125,25.834333419799805,5140000
2008-09-08,34.0,39.5099983215332,34.0,36.65999984741211,28.7257080078125,16155500
2008-09-09,35.88999938964844,36.619998931884766,33.13999938964844,33.54999923706055,26.288806915283203,7863800
2008-09-10,34.380001068115234,34.380001068115234,31.260000228881836,32.58000183105469,25.528736114501953,6148600
2008-09-11,31.290000915527344,34.08000183105469,30.440000534057617,33.619998931884766,26.343656539916992,4929000
2008-09-12,33.4900016784668,37.5,33.099998474121094,37.47999954223633,29.368234634399414,6807700
2008-09-15,35.75,39.900001525878906,35.099998474121094,36.849998474121094,28.874584197998047,8040200
2008-09-16,35.45000076293945,40.18000030517578,35.45000076293945,40.18000030517578,31.4838809967041,6526800
2008-09-17,38.349998474121094,39.86000061035156,35.61000061035156,35.9900016784668,28.200712203979492,6018800
2008-09-18,36.86000061035156,47.31999969482422,33.02000045776367,45.220001220703125,35.433082580566406,11536900
2008-09-19,49.29999923706055,54.900001525878906,43.599998474121094,52.83000183105469,41.396053314208984,14140100
2008-09-22,49.720001220703125,50.810001373291016,44.54999923706055,47.22999954223633,37.008052825927734,4998800
2008-09-23,46.2400016784668,46.630001068115234,40.130001068115234,40.540000915527344,31.76598358154297,3458400
2008-09-24,40.119998931884766,41.5,38.119998931884766,39.779998779296875,31.170434951782227,2817400
2008-09-25,40.9900016784668,42.88999938964844,40.2400016784668,41.5099983215332,32.52602767944336,3408600
2008-09-26,40.0,43.97999954223633,38.5099983215332,43.97999954223633,34.46144485473633,2806700
2008-09-29,41.5,42.97999954223633,34.25,34.25,26.83729362487793,3538600
2008-09-30,37.58000183105469,39.790000915527344,36.650001525878906,38.70000076293945,30.324186325073242,3676900
2008-10-01,38.66999816894531,45.0,37.15999984741211,44.5,34.86890411376953,3687700
2008-10-02,44.54999923706055,45.810001373291016,42.439998626708984,43.540000915527344,34.11667251586914,2187000
2008-10-03,44.540000915527344,47.939998626708984,42.150001525878906,43.54999923706055,34.124507904052734,2682200
2008-10-06,40.27000045776367,42.400001525878906,36.220001220703125,40.45000076293945,31.695453643798828,3329800
2008-10-07,41.18000030517578,42.08000183105469,34.65999984741211,34.65999984741211,27.1585636138916,2398000
2008-10-08,33.599998474121094,36.7400016784668,33.0,33.560001373291016,26.29663848876953,2434200
2008-10-09,34.06999969482422,34.650001525878906,26.440000534057617,29.3799991607666,23.021312713623047,5614500
2008-10-10,28.0,36.119998931884766,26.270000457763672,33.369998931884766,26.14776039123535,9555300
2008-10-13,36.970001220703125,37.43000030517578,30.5,31.989999771118164,25.06643295288086,4157100
2008-10-14,35.779998779296875,40.349998474121094,35.72999954223633,39.77000045776367,31.162607192993164,6819200
2008-10-15,37.15999984741211,42.25,36.7400016784668,37.59000015258789,29.454425811767578,6058600
2008-10-16,37.13999938964844,40.900001525878906,33.54999923706055,40.20000076293945,31.499547958374023,4439500
2008-10-17,33.099998474121094,39.11000061035156,33.099998474121094,36.310001373291016,28.45145606994629,8333800
2008-10-20,36.099998474121094,37.20000076293945,32.29999923706055,34.52000045776367,27.04886817932129,4396700
2008-10-21,33.18000030517578,34.849998474121094,32.5,32.560001373291016,25.51306915283203,3350700
2008-10-22,32.04999923706055,34.25,31.829999923706055,32.79999923706055,25.70112419128418,2712100
2008-10-23,32.88999938964844,33.4900016784668,29.299999237060547,31.43000030517578,24.627622604370117,3247100
2008-10-24,28.579999923706055,33.11000061035156,28.520000457763672,32.2400016784668,25.262332916259766,3397200
2008-10-27,31.510000228881836,36.97999954223633,30.360000610351562,34.560001373291016,27.080211639404297,3824400
2008-10-28,35.63999938964844,37.18000030517578,33.189998626708984,37.15999984741211,29.117502212524414,3120500
2008-10-29,36.58000183105469,38.720001220703125,35.75,36.5,28.6003360748291,2383000
2008-10-30,39.0,39.27000045776367,35.47999954223633,36.06999969482422,28.263399124145508,1763700
2008-10-31,36.9900016784668,38.11000061035156,36.310001373291016,38.11000061035156,29.861896514892578,1777100
2008-11-03,37.81999969482422,41.16999816894531,37.130001068115234,41.0099983215332,32.40635299682617,3323500
2008-11-04,41.25,45.0,41.02000045776367,43.02000045776367,33.99466323852539,4719200
2008-11-05,42.11000061035156,42.90999984741211,38.880001068115234,39.369998931884766,31.110410690307617,3472400
2008-11-06,38.83000183105469,40.7400016784668,35.36000061035156,37.400001525878906,29.553714752197266,3485300
2008-11-07,38.2599983215332,38.95000076293945,36.619998931884766,38.95000076293945,30.778532028198242,2739800
2008-11-10,39.93000030517578,41.0,37.619998931884766,37.95000076293945,29.988317489624023,1483400
2008-11-11,37.16999816894531,39.630001068115234,36.900001525878906,37.15999984741211,29.364059448242188,2017400
2008-11-12,36.52000045776367,37.33000183105469,31.75,32.13999938964844,25.397218704223633,3182300
2008-11-13,32.90999984741211,34.849998474121094,29.06999969482422,34.75,27.459665298461914,4069600
2008-11-14,33.5099983215332,35.63999938964844,31.940000534057617,32.689998626708984,25.831829071044922,2434700
2008-11-17,31.899999618530273,32.56999969482422,29.8799991607666,30.030000686645508,23.729887008666992,2201800
2008-11-18,31.1299991607666,33.06999969482422,28.8799991607666,29.450000762939453,23.271570205688477,4514900
2008-11-19,29.90999984741211,30.030000686645508,27.56999969482422,27.56999969482422,21.785985946655273,4569600
2008-11-20,27.65999984741211,29.049999237060547,26.0,26.309999465942383,20.790321350097656,4253000
2008-11-21,26.6299991607666,28.0,23.0,25.899999618530273,20.466339111328125,5208800
2008-11-24,26.600000381469727,30.5,26.600000381469727,29.850000381469727,23.58765411376953,3425000
2008-11-25,31.329999923706055,31.899999618530273,27.56999969482422,30.81999969482422,24.35414695739746,2971600
2008-11-26,30.030000686645508,31.479999542236328,28.8700008392334,31.139999389648438,24.607013702392578,1526600
2008-11-28,31.75,31.950000762939453,30.559999465942383,31.889999389648438,25.199665069580078,756100
2008-12-01,31.200000762939453,31.200000762939453,25.8799991607666,25.90999984741211,20.474239349365234,2240700
2008-12-02,26.610000610351562,26.889999389648438,24.829999923706055,25.860000610351562,20.434722900390625,3067700
2008-12-03,25.079999923706055,27.469999313354492,24.5,27.139999389648438,21.446191787719727,2747100
2008-12-04,26.239999771118164,30.479999542236328,26.149999618530273,28.329999923706055,22.386533737182617,3210100
2008-12-05,27.719999313354492,30.1299991607666,27.350000381469727,30.020000457763672,23.72198486328125,3298500
2008-12-08,31.100000381469727,31.3799991607666,27.1299991607666,29.100000381469727,22.994993209838867,2922100
2008-12-09,28.56999969482422,29.360000610351562,27.579999923706055,27.81999969482422,21.983535766601562,2551000
2008-12-10,28.860000610351562,28.8700008392334,27.420000076293945,28.329999923706055,22.386533737182617,1436200
2008-12-11,27.549999237060547,28.969999313354492,26.59000015258789,26.940000534057617,21.28815269470215,1547700
2008-12-12,26.1200008392334,26.739999771118164,25.280000686645508,25.709999084472656,20.316198348999023,3595000
2008-12-15,24.81999969482422,25.549999237060547,23.260000228881836,24.34000015258789,19.23361587524414,3817700
2008-12-16,24.940000534057617,27.049999237060547,24.709999084472656,27.049999237060547,21.37506675720215,3077700
2008-12-17,26.649999618530273,27.149999618530273,25.790000915527344,26.389999389648438,20.853540420532227,2059600
2008-12-18,25.93000030517578,27.360000610351562,25.639999389648438,25.969999313354492,20.521656036376953,1778500
2008-12-19,26.389999389648438,26.549999237060547,24.450000762939453,24.940000534057617,19.707746505737305,3638200
2008-12-22,24.860000610351562,25.110000610351562,22.350000381469727,22.559999465942383,17.827051162719727,3603100
2008-12-23,22.5,23.0,21.06999969482422,21.799999237060547,17.226499557495117,3790900
2008-12-24,22.34000015258789,22.780000686645508,21.15999984741211,22.100000381469727,17.46355438232422,1002400
2008-12-26,22.260000228881836,22.75,22.049999237060547,22.309999465942383,17.62950325012207,778400
2008-12-29,22.450000762939453,22.809999465942383,21.260000228881836,21.719999313354492,17.16326904296875,970100
2008-12-30,22.149999618530273,23.0,21.729999542236328,22.889999389648438,18.087820053100586,2027700
2008-12-31,23.18000030517578,24.709999084472656,22.829999923706055,24.510000228881836,19.36794662475586,2521800
2009-01-02,25.399999618530273,25.520000457763672,24.18000030517578,25.0,19.755151748657227,1956500
2009-01-05,24.979999542236328,25.030000686645508,24.100000381469727,24.329999923706055,19.225717544555664,1792800
2009-01-06,25.0,25.469999313354492,24.260000228881836,25.149999618530273,19.873682022094727,2187500
2009-01-07,24.559999465942383,24.559999465942383,22.489999771118164,22.579999923706055,17.842851638793945,2796800
2009-01-08,22.579999923706055,23.270000457763672,21.920000076293945,22.200000762939453,17.542573928833008,2087200
2009-01-09,22.389999389648438,22.420000076293945,21.760000228881836,21.780000686645508,17.210689544677734,1927500
2009-01-12,21.760000228881836,22.049999237060547,20.360000610351562,20.81999969482422,16.452089309692383,3337400
2009-01-13,20.649999618530273,22.049999237060547,20.299999237060547,21.90999984741211,17.31342124938965,2717200
2009-01-14,21.139999389648438,21.600000381469727,20.40999984741211,20.989999771118164,16.586421966552734,3117000
2009-01-15,20.56999969482422,20.850000381469727,17.790000915527344,18.239999771118164,14.413352966308594,6968500
2009-01-16,18.459999084472656,19.0,16.200000762939453,16.489999771118164,13.030498504638672,6888800
2009-01-20,16.3799991607666,16.639999389648438,13.1899995803833,13.329999923706055,10.533447265625,7197900
2009-01-21,13.960000038146973,15.670000076293945,13.779999732971191,15.0600004196167,11.900503158569336,7166100
2009-01-22,14.65999984741211,15.050000190734863,13.529999732971191,13.869999885559082,10.960155487060547,5024500
2009-01-23,13.390000343322754,13.760000228881836,13.0,13.5600004196167,10.715195655822754,5395800
2009-01-26,13.65999984741211,13.779999732971191,11.8100004196167,12.1899995803833,9.632614135742188,5655400
2009-01-27,12.960000038146973,15.40999984741211,12.630000114440918,14.079999923706055,11.126100540161133,9564300
2009-01-28,15.680000305175781,18.299999237060547,15.5600004196167,17.959999084472656,14.19210147857666,9989500
2009-01-29,17.399999618530273,17.420000076293945,16.18000030517578,16.43000030517578,12.983089447021484,4283700
2009-01-30,16.950000762939453,17.049999237060547,14.6899995803833,14.920000076293945,11.789872169494629,3979100
2009-02-02,14.390000343322754,14.770000457763672,13.960000038146973,14.460000038146973,11.426379203796387,3279600
2009-02-03,14.699999809265137,14.760000228881836,12.979999542236328,13.109999656677246,10.359602928161621,6282200
2009-02-04,13.039999961853027,14.010000228881836,12.75,12.84000015258789,10.146246910095215,4867800
2009-02-05,12.850000381469727,13.970000267028809,11.84000015258789,12.960000038146973,10.241069793701172,8592700
2009-02-06,13.100000381469727,15.119999885559082,13.100000381469727,14.34000015258789,11.331555366516113,7128000
2009-02-09,14.930000305175781,15.40999984741211,13.850000381469727,14.84000015258789,11.759459495544434,7353100
2009-02-10,14.59000015258789,14.84000015258789,11.890000343322754,11.949999809265137,9.469376564025879,10030000
2009-02-11,12.649999618530273,13.09000015258789,12.109999656677246,12.609999656677246,9.992369651794434,4821600
2009-02-12,12.1899995803833,12.319999694824219,10.989999771118164,11.680000305175781,9.25542163848877,7583100
2009-02-13,11.630000114440918,11.899999618530273,11.020000457763672,11.420000076293945,9.049395561218262,6647800
2009-02-17,10.819999694824219,11.069999694824219,10.0,10.010000228881836,7.932085990905762,6072800
2009-02-18,10.619999885559082,10.619999885559082,9.34000015258789,10.109999656677246,8.01132869720459,6001800
2009-02-19,10.270000457763672,10.640000343322754,9.289999961853027,9.300000190734863,7.369472980499268,3637200
2009-02-20,8.65999984741211,9.170000076293945,8.050000190734863,9.0,7.131748199462891,6894100
2009-02-23,9.140000343322754,9.359999656677246,8.369999885559082,8.670000076293945,6.870251178741455,5064100
2009-02-24,8.550000190734863,10.550000190734863,8.220000267028809,10.15999984741211,8.050950050354004,9784400
2009-02-25,10.050000190734863,10.489999771118164,8.529999732971191,9.619999885559082,7.623043537139893,9408100
2009-02-26,10.789999961853027,12.34000015258789,10.3100004196167,10.90999984741211,8.645262718200684,9479200
2009-02-27,9.819999694824219,10.619999885559082,9.329999923706055,9.369999885559082,7.424942493438721,6598500
2009-03-02,9.100000381469727,9.399999618530273,8.880000114440918,8.920000076293945,7.068352699279785,5502400
2009-03-03,9.279999732971191,9.430000305175781,7.96999979019165,8.3100004196167,6.584981441497803,5415400
2009-03-04,8.5,9.1899995803833,7.489999771118164,7.980000019073486,6.323482513427734,5607200
2009-03-05,7.769999980926514,7.849999904632568,6.599999904632568,6.769999980926514,5.364658355712891,4390800
2009-03-06,6.96999979019165,7.449999809265137,5.900000095367432,6.480000019073486,5.134858131408691,5755300
2009-03-09,6.380000114440918,7.409999847412109,6.28000020980835,6.840000152587891,5.420127868652344,4491400
2009-03-10,7.829999923706055,7.860000133514404,7.110000133514404,7.650000095367432,6.061984539031982,6038300
2009-03-11,7.840000152587891,8.789999961853027,7.519999980926514,8.470000267028809,6.711765289306641,8033000
2009-03-12,8.170000076293945,9.229999542236328,7.800000190734863,9.180000305175781,7.274380683898926,8086300
2009-03-13,9.850000381469727,9.949999809265137,8.800000190734863,9.420000076293945,7.464563369750977,5320800
2009-03-16,9.720000267028809,11.300000190734863,9.619999885559082,9.979999542236328,7.908318042755127,6787700
2009-03-17,10.34000015258789,10.850000381469727,10.0,10.850000381469727,8.597721099853516,4399100
2009-03-18,10.3100004196167,11.960000038146973,10.270000457763672,11.729999542236328,9.295042991638184,6542400
2009-03-19,12.079999923706055,12.260000228881836,10.40999984741211,10.470000267028809,8.296602249145508,5204500
2009-03-20,10.550000190734863,10.600000381469727,9.670000076293945,9.920000076293945,7.860774993896484,4089200
2009-03-23,11.15999984741211,11.670000076293945,10.5600004196167,11.65999984741211,9.239575386047363,4455300
2009-03-24,11.1899995803833,11.739999771118164,10.430000305175781,10.449999809265137,8.280755043029785,4818300
2009-03-25,10.600000381469727,11.199999809265137,9.760000228881836,10.520000457763672,8.336220741271973,4827100
2009-03-26,10.800000190734863,10.90999984741211,10.399999618530273,10.880000114440918,8.621492385864258,4913200
2009-03-27,10.569999694824219,11.069999694824219,10.369999885559082,10.460000038146973,8.288678169250488,3048300
2009-03-30,10.079999923706055,10.1899995803833,9.319999694824219,9.380000114440918,7.4328694343566895,2964300
2009-03-31,9.430000305175781,10.069999694824219,9.119999885559082,9.829999923706055,7.789450645446777,4711100
2009-04-01,9.579999923706055,10.489999771118164,9.510000228881836,10.380000114440918,8.2252836227417,3687200
2009-04-02,11.069999694824219,11.5,10.640000343322754,11.170000076293945,8.851290702819824,6141900
2009-04-03,11.149999618530273,11.270000457763672,10.489999771118164,11.25,8.914685249328613,3554300
2009-04-06,10.970000267028809,11.050000190734863,10.5,10.989999771118164,8.708658218383789,4322100
2009-04-07,10.550000190734863,10.84000015258789,10.260000228881836,10.260000228881836,8.130191802978516,2475100
2009-04-08,10.3100004196167,10.460000038146973,9.449999809265137,9.779999732971191,7.749834060668945,3191600
2009-04-09,10.920000076293945,12.359999656677246,10.430000305175781,12.359999656677246,9.794264793395996,6969900
2009-04-13,11.869999885559082,13.5,11.5,13.4399995803833,10.65007495880127,7223300
2009-04-14,13.34000015258789,14.140000343322754,12.0,12.029999732971191,9.532764434814453,7974700
2009-04-15,12.0,12.90999984741211,11.539999961853027,12.829999923706055,10.166703224182129,4121900
2009-04-16,12.989999771118164,14.0,12.270000457763672,13.699999809265137,10.856104850769043,7833500
2009-04-17,13.859999656677246,15.609999656677246,13.239999771118164,15.020000457763672,11.902093887329102,8065900
2009-04-20,14.550000190734863,14.800000190734863,12.920000076293945,12.930000305175781,10.245946884155273,8399700
2009-04-21,9.050000190734863,11.75,8.880000114440918,10.9399995803833,8.669034004211426,20667700
2009-04-22,10.4399995803833,11.550000190734863,9.899999618530273,10.399999618530273,8.241132736206055,9307200
2009-04-23,10.220000267028809,10.829999923706055,10.0600004196167,10.739999771118164,8.510552406311035,6476900
2009-04-24,10.90999984741211,12.640000343322754,10.180000305175781,12.079999923706055,9.572391510009766,10820000
2009-04-27,11.5,11.710000038146973,10.800000190734863,10.90999984741211,8.645262718200684,4190700
2009-04-28,10.600000381469727,11.079999923706055,10.319999694824219,10.539999961853027,8.352068901062012,5031600
2009-04-29,10.890000343322754,11.229999542236328,10.619999885559082,11.210000038146973,8.882986068725586,3146000
2009-04-30,11.4399995803833,11.630000114440918,10.819999694824219,10.930000305175781,8.66110897064209,3421400
2009-05-01,10.819999694824219,11.1899995803833,10.600000381469727,10.710000038146973,8.486781120300293,2419100
2009-05-04,11.039999961853027,12.989999771118164,11.0,12.850000381469727,10.182548522949219,5366900
2009-05-05,12.739999771118164,13.0,12.199999809265137,12.770000457763672,10.119161605834961,3577900
2009-05-06,13.640000343322754,16.579999923706055,13.609999656677246,16.100000381469727,12.757903099060059,12796600
2009-05-07,17.68000030517578,18.239999771118164,15.8100004196167,16.020000457763672,12.694513320922852,11874300
2009-05-08,16.6200008392334,20.360000610351562,16.56999969482422,20.360000610351562,16.13359832763672,10600200
2009-05-11,19.610000610351562,20.969999313354492,18.31999969482422,18.420000076293945,14.62503719329834,9484600
2009-05-12,18.649999618530273,19.190000534057617,16.549999237060547,17.309999465942383,13.74372673034668,7011200
2009-05-13,16.479999542236328,16.799999237060547,15.5,15.640000343322754,12.417790412902832,6960000
2009-05-14,15.569999694824219,16.34000015258789,15.100000381469727,16.1200008392334,12.798900604248047,4496900
2009-05-15,16.190000534057617,16.510000228881836,15.0,15.050000190734863,11.949345588684082,4398800
2009-05-18,15.720000267028809,17.579999923706055,15.699999809265137,17.520000457763672,13.910465240478516,6004100
2009-05-19,17.25,17.440000534057617,15.0,15.020000457763672,11.92552375793457,9892200
2009-05-20,15.8100004196167,15.880000114440918,14.229999542236328,14.460000038146973,11.480895042419434,10103600
2009-05-21,13.90999984741211,14.0,12.550000190734863,13.119999885559082,10.416970252990723,10676900
2009-05-22,13.399999618530273,13.470000267028809,12.600000381469727,12.710000038146973,10.091438293457031,4648400
2009-05-26,13.289999961853027,14.949999809265137,13.109999656677246,14.489999771118164,11.504715919494629,8985700
2009-05-27,14.449999809265137,15.0,13.6899995803833,13.779999732971191,10.940994262695312,6090800
2009-05-28,13.479999542236328,13.84000015258789,13.010000228881836,13.739999771118164,10.909234046936035,6811100
2009-05-29,13.649999618530273,14.010000228881836,13.279999732971191,13.680000305175781,10.861595153808594,8100100
2009-06-01,14.489999771118164,14.680000305175781,13.579999923706055,14.210000038146973,11.282404899597168,9734800
2009-06-02,14.220000267028809,14.869999885559082,14.050000190734863,14.649999618530273,11.631750106811523,6168400
2009-06-03,14.369999885559082,14.760000228881836,13.979999542236328,14.069999694824219,11.171242713928223,3742000
2009-06-04,14.180000305175781,14.739999771118164,13.90999984741211,14.640000343322754,11.623815536499023,3986500
2009-06-05,14.779999732971191,15.479999542236328,14.210000038146973,14.470000267028809,11.488836288452148,5013500
2009-06-08,14.329999923706055,14.800000190734863,14.149999618530273,14.319999694824219,11.369739532470703,3321200
2009-06-09,14.3100004196167,14.819999694824219,14.279999732971191,14.649999618530273,11.631750106811523,4189500
2009-06-10,14.739999771118164,14.819999694824219,14.0,14.170000076293945,11.250646591186523,3099500
2009-06-11,14.149999618530273,15.130000114440918,14.109999656677246,14.680000305175781,11.655572891235352,4863000
2009-06-12,14.729999542236328,15.210000038146973,14.619999885559082,14.779999732971191,11.734966278076172,2656800
2009-06-15,14.6899995803833,15.039999961853027,14.59000015258789,14.979999542236328,11.893763542175293,4945500
2009-06-16,14.9399995803833,15.010000228881836,13.729999542236328,13.829999923706055,10.980692863464355,5384300
2009-06-17,13.75,13.84000015258789,12.729999542236328,12.899999618530273,10.242297172546387,6103000
2009-06-18,13.100000381469727,13.600000381469727,12.90999984741211,13.199999809265137,10.480487823486328,3227500
2009-06-19,13.34000015258789,13.430000305175781,12.970000267028809,13.34000015258789,10.591644287109375,4760000
2009-06-22,13.100000381469727,13.239999771118164,11.899999618530273,11.90999984741211,9.456253051757812,5444100
2009-06-23,12.15999984741211,12.390000343322754,11.630000114440918,11.760000228881836,9.337160110473633,5799500
2009-06-24,12.0600004196167,12.640000343322754,11.760000228881836,11.859999656677246,9.416556358337402,4573600
2009-06-25,11.970000267028809,12.170000076293945,11.84000015258789,12.170000076293945,9.662693977355957,4152500
2009-06-26,12.010000228881836,12.109999656677246,11.619999885559082,11.899999618530273,9.448315620422363,3231900
2009-06-29,12.130000114440918,12.430000305175781,11.6899995803833,12.239999771118164,9.718267440795898,4810300
2009-06-30,12.369999885559082,12.369999885559082,11.380000114440918,11.5600004196167,9.178366661071777,6343200
2009-07-01,11.720000267028809,11.739999771118164,11.260000228881836,11.350000381469727,9.01163101196289,2848800
2009-07-02,11.180000305175781,11.359999656677246,11.0,11.0600004196167,8.781375885009766,3294800
2009-07-06,10.899999618530273,11.319999694824219,10.65999984741211,11.130000114440918,8.836957931518555,4672900
2009-07-07,11.0600004196167,11.460000038146973,10.970000267028809,11.020000457763672,8.749616622924805,3232700
2009-07-08,10.989999771118164,11.25,10.630000114440918,10.949999809265137,8.694038391113281,4831600
2009-07-09,11.100000381469727,11.670000076293945,11.100000381469727,11.350000381469727,9.01163101196289,3938100
2009-07-10,11.25,11.319999694824219,10.819999694824219,11.0,8.733736038208008,4309600
2009-07-13,11.229999542236328,11.9399995803833,11.109999656677246,11.9399995803833,9.480076789855957,5200200
2009-07-14,12.029999732971191,12.100000381469727,11.460000038146973,11.760000228881836,9.337160110473633,3800200
2009-07-15,11.859999656677246,12.390000343322754,11.760000228881836,12.319999694824219,9.781785011291504,5071500
2009-07-16,12.210000038146973,12.59000015258789,11.899999618530273,12.399999618530273,9.845307350158691,3724000
2009-07-17,12.270000457763672,12.729999542236328,11.25,11.5600004196167,9.178366661071777,6710700
2009-07-20,11.579999923706055,12.369999885559082,11.579999923706055,12.220000267028809,9.702391624450684,7240900
2009-07-21,11.279999732971191,11.479999542236328,10.25,10.680000305175781,8.479671478271484,15248800
2009-07-22,10.420000076293945,11.130000114440918,10.399999618530273,11.0,8.733736038208008,5440500
2009-07-23,11.09000015258789,11.550000190734863,10.6899995803833,11.329999923706055,8.995749473571777,6906000
2009-07-24,11.239999771118164,11.329999923706055,10.770000457763672,11.199999809265137,8.892532348632812,5856300
2009-07-27,11.180000305175781,12.720000267028809,11.069999694824219,12.649999618530273,10.043793678283691,8250000
2009-07-28,12.510000228881836,13.039999961853027,12.350000381469727,12.800000190734863,10.162896156311035,5640500
2009-07-29,12.5,12.829999923706055,12.399999618530273,12.550000190734863,9.96440315246582,3422100
2009-07-30,12.819999694824219,13.739999771118164,12.8100004196167,13.460000038146973,10.686918258666992,6429400
2009-07-31,13.430000305175781,13.770000457763672,13.25,13.579999923706055,10.782195091247559,4803100
2009-08-03,13.920000076293945,14.899999618530273,13.899999618530273,14.149999618530273,11.234764099121094,5919700
2009-08-04,14.020000457763672,15.359999656677246,13.670000076293945,15.149999618530273,12.028741836547852,8044200
2009-08-05,15.1899995803833,15.5600004196167,14.829999923706055,15.199999809265137,12.068436622619629,8694000
2009-08-06,15.399999618530273,16.479999542236328,15.289999961853027,15.510000228881836,12.314574241638184,9059600
2009-08-07,16.270000457763672,17.649999618530273,16.15999984741211,17.059999465942383,13.545230865478516,10483700
2009-08-10,17.079999923706055,18.290000915527344,16.799999237060547,17.93000030517578,14.244342803955078,9726000
2009-08-11,17.479999542236328,17.59000015258789,16.0,16.43000030517578,13.052681922912598,15533100
2009-08-12,16.389999389648438,16.75,15.789999961853027,16.229999542236328,12.893794059753418,7318000
2009-08-13,16.549999237060547,16.90999984741211,16.0,16.860000610351562,13.394292831420898,5618500
2009-08-14,16.969999313354492,17.09000015258789,16.360000610351562,16.950000762939453,13.465791702270508,4980300
2009-08-17,16.010000228881836,16.200000762939453,15.760000228881836,15.9399995803833,12.663405418395996,4662800
2009-08-18,16.0,16.739999771118164,16.0,16.3700008392334,13.005016326904297,3980100
2009-08-19,15.829999923706055,16.8799991607666,15.829999923706055,16.670000076293945,13.2433500289917,5774900
2009-08-20,16.790000915527344,17.75,16.760000228881836,17.56999969482422,13.958342552185059,5997300
2009-08-21,17.950000762939453,18.600000381469727,17.639999389648438,18.219999313354492,14.474732398986816,6922600
2009-08-24,18.079999923706055,18.75,17.469999313354492,17.56999969482422,13.958342552185059,6680100
2009-08-25,17.81999969482422,18.3799991607666,17.530000686645508,17.559999465942383,13.950399398803711,5739200
2009-08-26,17.65999984741211,17.940000534057617,17.1200008392334,17.420000076293945,13.83918285369873,4609800
2009-08-27,17.280000686645508,17.600000381469727,17.149999618530273,17.440000534057617,13.855066299438477,1916800
2009-08-28,17.600000381469727,18.56999969482422,17.440000534057617,18.1200008392334,14.39528751373291,4994300
2009-08-31,17.84000015258789,17.860000610351562,17.350000381469727,17.68000030517578,14.045737266540527,4393900
2009-09-01,17.600000381469727,17.850000381469727,16.260000228881836,16.43000030517578,13.052681922912598,7417900
2009-09-02,16.360000610351562,16.56999969482422,15.739999771118164,16.280000686645508,12.933516502380371,6039400
2009-09-03,16.549999237060547,16.969999313354492,16.200000762939453,16.389999389648438,13.020904541015625,4560700
2009-09-04,16.399999618530273,16.739999771118164,16.149999618530273,16.739999771118164,13.298955917358398,3373600
2009-09-08,17.1200008392334,17.43000030517578,15.829999923706055,16.06999969482422,12.766678810119629,6281500
2009-09-09,16.15999984741211,16.3799991607666,15.699999809265137,16.18000030517578,12.854071617126465,6530500
2009-09-10,16.170000076293945,16.18000030517578,15.449999809265137,15.9399995803833,12.663405418395996,6416700
2009-09-11,15.739999771118164,16.110000610351562,15.520000457763672,15.890000343322754,12.623682022094727,6618000
2009-09-14,15.729999542236328,16.360000610351562,15.680000305175781,16.360000610351562,12.997069358825684,4541600
2009-09-15,16.299999237060547,18.309999465942383,16.229999542236328,18.1200008392334,14.39528751373291,11308600
2009-09-16,17.850000381469727,20.360000610351562,17.75,19.309999465942383,15.340668678283691,15279600
2009-09-17,18.5,19.639999389648438,18.149999618530273,18.270000457763672,14.514451026916504,10546500
2009-09-18,18.399999618530273,18.68000030517578,17.93000030517578,18.399999618530273,14.61773681640625,6114200
2009-09-21,18.239999771118164,18.540000915527344,17.8799991607666,18.200000762939453,14.458844184875488,3315300
2009-09-22,18.3700008392334,19.25,18.270000457763672,19.06999969482422,15.150003433227539,6023200
2009-09-23,18.559999465942383,19.200000762939453,18.5,18.639999389648438,14.808391571044922,3964100
2009-09-24,18.780000686645508,19.020000457763672,17.389999389648438,17.75,14.101347923278809,6455300
2009-09-25,17.670000076293945,17.940000534057617,17.510000228881836,17.780000686645508,14.125182151794434,4135900
2009-09-28,17.899999618530273,18.190000534057617,17.670000076293945,18.190000534057617,14.450898170471191,3617500
2009-09-29,18.5,19.049999237060547,18.190000534057617,18.190000534057617,14.450898170471191,4450900
2009-09-30,18.229999542236328,18.40999984741211,17.649999618530273,17.969999313354492,14.276124000549316,4414800
2009-10-01,18.100000381469727,18.190000534057617,16.34000015258789,16.3799991607666,13.012953758239746,7246900
2009-10-02,16.110000610351562,16.989999771118164,16.059999465942383,16.68000030517578,13.251289367675781,7521400
2009-10-05,16.6299991607666,17.1299991607666,16.549999237060547,17.1299991607666,13.608794212341309,4421000
2009-10-06,17.3700008392334,18.760000228881836,17.200000762939453,17.360000610351562,13.791513442993164,7873000
2009-10-07,17.579999923706055,17.579999923706055,16.979999542236328,17.34000015258789,13.775619506835938,3187200
2009-10-08,17.530000686645508,17.59000015258789,17.010000228881836,17.139999389648438,13.61673355102539,4937700
2009-10-09,17.149999618530273,17.309999465942383,16.90999984741211,17.270000457763672,13.720013618469238,4425900
2009-10-12,17.110000610351562,17.399999618530273,16.959999084472656,17.0,13.505510330200195,3740200
2009-10-13,17.200000762939453,18.200000762939453,17.059999465942383,18.020000457763672,14.315844535827637,8859700
2009-10-14,18.170000076293945,18.729999542236328,17.75,18.649999618530273,14.816343307495117,7084800
2009-10-15,18.5,18.989999771118164,18.329999923706055,18.81999969482422,14.951399803161621,4154800
2009-10-16,18.440000534057617,19.030000686645508,17.84000015258789,18.170000076293945,14.435009002685547,7092700
2009-10-19,18.229999542236328,18.6299991607666,17.829999923706055,18.329999923706055,14.562118530273438,6857900
2009-10-20,17.030000686645508,17.899999618530273,16.719999313354492,17.229999542236328,13.688234329223633,12417800
2009-10-21,17.06999969482422,17.280000686645508,16.579999923706055,16.729999542236328,13.291013717651367,9061500
2009-10-22,16.670000076293945,17.440000534057617,16.399999618530273,17.3799991607666,13.807398796081543,8972100
2009-10-23,17.34000015258789,17.389999389648438,16.5,16.81999969482422,13.362512588500977,6489500
2009-10-26,16.760000228881836,16.860000610351562,15.550000190734863,15.649999618530273,12.433016777038574,7435300
2009-10-27,15.680000305175781,15.930000305175781,15.180000305175781,15.289999961853027,12.147015571594238,6759800
2009-10-28,15.300000190734863,15.479999542236328,14.430000305175781,14.569999694824219,11.5750150680542,9067900
2009-10-29,14.800000190734863,15.25,14.029999732971191,15.079999923706055,11.980182647705078,8074800
2009-10-30,14.9399995803833,14.960000038146973,13.890000343322754,14.15999984741211,11.249298095703125,11254900
2009-11-02,14.229999542236328,14.979999542236328,13.770000457763672,14.050000190734863,11.161909103393555,7102200
2009-11-03,13.90999984741211,14.479999542236328,13.449999809265137,14.399999618530273,11.439962387084961,7286700
2009-11-04,14.470000267028809,14.75,13.609999656677246,13.649999618530273,10.844130516052246,7744300
2009-11-05,13.75,14.100000381469727,13.59000015258789,14.050000190734863,11.161909103393555,6675700
2009-11-06,13.800000190734863,14.199999809265137,13.630000114440918,13.829999923706055,10.98713207244873,5062600
2009-11-09,13.970000267028809,14.369999885559082,13.829999923706055,14.350000381469727,11.408488273620605,6647600
2009-11-10,14.319999694824219,14.329999923706055,13.229999542236328,13.260000228881836,10.541921615600586,11544400
2009-11-11,13.149999618530273,13.630000114440918,12.800000190734863,13.239999771118164,10.526021957397461,11385400
2009-11-12,13.229999542236328,13.539999961853027,12.899999618530273,12.9399995803833,10.287515640258789,6315200
2009-11-13,12.989999771118164,13.399999618530273,12.819999694824219,13.109999656677246,10.42266845703125,8489500
2009-11-16,13.279999732971191,13.619999885559082,13.1899995803833,13.380000114440918,10.637327194213867,5352600
2009-11-17,13.260000228881836,13.619999885559082,13.140000343322754,13.460000038146973,10.700925827026367,4425300
2009-11-18,13.449999809265137,13.6899995803833,13.220000267028809,13.319999694824219,10.589620590209961,4207100
2009-11-19,13.199999809265137,13.319999694824219,12.670000076293945,12.739999771118164,10.128511428833008,5224000
2009-11-20,12.6899995803833,12.920000076293945,12.5,12.550000190734863,9.977459907531738,4029800
2009-11-23,13.699999809265137,14.710000038146973,13.59000015258789,14.119999885559082,11.22563648223877,17842600
2009-11-24,13.960000038146973,14.119999885559082,13.25,13.350000381469727,10.613473892211914,7795200
2009-11-25,13.369999885559082,13.479999542236328,12.859999656677246,13.079999923706055,10.398819923400879,5196700
2009-11-27,12.699999809265137,13.0,12.600000381469727,12.619999885559082,10.033111572265625,2385400
2009-11-30,12.680000305175781,13.149999618530273,12.649999618530273,13.149999618530273,10.454469680786133,4934700
2009-12-01,13.319999694824219,13.359999656677246,12.859999656677246,13.15999984741211,10.462424278259277,4935600
2009-12-02,13.199999809265137,13.600000381469727,13.100000381469727,13.34000015258789,10.605525970458984,5003900
2009-12-03,13.399999618530273,13.6899995803833,12.520000457763672,12.59000015258789,10.009260177612305,7291900
2009-12-04,13.020000457763672,13.149999618530273,12.75,13.0600004196167,10.382922172546387,6111400
2009-12-07,13.029999732971191,13.380000114440918,13.0,13.260000228881836,10.541921615600586,5229300
2009-12-08,13.300000190734863,13.859999656677246,13.260000228881836,13.739999771118164,10.923527717590332,7954500
2009-12-09,13.710000038146973,14.130000114440918,13.479999542236328,13.979999542236328,11.114336013793945,7559700
2009-12-10,14.029999732971191,14.0600004196167,13.449999809265137,13.520000457763672,10.748627662658691,4811800
2009-12-11,13.539999961853027,13.6899995803833,13.40999984741211,13.59000015258789,10.804280281066895,3494300
2009-12-14,13.6899995803833,13.800000190734863,13.399999618530273,13.760000228881836,10.939432144165039,3948400
2009-12-15,13.5,13.510000228881836,12.949999809265137,13.050000190734863,10.374970436096191,5638300
2009-12-16,13.100000381469727,13.239999771118164,12.8100004196167,12.90999984741211,10.263665199279785,4555200
2009-12-17,12.760000228881836,13.039999961853027,12.680000305175781,12.699999809265137,10.096714973449707,3630100
2009-12-18,12.800000190734863,13.130000114440918,12.699999809265137,13.119999885559082,10.430624008178711,5720000
2009-12-21,13.149999618530273,13.279999732971191,12.949999809265137,13.210000038146973,10.502172470092773,3089900
2009-12-22,13.210000038146973,13.220000267028809,13.020000457763672,13.220000267028809,10.51012134552002,3029600
2009-12-23,13.1899995803833,13.199999809265137,12.850000381469727,12.920000076293945,10.271615982055664,3833200
2009-12-24,12.970000267028809,13.020000457763672,12.84000015258789,12.899999618530273,10.255715370178223,1145500
2009-12-28,12.90999984741211,13.069999694824219,12.6899995803833,12.760000228881836,10.14441204071045,3281500
2009-12-29,12.6899995803833,12.869999885559082,12.670000076293945,12.75,10.136466026306152,2129100
2009-12-30,12.699999809265137,12.800000190734863,12.510000228881836,12.800000190734863,10.176215171813965,2799500
2009-12-31,12.729999542236328,12.930000305175781,12.670000076293945,12.829999923706055,10.200066566467285,3239800
2010-01-04,12.9399995803833,13.369999885559082,12.880000114440918,13.329999923706055,10.597574234008789,3974600
2010-01-05,13.279999732971191,13.829999923706055,13.229999542236328,13.800000190734863,10.971232414245605,5605500
2010-01-06,13.670000076293945,15.010000228881836,13.65999984741211,15.0,11.925253868103027,12615200
2010-01-07,14.970000267028809,17.0,14.949999809265137,16.68000030517578,13.26087474822998,24716800
2010-01-08,16.190000534057617,16.65999984741211,15.520000457763672,16.40999984741211,13.046226501464844,6903000
2010-01-11,16.469999313354492,16.790000915527344,16.100000381469727,16.510000228881836,13.125726699829102,5532000
2010-01-12,16.3799991607666,16.940000534057617,15.829999923706055,16.049999237060547,12.76002025604248,7340200
2010-01-13,15.949999809265137,16.56999969482422,15.140000343322754,16.350000381469727,12.99852466583252,10367200
2010-01-14,16.360000610351562,16.850000381469727,16.25,16.709999084472656,13.284725189208984,4677900
2010-01-15,16.780000686645508,16.889999389648438,16.1200008392334,16.260000228881836,12.926976203918457,4889300
2010-01-19,16.25,17.200000762939453,16.059999465942383,17.110000610351562,13.602734565734863,7056700
2010-01-20,16.90999984741211,18.0,16.850000381469727,17.920000076293945,14.2467041015625,9979700
2010-01-21,17.969999313354492,19.420000076293945,17.950000762939453,18.360000610351562,14.59650707244873,14223800
2010-01-22,18.06999969482422,18.25,17.1200008392334,17.65999984741211,14.039997100830078,11289700
2010-01-25,17.959999084472656,17.989999771118164,16.690000534057617,17.920000076293945,14.2467041015625,10474700
2010-01-26,18.959999084472656,20.579999923706055,18.899999618530273,19.079999923706055,15.168917655944824,26333100
2010-01-27,18.8799991607666,19.34000015258789,18.34000015258789,18.940000534057617,15.05761432647705,9314100
2010-01-28,19.530000686645508,19.75,18.899999618530273,19.34000015258789,15.37562370300293,7063800
2010-01-29,19.56999969482422,19.700000762939453,18.780000686645508,18.969999313354492,15.081462860107422,6963600
2010-02-01,19.170000076293945,19.940000534057617,19.1299991607666,19.920000076293945,15.836736679077148,6913400
2010-02-02,19.979999542236328,20.190000534057617,19.440000534057617,19.90999984741211,15.828784942626953,5880500
2010-02-03,19.770000457763672,19.780000686645508,18.459999084472656,18.6200008392334,14.803210258483887,10280400
2010-02-04,18.09000015258789,18.149999618530273,17.389999389648438,17.489999771118164,13.9048433303833,11389800
2010-02-05,17.6299991607666,18.100000381469727,17.239999771118164,18.0,14.310302734375,7965300
2010-02-08,18.030000686645508,18.780000686645508,17.700000762939453,17.989999771118164,14.310301780700684,8066000
2010-02-09,18.299999237060547,18.649999618530273,17.989999771118164,18.209999084472656,14.485301971435547,4783100
2010-02-10,18.260000228881836,18.700000762939453,18.1299991607666,18.520000457763672,14.731900215148926,4126600
2010-02-11,18.40999984741211,18.6299991607666,18.06999969482422,18.170000076293945,14.453483581542969,5180100
2010-02-12,18.010000228881836,18.049999237060547,17.540000915527344,17.850000381469727,14.198945045471191,4889000
2010-02-16,18.100000381469727,18.329999923706055,17.75,18.260000228881836,14.525076866149902,3531900
2010-02-17,18.489999771118164,18.489999771118164,17.850000381469727,18.049999237060547,14.358027458190918,3946300
2010-02-18,17.8700008392334,18.139999389648438,17.600000381469727,17.719999313354492,14.095529556274414,4436000
2010-02-19,17.670000076293945,18.510000228881836,17.56999969482422,18.440000534057617,14.668259620666504,5704800
2010-02-22,18.549999237060547,19.0,18.520000457763672,18.8700008392334,15.010305404663086,4690800
2010-02-23,18.559999465942383,18.940000534057617,18.030000686645508,18.18000030517578,14.461445808410645,5477800
2010-02-24,18.200000762939453,18.899999618530273,18.06999969482422,18.670000076293945,14.851211547851562,4770400
2010-02-25,18.31999969482422,18.459999084472656,18.020000457763672,18.440000534057617,14.668259620666504,4482200
2010-02-26,18.459999084472656,18.600000381469727,18.1200008392334,18.540000915527344,14.747801780700684,3528900
2010-03-01,18.700000762939453,18.700000762939453,18.18000030517578,18.299999237060547,14.556896209716797,2452200
2010-03-02,18.799999237060547,19.190000534057617,18.40999984741211,18.639999389648438,14.827347755432129,4703800
2010-03-03,18.729999542236328,18.760000228881836,18.31999969482422,18.399999618530273,14.636444091796875,3343500
2010-03-04,18.3700008392334,18.440000534057617,18.0,18.079999923706055,14.381897926330566,4441000
2010-03-05,18.25,18.780000686645508,18.139999389648438,18.739999771118164,14.906898498535156,4540900
2010-03-08,18.90999984741211,19.06999969482422,18.670000076293945,18.93000030517578,15.05803394317627,3084200
2010-03-09,18.739999771118164,19.399999618530273,18.459999084472656,19.260000228881836,15.320534706115723,5624600
2010-03-10,19.5,21.059999465942383,19.450000762939453,20.489999771118164,16.2989444732666,13857400
2010-03-11,20.68000030517578,21.729999542236328,20.3700008392334,21.43000030517578,17.046680450439453,14077100
2010-03-12,21.68000030517578,21.93000030517578,20.959999084472656,20.989999771118164,16.696678161621094,9106700
2010-03-15,20.940000534057617,21.329999923706055,20.579999923706055,21.239999771118164,16.895545959472656,6415500
2010-03-16,21.459999084472656,22.350000381469727,21.239999771118164,22.219999313354492,17.675090789794922,8523800
2010-03-17,22.18000030517578,23.729999542236328,22.18000030517578,23.190000534057617,18.446685791015625,13527300
2010-03-18,22.790000915527344,22.989999771118164,22.190000534057617,22.729999542236328,18.080781936645508,8474500
2010-03-19,22.68000030517578,22.969999313354492,22.020000457763672,22.110000610351562,17.58759307861328,7798700
2010-03-22,21.75,22.670000076293945,21.360000610351562,22.610000610351562,17.98532485961914,5981200
2010-03-23,22.59000015258789,22.899999618530273,22.18000030517578,22.81999969482422,18.152366638183594,4373500
2010-03-24,22.729999542236328,23.43000030517578,22.68000030517578,23.059999465942383,18.343280792236328,5177100
2010-03-25,23.34000015258789,23.850000381469727,22.600000381469727,22.639999389648438,18.009185791015625,5195100
2010-03-26,22.780000686645508,23.190000534057617,21.90999984741211,22.229999542236328,17.68305015563965,5999600
2010-03-29,22.540000915527344,22.709999084472656,21.440000534057617,21.75,17.301225662231445,7127400
2010-03-30,21.799999237060547,21.979999542236328,21.56999969482422,21.65999984741211,17.229637145996094,3950800
2010-03-31,21.43000030517578,22.079999923706055,21.40999984741211,21.84000015258789,17.372825622558594,4617800
2010-04-01,22.1299991607666,22.18000030517578,21.610000610351562,21.8799991607666,17.404632568359375,3231500
2010-04-05,22.5,23.260000228881836,22.239999771118164,23.209999084472656,18.46259307861328,6554200
2010-04-06,23.139999389648438,24.649999618530273,23.020000457763672,24.270000457763672,19.3057861328125,8533800
2010-04-07,24.31999969482422,24.75,23.34000015258789,23.75,18.89214515686035,7203800
2010-04-08,23.770000457763672,24.15999984741211,23.260000228881836,23.959999084472656,19.059181213378906,4002200
2010-04-09,24.170000076293945,24.350000381469727,23.709999084472656,23.93000030517578,19.03533363342285,3588400
2010-04-12,23.93000030517578,24.920000076293945,23.670000076293945,24.899999618530273,19.806921005249023,7493900
2010-04-13,24.75,24.850000381469727,24.260000228881836,24.56999969482422,19.54442024230957,9121900
2010-04-14,24.950000762939453,26.68000030517578,24.75,26.360000610351562,20.968292236328125,12528900
2010-04-15,27.059999465942383,27.110000610351562,25.790000915527344,26.139999389648438,20.793292999267578,10151500
2010-04-16,26.049999237060547,26.329999923706055,24.3799991607666,25.530000686645508,20.30805778503418,8800800
2010-04-19,25.270000457763672,25.84000015258789,24.65999984741211,25.43000030517578,20.228517532348633,8444100
2010-04-20,25.780000686645508,27.600000381469727,25.280000686645508,27.420000076293945,21.811473846435547,13658700
2010-04-21,27.559999465942383,30.0,27.459999084472656,28.8700008392334,22.964887619018555,15578100
2010-04-22,28.68000030517578,29.75,28.149999618530273,29.600000381469727,23.545581817626953,6772200
2010-04-23,29.520000457763672,30.149999618530273,29.25,30.0,23.863765716552734,5048000
2010-04-26,30.139999389648438,30.290000915527344,28.6200008392334,28.780000686645508,22.89330291748047,6694300
2010-04-27,28.579999923706055,29.25,27.299999237060547,27.75,22.0739803314209,7658300
2010-04-28,28.170000076293945,28.549999237060547,27.440000534057617,27.65999984741211,22.002389907836914,6247200
2010-04-29,27.889999389648438,29.100000381469727,27.889999389648438,28.860000610351562,22.956941604614258,3457100
2010-04-30,28.989999771118164,29.520000457763672,28.6299991607666,28.729999542236328,22.853527069091797,4647900
2010-05-03,28.989999771118164,29.440000534057617,28.350000381469727,29.0,23.06830596923828,4370100
2010-05-04,28.43000030517578,28.8799991607666,27.5,27.770000457763672,22.089885711669922,5271600
2010-05-05,27.34000015258789,28.670000076293945,26.649999618530273,27.860000610351562,22.161479949951172,7580700
2010-05-06,27.670000076293945,28.280000686645508,25.06999969482422,26.440000534057617,21.03948211669922,10676600
2010-05-07,26.360000610351562,26.770000457763672,24.559999465942383,25.56999969482422,20.347183227539062,9586400
2010-05-10,28.09000015258789,29.100000381469727,27.040000915527344,27.829999923706055,22.145565032958984,9157400
2010-05-11,27.31999969482422,28.649999618530273,27.149999618530273,27.739999771118164,22.073945999145508,5753200
2010-05-12,28.110000610351562,28.90999984741211,28.030000686645508,28.8799991607666,22.981096267700195,4732900
2010-05-13,28.690000534057617,29.25,28.40999984741211,28.5,22.678709030151367,3825800
2010-05-14,28.100000381469727,28.139999389648438,26.579999923706055,27.329999923706055,21.747692108154297,5317200
2010-05-17,27.149999618530273,27.549999237060547,26.200000762939453,27.299999237060547,21.723819732666016,4942700
2010-05-18,27.579999923706055,27.899999618530273,25.6200008392334,26.079999923706055,20.753009796142578,5743200
2010-05-19,25.309999465942383,26.25,24.420000076293945,24.420000076293945,19.432079315185547,14161300
2010-05-20,23.0,23.700000762939453,22.65999984741211,22.790000915527344,18.135021209716797,14945200
2010-05-21,22.25,23.950000762939453,22.100000381469727,23.799999237060547,18.93871307373047,9200800
2010-05-24,24.100000381469727,24.110000610351562,22.90999984741211,22.90999984741211,18.23050308227539,6236700
2010-05-25,22.0,23.239999771118164,21.670000076293945,23.110000610351562,18.389659881591797,7385400
2010-05-26,23.8799991607666,24.469999313354492,23.729999542236328,23.959999084472656,19.06602668762207,11860100
2010-05-27,24.610000610351562,24.950000762939453,24.149999618530273,24.860000610351562,19.78220558166504,7074400
2010-05-28,24.729999542236328,24.809999465942383,23.719999313354492,23.950000762939453,19.058074951171875,4970500
2010-06-01,23.5,24.06999969482422,23.049999237060547,23.149999618530273,18.421485900878906,5416800
2010-06-02,23.299999237060547,23.780000686645508,22.950000762939453,23.780000686645508,18.92280387878418,4888800
2010-06-03,23.799999237060547,24.190000534057617,23.149999618530273,23.559999465942383,18.74773597717285,4526600
2010-06-04,22.8799991607666,23.290000915527344,22.209999084472656,22.350000381469727,17.78488540649414,7176300
2010-06-07,22.5,22.579999923706055,21.420000076293945,21.479999542236328,17.092586517333984,6046400
2010-06-08,21.540000915527344,22.610000610351562,21.219999313354492,22.520000457763672,17.920164108276367,9582300
2010-06-09,22.799999237060547,23.100000381469727,22.1299991607666,22.790000915527344,18.135021209716797,9792700
2010-06-10,23.299999237060547,23.56999969482422,22.84000015258789,23.559999465942383,18.74773597717285,6675500
2010-06-11,23.170000076293945,23.760000228881836,22.729999542236328,23.68000030517578,18.843231201171875,5960200
2010-06-14,23.899999618530273,24.299999237060547,23.270000457763672,23.399999618530273,18.620426177978516,5238500
2010-06-15,23.59000015258789,24.31999969482422,23.3799991607666,24.239999771118164,19.288843154907227,5017100
2010-06-16,24.0,24.40999984741211,23.899999618530273,24.170000076293945,19.233139038085938,4823800
2010-06-17,24.18000030517578,24.270000457763672,23.270000457763672,23.670000076293945,18.835264205932617,4756200
2010-06-18,23.829999923706055,24.0,23.350000381469727,23.979999542236328,19.081947326660156,8289600
2010-06-21,24.360000610351562,24.690000534057617,23.719999313354492,23.90999984741211,19.0262508392334,4529900
2010-06-22,23.90999984741211,24.299999237060547,23.610000610351562,23.6299991607666,18.803438186645508,3612600
2010-06-23,23.739999771118164,24.059999465942383,23.110000610351562,23.350000381469727,18.580629348754883,2949000
2010-06-24,23.059999465942383,23.489999771118164,22.729999542236328,22.950000762939453,18.262325286865234,2779500
2010-06-25,23.15999984741211,24.020000457763672,22.889999389648438,23.81999969482422,18.954627990722656,4542800
2010-06-28,23.8700008392334,24.010000228881836,23.280000686645508,23.549999237060547,18.739774703979492,3880800
2010-06-29,23.110000610351562,23.299999237060547,21.799999237060547,21.940000534057617,17.458627700805664,6643100
2010-06-30,21.899999618530273,22.690000534057617,21.440000534057617,21.56999969482422,17.16420555114746,3808900
2010-07-01,21.43000030517578,22.09000015258789,20.420000076293945,21.729999542236328,17.29152488708496,6433700
2010-07-02,21.90999984741211,22.059999465942383,20.559999465942383,20.75,16.51169776916504,5195500
2010-07-06,21.1200008392334,21.440000534057617,20.6200008392334,20.8799991607666,16.615137100219727,3338600
2010-07-07,21.06999969482422,22.3799991607666,20.93000030517578,22.309999465942383,17.753053665161133,4227900
2010-07-08,22.65999984741211,22.889999389648438,21.889999389648438,22.3799991607666,17.808759689331055,3301900
2010-07-09,22.360000610351562,23.3799991607666,22.190000534057617,23.25,18.501052856445312,3094300
2010-07-12,23.170000076293945,23.489999771118164,22.770000457763672,23.18000030517578,18.44534683227539,2337800
2010-07-13,23.520000457763672,24.389999389648438,23.520000457763672,24.200000762939453,19.25701332092285,4079900
2010-07-14,23.719999313354492,23.920000076293945,23.06999969482422,23.329999923706055,18.564716339111328,4756900
2010-07-15,23.469999313354492,23.469999313354492,22.479999542236328,23.149999618530273,18.421485900878906,3536300
2010-07-16,22.84000015258789,22.889999389648438,21.5,21.690000534057617,17.259689331054688,5927300
2010-07-19,21.75,22.020000457763672,21.010000228881836,21.420000076293945,17.044841766357422,6259700
2010-07-20,19.93000030517578,20.469999313354492,19.290000915527344,19.510000228881836,15.5249662399292,19267700
2010-07-21,19.860000610351562,20.170000076293945,19.299999237060547,19.420000076293945,15.453352928161621,9420400
2010-07-22,19.84000015258789,20.399999618530273,19.770000457763672,20.170000076293945,16.05016326904297,5825100
2010-07-23,20.010000228881836,20.68000030517578,19.670000076293945,20.549999237060547,16.352537155151367,4382100
2010-07-26,20.649999618530273,21.399999618530273,20.40999984741211,21.34000015258789,16.981185913085938,3577300
2010-07-27,21.610000610351562,22.09000015258789,21.1200008392334,21.420000076293945,17.044841766357422,4121500
2010-07-28,21.389999389648438,21.670000076293945,21.100000381469727,21.260000228881836,16.917524337768555,4201200
2010-07-29,21.719999313354492,22.389999389648438,21.639999389648438,22.049999237060547,17.546161651611328,8271300
2010-07-30,21.670000076293945,22.280000686645508,21.649999618530273,22.190000534057617,17.65756607055664,4743600
2010-08-02,22.56999969482422,22.90999984741211,22.309999465942383,22.889999389648438,18.21458625793457,3144100
2010-08-03,22.920000076293945,23.190000534057617,22.520000457763672,22.610000610351562,17.991785049438477,3378900
2010-08-04,22.84000015258789,23.049999237060547,22.399999618530273,22.6200008392334,17.99973487854004,2506000
2010-08-05,22.450000762939453,22.530000686645508,21.959999084472656,22.110000610351562,17.593908309936523,2245300
2010-08-06,21.809999465942383,21.969999313354492,21.010000228881836,21.639999389648438,17.227699279785156,3954400
2010-08-09,21.719999313354492,21.959999084472656,21.479999542236328,21.84000015258789,17.386926651000977,2102500
2010-08-10,21.450000762939453,21.719999313354492,21.06999969482422,21.459999084472656,17.08440399169922,3253600
2010-08-11,21.049999237060547,21.1200008392334,20.1200008392334,20.1200008392334,16.017621994018555,4927800
2010-08-12,19.84000015258789,20.459999084472656,19.65999984741211,20.190000534057617,16.07335090637207,3935300
2010-08-13,20.149999618530273,20.43000030517578,19.84000015258789,19.889999389648438,15.834519386291504,2519200
2010-08-16,19.780000686645508,19.959999084472656,19.600000381469727,19.950000762939453,15.882280349731445,2591000
2010-08-17,20.15999984741211,20.469999313354492,19.829999923706055,20.309999465942383,16.168886184692383,3171600
2010-08-18,20.09000015258789,20.299999237060547,19.8700008392334,19.989999771118164,15.914129257202148,3816800
2010-08-19,19.799999237060547,20.0,19.1299991607666,19.350000381469727,15.404617309570312,4593600
2010-08-20,19.219999313354492,19.270000457763672,18.809999465942383,19.139999389648438,15.23743724822998,3722600
2010-08-23,19.200000762939453,19.329999923706055,18.760000228881836,18.81999969482422,14.982687950134277,2801600
2010-08-24,18.549999237060547,18.700000762939453,18.209999084472656,18.31999969482422,14.584633827209473,3979000
2010-08-25,18.209999084472656,18.3700008392334,17.90999984741211,18.270000457763672,14.544825553894043,4133800
2010-08-26,18.459999084472656,18.68000030517578,18.010000228881836,18.139999389648438,14.44133186340332,3356700
2010-08-27,18.239999771118164,18.729999542236328,18.049999237060547,18.709999084472656,14.895113945007324,3161900
2010-08-30,18.520000457763672,18.56999969482422,18.149999618530273,18.239999771118164,14.520943641662598,3601800
2010-08-31,18.110000610351562,18.700000762939453,18.059999465942383,18.420000076293945,14.6642427444458,3945700
2010-09-01,18.809999465942383,19.280000686645508,18.540000915527344,19.270000457763672,15.340929985046387,4879200
2010-09-02,19.360000610351562,19.739999771118164,19.229999542236328,19.709999084472656,15.691219329833984,2557300
2010-09-03,20.0,20.43000030517578,19.760000228881836,20.329999923706055,16.184799194335938,3613300
2010-09-07,20.170000076293945,20.170000076293945,19.459999084472656,19.540000915527344,15.555883407592773,2681000
2010-09-08,19.65999984741211,20.100000381469727,19.639999389648438,19.790000915527344,15.754907608032227,2341800
2010-09-09,20.360000610351562,20.690000534057617,19.790000915527344,20.309999465942383,16.168886184692383,2813500
2010-09-10,20.25,20.420000076293945,19.799999237060547,19.84000015258789,15.794710159301758,2837900
2010-09-13,20.59000015258789,21.399999618530273,20.440000534057617,21.309999465942383,16.96498680114746,6836700
2010-09-14,21.200000762939453,21.219999313354492,20.780000686645508,20.84000015258789,16.590818405151367,4031800
2010-09-15,20.6200008392334,21.200000762939453,20.43000030517578,20.940000534057617,16.670427322387695,2976200
2010-09-16,20.809999465942383,20.920000076293945,20.56999969482422,20.860000610351562,16.606739044189453,2747600
2010-09-17,21.010000228881836,22.1200008392334,20.760000228881836,21.450000762939453,17.076438903808594,8646200
2010-09-20,21.559999465942383,22.209999084472656,21.280000686645508,22.0,17.51429557800293,4633700
2010-09-21,22.09000015258789,22.200000762939453,21.549999237060547,21.579999923706055,17.179931640625,3510700
2010-09-22,21.25,21.399999618530273,20.549999237060547,20.6200008392334,16.415674209594727,5875900
2010-09-23,20.280000686645508,20.940000534057617,20.020000457763672,20.100000381469727,16.001697540283203,4950600
2010-09-24,20.479999542236328,20.90999984741211,20.450000762939453,20.889999389648438,16.63062286376953,3193000
2010-09-27,20.950000762939453,20.989999771118164,20.65999984741211,20.68000030517578,16.46343994140625,2596400
2010-09-28,20.670000076293945,20.709999084472656,20.219999313354492,20.670000076293945,16.455482482910156,4032200
2010-09-29,20.489999771118164,21.110000610351562,20.3799991607666,21.059999465942383,16.765962600708008,3305100
2010-09-30,21.209999084472656,21.739999771118164,21.06999969482422,21.360000610351562,17.00479507446289,4158600
2010-10-01,21.649999618530273,21.75,20.979999542236328,21.209999084472656,16.885374069213867,2840700
2010-10-04,21.06999969482422,21.469999313354492,21.0,21.139999389648438,16.82964324951172,2626700
2010-10-05,21.420000076293945,22.270000457763672,21.229999542236328,21.90999984741211,17.442651748657227,3971400
2010-10-06,21.93000030517578,22.219999313354492,21.84000015258789,21.950000762939453,17.474498748779297,3706500
2010-10-07,22.020000457763672,22.209999084472656,21.59000015258789,21.760000228881836,17.32323455810547,2012900
2010-10-08,21.760000228881836,21.979999542236328,21.670000076293945,21.889999389648438,17.426729202270508,2536800
2010-10-11,21.889999389648438,22.0,21.670000076293945,21.799999237060547,17.355073928833008,1742600
2010-10-12,21.739999771118164,22.239999771118164,21.450000762939453,22.1200008392334,17.60982894897461,2846400
2010-10-13,22.3799991607666,22.549999237060547,21.799999237060547,21.81999969482422,17.370996475219727,3649100
2010-10-14,21.709999084472656,21.739999771118164,20.90999984741211,21.360000610351562,17.00479507446289,3969800
2010-10-15,21.530000686645508,21.639999389648438,20.56999969482422,20.719999313354492,16.49528694152832,4911700
2010-10-18,20.68000030517578,21.56999969482422,20.549999237060547,21.350000381469727,16.996824264526367,5206700
2010-10-19,21.18000030517578,22.700000762939453,20.959999084472656,21.860000610351562,17.40283966064453,9327700
2010-10-20,21.889999389648438,21.899999618530273,21.420000076293945,21.790000915527344,17.34711265563965,5476200
2010-10-21,21.899999618530273,22.139999389648438,21.329999923706055,21.549999237060547,17.156047821044922,4305300
2010-10-22,21.59000015258789,21.860000610351562,21.360000610351562,21.690000534057617,17.267501831054688,2851200
2010-10-25,21.90999984741211,21.950000762939453,21.260000228881836,21.3700008392334,17.01275062561035,2716900
2010-10-26,21.34000015258789,21.600000381469727,21.200000762939453,21.43000030517578,17.06051254272461,2085200
2010-10-27,21.219999313354492,21.639999389648438,21.190000534057617,21.309999465942383,16.96498680114746,1903900
2010-10-28,21.5,21.579999923706055,20.809999465942383,21.09000015258789,16.78984832763672,2454100
2010-10-29,21.110000610351562,21.139999389648438,20.65999984741211,20.75,16.519166946411133,2837900
2010-11-01,20.81999969482422,20.920000076293945,19.93000030517578,20.459999084472656,16.28829574584961,3600300
2010-11-02,20.700000762939453,20.8799991607666,20.079999923706055,20.200000762939453,16.08130645751953,4062600
2010-11-03,20.200000762939453,20.790000915527344,20.1200008392334,20.760000228881836,16.527130126953125,3652100
2010-11-04,20.90999984741211,21.600000381469727,20.799999237060547,21.3700008392334,17.01275062561035,4135700
2010-11-05,21.3700008392334,22.65999984741211,21.200000762939453,22.030000686645508,17.53818130493164,5278000
2010-11-08,21.889999389648438,22.25,21.540000915527344,21.860000610351562,17.410747528076172,2421200
2010-11-09,21.8700008392334,22.149999618530273,21.270000457763672,21.350000381469727,17.004547119140625,3457400
2010-11-10,21.5,22.09000015258789,21.260000228881836,22.0,17.522247314453125,3209600
2010-11-11,21.889999389648438,22.200000762939453,21.68000030517578,21.920000076293945,17.458528518676758,1760100
2010-11-12,21.770000457763672,21.81999969482422,21.100000381469727,21.360000610351562,17.012514114379883,2262900
2010-11-15,21.399999618530273,22.09000015258789,21.170000076293945,21.639999389648438,17.235523223876953,2519500
2010-11-16,21.489999771118164,21.6299991607666,20.68000030517578,20.969999313354492,16.701887130737305,3410600
2010-11-17,21.059999465942383,21.239999771118164,20.579999923706055,20.719999313354492,16.502779006958008,3450600
2010-11-18,20.979999542236328,21.25,20.579999923706055,20.690000534057617,16.478872299194336,3104700
2010-11-19,20.5,20.719999313354492,20.290000915527344,20.5,16.327552795410156,3094900
2010-11-22,20.399999618530273,20.459999084472656,19.829999923706055,20.030000686645508,15.953211784362793,3014600
2010-11-23,19.760000228881836,19.979999542236328,19.420000076293945,19.549999237060547,15.570908546447754,4293800
2010-11-24,19.639999389648438,19.709999084472656,19.1299991607666,19.450000762939453,15.491265296936035,3693400
2010-11-26,19.34000015258789,19.579999923706055,19.25,19.5,15.531082153320312,1491900
2010-11-29,19.280000686645508,19.540000915527344,19.100000381469727,19.25,15.33197021484375,4056500
2010-11-30,19.059999465942383,19.600000381469727,18.84000015258789,19.450000762939453,15.491265296936035,7011100
2010-12-01,19.75,19.93000030517578,19.43000030517578,19.8700008392334,15.82577896118164,4345000
2010-12-02,19.889999389648438,21.110000610351562,19.889999389648438,21.09000015258789,16.797470092773438,5903900
2010-12-03,20.989999771118164,21.3799991607666,20.670000076293945,21.290000915527344,16.956762313842773,3348900
2010-12-06,21.139999389648438,21.489999771118164,20.959999084472656,21.389999389648438,17.036407470703125,2815200
2010-12-07,21.649999618530273,21.8799991607666,21.149999618530273,21.280000686645508,16.94879722595215,3504300
2010-12-08,21.260000228881836,22.6200008392334,21.260000228881836,22.450000762939453,17.880657196044922,6677500
2010-12-09,22.649999618530273,23.459999084472656,22.549999237060547,23.149999618530273,18.438188552856445,6773900
2010-12-10,23.079999923706055,23.530000686645508,22.84000015258789,23.360000610351562,18.605443954467773,3768200
2010-12-13,23.25,23.25,22.700000762939453,22.84000015258789,18.191287994384766,3766800
2010-12-14,22.959999084472656,23.200000762939453,22.649999618530273,22.690000534057617,18.071813583374023,3133400
2010-12-15,22.610000610351562,22.8700008392334,22.079999923706055,22.149999618530273,17.641725540161133,4206200
2010-12-16,22.18000030517578,22.6299991607666,21.75,22.31999969482422,17.777114868164062,4707600
2010-12-17,22.780000686645508,22.920000076293945,22.270000457763672,22.270000457763672,17.737295150756836,6054900
2010-12-20,22.31999969482422,22.639999389648438,22.280000686645508,22.549999237060547,17.96030044555664,3549800
2010-12-21,22.670000076293945,23.049999237060547,22.549999237060547,23.020000457763672,18.334646224975586,3250800
2010-12-22,23.079999923706055,24.100000381469727,23.079999923706055,23.68000030517578,18.860321044921875,5197100
2010-12-23,23.68000030517578,23.989999771118164,23.59000015258789,23.739999771118164,18.908105850219727,3038100
2010-12-27,23.610000610351562,24.299999237060547,23.479999542236328,24.100000381469727,19.19483184814453,2567700
2010-12-28,24.239999771118164,24.56999969482422,24.190000534057617,24.459999084472656,19.481557846069336,2670800
2010-12-29,24.579999923706055,24.579999923706055,24.149999618530273,24.270000457763672,19.330224990844727,1761700
2010-12-30,24.010000228881836,24.360000610351562,24.010000228881836,24.270000457763672,19.330224990844727,1260600
2010-12-31,24.25,24.469999313354492,24.170000076293945,24.229999542236328,19.298368453979492,1342400
2011-01-03,24.739999771118164,25.479999542236328,24.700000762939453,25.170000076293945,20.047046661376953,4761500
2011-01-04,25.25,25.3799991607666,24.360000610351562,24.760000228881836,19.720497131347656,3995200
2011-01-05,24.309999465942383,24.959999084472656,24.209999084472656,24.899999618530273,19.832002639770508,4692900
2011-01-06,24.829999923706055,25.139999389648438,24.610000610351562,24.829999923706055,19.77625274658203,4421700
2011-01-07,24.889999389648438,25.059999465942383,24.1299991607666,24.56999969482422,19.569169998168945,5059400
2011-01-10,24.420000076293945,24.479999542236328,23.969999313354492,24.1299991607666,19.218719482421875,2972200
2011-01-11,24.360000610351562,24.799999237060547,24.110000610351562,24.309999465942383,19.362085342407227,2095400
2011-01-12,23.8799991607666,24.389999389648438,23.799999237060547,24.020000457763672,19.13111114501953,4363900
2011-01-13,24.020000457763672,24.290000915527344,23.649999618530273,23.799999237060547,18.95588493347168,3558100
2011-01-14,23.75,24.59000015258789,23.719999313354492,24.59000015258789,19.585094451904297,3528600
2011-01-18,24.489999771118164,24.520000457763672,24.049999237060547,24.3799991607666,19.41783905029297,2611700
2011-01-19,24.139999389648438,24.399999618530273,23.81999969482422,23.93000030517578,19.05943489074707,3514800
2011-01-20,23.899999618530273,23.920000076293945,23.329999923706055,23.739999771118164,18.908105850219727,2896600
2011-01-21,24.200000762939453,24.600000381469727,23.899999618530273,24.309999465942383,19.362085342407227,5050400
2011-01-24,24.229999542236328,24.43000030517578,23.549999237060547,23.75,18.91606903076172,3907000
2011-01-25,24.0,24.6200008392334,22.940000534057617,23.540000915527344,18.748807907104492,7840500
2011-01-26,23.549999237060547,23.59000015258789,22.809999465942383,23.290000915527344,18.54969596862793,4218600
2011-01-27,23.290000915527344,23.8799991607666,23.040000915527344,23.760000228881836,18.924034118652344,4145300
2011-01-28,23.790000915527344,24.139999389648438,23.420000076293945,23.43000030517578,18.661197662353516,4340700
2011-01-31,23.690000534057617,23.90999984741211,23.3799991607666,23.579999923706055,18.780668258666992,2883100
2011-02-01,23.860000610351562,24.389999389648438,23.700000762939453,24.309999465942383,19.362085342407227,4862100
2011-02-02,24.15999984741211,24.34000015258789,23.969999313354492,24.219999313354492,19.290407180786133,2531700
2011-02-03,24.100000381469727,24.34000015258789,23.989999771118164,24.209999084472656,19.282440185546875,2569300
2011-02-04,24.190000534057617,24.65999984741211,24.110000610351562,24.600000381469727,19.593055725097656,2764500
2011-02-07,24.729999542236328,25.450000762939453,24.670000076293945,25.280000686645508,20.134662628173828,4151700
2011-02-08,25.280000686645508,25.549999237060547,25.040000915527344,25.399999618530273,20.230239868164062,2769900
2011-02-09,25.31999969482422,25.600000381469727,25.020000457763672,25.280000686645508,20.134662628173828,3704400
2011-02-10,25.0,25.299999237060547,24.530000686645508,24.610000610351562,19.60102653503418,3746200
2011-02-11,24.530000686645508,25.219999313354492,23.780000686645508,24.959999084472656,19.879789352416992,6143700
2011-02-14,24.969999313354492,25.100000381469727,24.68000030517578,24.709999084472656,19.68067741394043,3656000
2011-02-15,24.6299991607666,24.950000762939453,24.549999237060547,24.600000381469727,19.593055725097656,2587700
2011-02-16,24.729999542236328,24.850000381469727,24.3799991607666,24.6299991607666,19.616954803466797,3133500
2011-02-17,24.450000762939453,24.56999969482422,24.280000686645508,24.540000915527344,19.55321502685547,2067500
2011-02-18,24.540000915527344,24.649999618530273,24.079999923706055,24.100000381469727,19.20262908935547,3926200
2011-02-22,23.989999771118164,24.020000457763672,23.040000915527344,23.09000015258789,18.397871017456055,4637100
2011-02-23,23.440000534057617,23.780000686645508,22.959999084472656,23.25,18.525354385375977,4569400
2011-02-24,23.299999237060547,23.3700008392334,22.899999618530273,23.079999923706055,18.389904022216797,4394700
2011-02-25,23.260000228881836,23.56999969482422,23.09000015258789,23.479999542236328,18.708620071411133,3002200
2011-02-28,23.56999969482422,23.639999389648438,23.200000762939453,23.360000610351562,18.613000869750977,2076800
2011-03-01,23.440000534057617,23.549999237060547,22.81999969482422,22.829999923706055,18.190702438354492,3542800
2011-03-02,22.770000457763672,23.170000076293945,22.59000015258789,22.610000610351562,18.01541519165039,3252400
2011-03-03,22.8700008392334,23.1200008392334,22.68000030517578,22.84000015258789,18.19867706298828,2764100
2011-03-04,22.809999465942383,22.84000015258789,22.270000457763672,22.690000534057617,18.07915687561035,3362400
2011-03-07,22.719999313354492,22.920000076293945,22.3700008392334,22.489999771118164,17.9197940826416,2945400
2011-03-08,22.579999923706055,23.399999618530273,22.540000915527344,23.139999389648438,18.43770980834961,3221000
2011-03-09,23.459999084472656,23.65999984741211,23.059999465942383,23.3700008392334,18.62096405029297,4352700
2011-03-10,23.06999969482422,23.170000076293945,22.709999084472656,22.93000030517578,18.2703857421875,3578200
2011-03-11,22.84000015258789,23.469999313354492,22.81999969482422,23.350000381469727,18.605037689208984,3494400
2011-03-14,23.1200008392334,23.43000030517578,22.84000015258789,23.100000381469727,18.405841827392578,2587300
2011-03-15,22.5,22.770000457763672,22.3700008392334,22.739999771118164,18.11899185180664,4546600
2011-03-16,22.700000762939453,22.809999465942383,22.079999923706055,22.270000457763672,17.744504928588867,3924900
2011-03-17,22.770000457763672,22.790000915527344,22.280000686645508,22.530000686645508,17.95167350769043,2149600
2011-03-18,22.920000076293945,23.25,22.670000076293945,22.829999923706055,18.190702438354492,5632400
2011-03-21,23.059999465942383,23.219999313354492,22.90999984741211,23.030000686645508,18.350055694580078,3082900
2011-03-22,23.579999923706055,23.729999542236328,23.15999984741211,23.399999618530273,18.644878387451172,3782000
2011-03-23,23.270000457763672,23.270000457763672,22.68000030517578,22.81999969482422,18.1827335357666,3625700
2011-03-24,22.90999984741211,23.06999969482422,22.549999237060547,23.06999969482422,18.381933212280273,2253700
2011-03-25,23.09000015258789,23.469999313354492,22.940000534057617,23.229999542236328,18.509416580200195,1567300
2011-03-28,23.270000457763672,23.3700008392334,22.75,22.770000457763672,18.14289665222168,4086200
2011-03-29,22.770000457763672,22.969999313354492,22.649999618530273,22.969999313354492,18.302249908447266,2742400
2011-03-30,23.0,23.329999923706055,22.8799991607666,23.1299991607666,18.429738998413086,2355100
2011-03-31,22.969999313354492,23.170000076293945,22.899999618530273,23.059999465942383,18.37396812438965,1792000
2011-04-01,23.270000457763672,23.65999984741211,23.219999313354492,23.520000457763672,18.74048614501953,1871900
2011-04-04,23.540000915527344,24.049999237060547,23.469999313354492,23.950000762939453,19.08310890197754,3294600
2011-04-05,24.350000381469727,24.350000381469727,24.030000686645508,24.280000686645508,19.34605598449707,3833500
2011-04-06,24.329999923706055,24.649999618530273,24.170000076293945,24.600000381469727,19.601015090942383,2293600
2011-04-07,24.600000381469727,24.65999984741211,24.200000762939453,24.309999465942383,19.369949340820312,2547300
2011-04-08,24.3700008392334,24.489999771118164,24.09000015258789,24.219999313354492,19.298240661621094,2946100
2011-04-11,24.31999969482422,24.350000381469727,24.1299991607666,24.15999984741211,19.250438690185547,3228600
2011-04-12,24.1299991607666,24.350000381469727,24.020000457763672,24.239999771118164,19.314176559448242,1944300
2011-04-13,24.489999771118164,24.530000686645508,23.700000762939453,23.760000228881836,18.93172264099121,3067000
2011-04-14,23.700000762939453,23.790000915527344,23.270000457763672,23.440000534057617,18.676748275756836,2330500
2011-04-15,23.540000915527344,23.639999389648438,23.06999969482422,23.190000534057617,18.477548599243164,3011900
2011-04-18,22.989999771118164,23.309999465942383,22.84000015258789,22.959999084472656,18.294281005859375,4250900
2011-04-19,24.540000915527344,24.920000076293945,23.81999969482422,23.850000381469727,19.00343132019043,12400000
2011-04-20,24.100000381469727,24.100000381469727,23.34000015258789,23.469999313354492,18.700645446777344,3989300
2011-04-21,23.56999969482422,23.780000686645508,23.290000915527344,23.65999984741211,18.85204315185547,2369600
2011-04-25,23.809999465942383,24.200000762939453,23.760000228881836,24.020000457763672,19.138885498046875,2056600
2011-04-26,24.100000381469727,24.450000762939453,23.940000534057617,24.3799991607666,19.425724029541016,3100000
2011-04-27,24.399999618530273,24.59000015258789,24.190000534057617,24.440000534057617,19.473539352416992,2520500
2011-04-28,24.40999984741211,24.600000381469727,24.209999084472656,24.559999465942383,19.569143295288086,2206800
2011-04-29,24.600000381469727,24.600000381469727,24.290000915527344,24.440000534057617,19.473539352416992,1844400
2011-05-02,24.600000381469727,24.6299991607666,24.290000915527344,24.34000015258789,19.39385986328125,1708900
2011-05-03,24.299999237060547,24.700000762939453,24.149999618530273,24.440000534057617,19.473539352416992,2900000
2011-05-04,24.389999389648438,24.450000762939453,24.09000015258789,24.350000381469727,19.401823043823242,2142500
2011-05-05,24.149999618530273,24.329999923706055,23.770000457763672,23.940000534057617,19.075138092041016,2900000
2011-05-06,24.229999542236328,24.270000457763672,23.770000457763672,23.81999969482422,18.97951889038086,2083600
2011-05-09,23.729999542236328,24.020000457763672,23.479999542236328,23.799999237060547,18.963584899902344,2439100
2011-05-10,23.860000610351562,24.34000015258789,23.729999542236328,24.18000030517578,19.266380310058594,2535100
2011-05-11,24.18000030517578,24.360000610351562,23.959999084472656,24.049999237060547,19.162790298461914,2100000
2011-05-12,24.0,24.100000381469727,23.450000762939453,23.59000015258789,18.7962646484375,2600000
2011-05-13,23.56999969482422,23.639999389648438,23.110000610351562,23.1200008392334,18.42177391052246,3349700
2011-05-16,23.1200008392334,23.479999542236328,23.010000228881836,23.149999618530273,18.445676803588867,2384600
2011-05-17,23.110000610351562,23.670000076293945,23.049999237060547,23.649999618530273,18.844074249267578,2436200
2011-05-18,23.649999618530273,23.989999771118164,23.450000762939453,23.780000686645508,18.94765281677246,2130700
2011-05-19,23.850000381469727,23.90999984741211,23.649999618530273,23.729999542236328,18.915769577026367,2161300
2011-05-20,23.709999084472656,23.729999542236328,23.260000228881836,23.309999465942383,18.580976486206055,2067300
2011-05-23,23.040000915527344,23.299999237060547,23.010000228881836,23.049999237060547,18.37372398376465,2100000
2011-05-24,23.09000015258789,23.309999465942383,22.860000610351562,23.170000076293945,18.469375610351562,2542800
2011-05-25,23.030000686645508,23.280000686645508,22.889999389648438,23.110000610351562,18.421558380126953,2187100
2011-05-26,23.030000686645508,23.239999771118164,22.739999771118164,23.149999618530273,18.453433990478516,2485600
2011-05-27,23.18000030517578,23.770000457763672,23.18000030517578,23.709999084472656,18.899824142456055,1542100
2011-05-31,23.889999389648438,23.979999542236328,23.559999465942383,23.829999923706055,18.995487213134766,1950200
2011-06-01,23.719999313354492,23.719999313354492,22.920000076293945,22.969999313354492,18.309947967529297,3626400
2011-06-02,23.0,23.149999618530273,22.709999084472656,23.059999465942383,18.381696701049805,2060500
2011-06-03,22.719999313354492,23.389999389648438,22.65999984741211,22.889999389648438,18.24618148803711,2099100
2011-06-06,22.790000915527344,22.799999237060547,22.049999237060547,22.15999984741211,17.664283752441406,4166200
2011-06-07,22.280000686645508,22.420000076293945,21.770000457763672,21.780000686645508,17.361371994018555,4793400
2011-06-08,21.760000228881836,22.18000030517578,21.709999084472656,22.020000457763672,17.552684783935547,3626600
2011-06-09,22.059999465942383,22.280000686645508,21.809999465942383,22.190000534057617,17.68819236755371,2202500
2011-06-10,22.059999465942383,22.219999313354492,21.360000610351562,22.030000686645508,17.560649871826172,3893000
2011-06-13,22.139999389648438,22.329999923706055,21.959999084472656,22.239999771118164,17.728050231933594,2144100
2011-06-14,22.700000762939453,22.84000015258789,22.420000076293945,22.56999969482422,17.991104125976562,2098000
2011-06-15,22.350000381469727,22.479999542236328,22.170000076293945,22.350000381469727,17.81573486328125,2682000
2011-06-16,22.309999465942383,22.600000381469727,22.100000381469727,22.389999389648438,17.847618103027344,2800100
2011-06-17,22.670000076293945,23.25,22.65999984741211,23.139999389648438,18.44546127319336,3769400
2011-06-20,23.020000457763672,23.209999084472656,22.81999969482422,23.15999984741211,18.461402893066406,1593500
2011-06-21,23.25,23.610000610351562,23.059999465942383,23.34000015258789,18.60489273071289,2394800
2011-06-22,23.219999313354492,23.440000534057617,22.959999084472656,23.010000228881836,18.341840744018555,1720000
2011-06-23,22.700000762939453,22.84000015258789,22.3799991607666,22.719999313354492,18.110668182373047,2314900
2011-06-24,22.700000762939453,22.84000015258789,22.350000381469727,22.389999389648438,17.847618103027344,2273600
2011-06-27,22.40999984741211,22.959999084472656,22.360000610351562,22.760000228881836,18.142559051513672,1957000
2011-06-28,22.799999237060547,23.149999618530273,22.719999313354492,23.09000015258789,18.405611038208008,2066700
2011-06-29,23.299999237060547,24.15999984741211,23.100000381469727,24.09000015258789,19.202733993530273,5329700
2011-06-30,24.079999923706055,24.15999984741211,23.899999618530273,24.010000228881836,19.138967514038086,3185500
2011-07-01,24.010000228881836,24.489999771118164,23.889999389648438,24.420000076293945,19.465791702270508,2855200
2011-07-05,24.31999969482422,24.459999084472656,23.90999984741211,24.100000381469727,19.21070671081543,2145100
2011-07-06,24.020000457763672,24.18000030517578,23.829999923706055,24.040000915527344,19.162878036499023,2049900
2011-07-07,24.290000915527344,24.709999084472656,24.239999771118164,24.479999542236328,19.513614654541016,1864900
2011-07-08,24.360000610351562,24.59000015258789,24.09000015258789,24.420000076293945,19.465791702270508,2738900
2011-07-11,24.06999969482422,24.139999389648438,23.65999984741211,23.709999084472656,18.899824142456055,1935000
2011-07-12,23.719999313354492,24.389999389648438,23.719999313354492,23.770000457763672,18.947647094726562,3269200
2011-07-13,23.940000534057617,24.350000381469727,23.780000686645508,23.809999465942383,18.979530334472656,3129500
2011-07-14,23.940000534057617,24.030000686645508,22.770000457763672,22.969999313354492,18.309947967529297,6470800
2011-07-15,23.059999465942383,23.239999771118164,22.68000030517578,23.170000076293945,18.469375610351562,3406600
2011-07-18,23.15999984741211,23.219999313354492,22.520000457763672,22.790000915527344,18.16646957397461,5230100
2011-07-19,22.559999465942383,22.809999465942383,21.670000076293945,22.639999389648438,18.046899795532227,8530500
2011-07-20,22.84000015258789,23.209999084472656,22.510000228881836,23.010000228881836,18.341840744018555,4313300
2011-07-21,23.219999313354492,23.59000015258789,23.100000381469727,23.40999984741211,18.660696029663086,3861700
2011-07-22,23.34000015258789,23.5,22.959999084472656,23.440000534057617,18.684608459472656,2206100
2011-07-25,23.25,23.510000228881836,23.049999237060547,23.399999618530273,18.652719497680664,2051100
2011-07-26,23.350000381469727,23.43000030517578,22.8700008392334,22.93000030517578,18.278074264526367,2490300
2011-07-27,22.709999084472656,22.81999969482422,22.100000381469727,22.15999984741211,17.664283752441406,3977500
2011-07-28,22.280000686645508,22.459999084472656,22.049999237060547,22.079999923706055,17.60051155090332,2843600
2011-07-29,21.860000610351562,22.15999984741211,21.68000030517578,21.899999618530273,17.457033157348633,3174000
2011-08-01,22.149999618530273,22.25,21.43000030517578,21.81999969482422,17.39326286315918,2995000
2011-08-02,21.829999923706055,21.8799991607666,20.780000686645508,20.84000015258789,16.612085342407227,4368000
2011-08-03,20.850000381469727,21.09000015258789,20.229999542236328,20.899999618530273,16.659902572631836,4444500
2011-08-04,20.600000381469727,20.68000030517578,19.389999389648438,19.399999618530273,15.464221954345703,5092400
2011-08-05,19.520000457763672,19.84000015258789,18.899999618530273,19.1299991607666,15.248997688293457,6809700
2011-08-08,18.56999969482422,19.110000610351562,16.850000381469727,17.329999923706055,13.814175605773926,10699400
2011-08-09,17.780000686645508,18.209999084472656,17.100000381469727,18.020000457763672,14.364187240600586,8815500
2011-08-10,17.450000762939453,17.56999969482422,16.040000915527344,16.059999465942383,12.801822662353516,11264900
2011-08-11,16.25,17.31999969482422,16.219999313354492,17.059999465942383,13.598946571350098,5076800
2011-08-12,17.309999465942383,17.850000381469727,16.3799991607666,16.489999771118164,13.144586563110352,5399400
2011-08-15,16.799999237060547,17.3799991607666,16.799999237060547,17.360000610351562,13.83808422088623,3226300
2011-08-16,17.309999465942383,17.329999923706055,16.6200008392334,16.8799991607666,13.455462455749512,4660000
2011-08-17,16.959999084472656,17.31999969482422,16.790000915527344,17.030000686645508,13.575037956237793,3141200
2011-08-18,16.5,16.549999237060547,15.59000015258789,15.75,12.554713249206543,4991000
2011-08-19,15.520000457763672,15.989999771118164,15.079999923706055,15.100000381469727,12.036582946777344,3897700
2011-08-22,15.420000076293945,15.600000381469727,14.979999542236328,15.039999961853027,11.988753318786621,3819400
2011-08-23,15.180000305175781,15.680000305175781,14.819999694824219,15.680000305175781,12.507229804992676,4337000
2011-08-24,15.600000381469727,16.329999923706055,15.5600004196167,16.31999969482422,13.017730712890625,2894800
2011-08-25,16.979999542236328,17.520000457763672,15.609999656677246,15.890000343322754,12.674737930297852,4254600
2011-08-26,15.720000267028809,16.399999618530273,15.430000305175781,16.25,12.961894035339355,3457800
2011-08-29,16.540000915527344,17.260000228881836,16.489999771118164,17.260000228881836,13.767525672912598,2830500
2011-08-30,17.110000610351562,17.31999969482422,16.6299991607666,17.190000534057617,13.711690902709961,3968400
2011-08-31,17.280000686645508,17.600000381469727,17.170000076293945,17.440000534057617,13.91110610961914,3142000
2011-09-01,17.350000381469727,17.530000686645508,16.579999923706055,16.670000076293945,13.296911239624023,3459700
2011-09-02,16.280000686645508,16.559999465942383,16.020000457763672,16.18000030517578,12.906057357788086,3872900
2011-09-06,15.399999618530273,16.0,15.359999656677246,15.989999771118164,12.754505157470703,4017000
2011-09-07,16.25,17.110000610351562,16.170000076293945,16.93000030517578,13.504297256469727,2958500
2011-09-08,16.709999084472656,17.010000228881836,16.450000762939453,16.649999618530273,13.280957221984863,4106100
2011-09-09,16.3700008392334,16.690000534057617,16.059999465942383,16.1299991607666,12.86617374420166,4679300
2011-09-12,15.510000228881836,16.59000015258789,15.5,16.389999389648438,13.073568344116211,3611600
2011-09-13,16.450000762939453,16.950000762939453,16.290000915527344,16.6200008392334,13.25702953338623,2994600
2011-09-14,16.729999542236328,17.18000030517578,16.229999542236328,16.90999984741211,13.488343238830566,3043400
2011-09-15,17.1299991607666,17.469999313354492,16.809999465942383,17.469999313354492,13.93503189086914,2875700
2011-09-16,17.479999542236328,17.489999771118164,16.760000228881836,17.31999969482422,13.815388679504395,3785800
2011-09-19,16.979999542236328,17.170000076293945,16.25,16.399999618530273,13.081541061401367,3243900
2011-09-20,16.510000228881836,16.729999542236328,16.329999923706055,16.3799991607666,13.065587043762207,2382000
2011-09-21,16.360000610351562,16.40999984741211,15.270000457763672,15.359999656677246,12.251980781555176,4013300
2011-09-22,14.930000305175781,15.079999923706055,14.449999809265137,14.739999771118164,11.757434844970703,5435700
2011-09-23,14.680000305175781,15.170000076293945,14.59000015258789,14.829999923706055,11.829222679138184,3410600
2011-09-26,15.020000457763672,15.819999694824219,14.9399995803833,15.8100004196167,12.610929489135742,3416800
2011-09-27,16.170000076293945,16.440000534057617,15.449999809265137,15.630000114440918,12.467344284057617,4258200
2011-09-28,15.670000076293945,15.670000076293945,14.739999771118164,14.75,11.765411376953125,4135800
2011-09-29,15.15999984741211,15.4399995803833,14.640000343322754,15.050000190734863,12.004705429077148,4218100
2011-09-30,14.770000457763672,14.84000015258789,14.069999694824219,14.079999923706055,11.23098373413086,5401600
2011-10-03,14.289999961853027,14.75,13.680000305175781,13.680000305175781,10.911920547485352,5277000
2011-10-04,13.529999732971191,14.75,13.180000305175781,14.739999771118164,11.757434844970703,5528900
2011-10-05,14.630000114440918,14.880000114440918,14.220000267028809,14.789999961853027,11.797317504882812,3825300
2011-10-06,14.729999542236328,15.899999618530273,14.390000343322754,15.880000114440918,12.66676139831543,6004200
2011-10-07,15.949999809265137,15.949999809265137,14.979999542236328,15.430000305175781,12.307816505432129,5844200
2011-10-10,15.729999542236328,16.15999984741211,15.680000305175781,16.149999618530273,12.882128715515137,3494800
2011-10-11,15.970000267028809,16.719999313354492,15.779999732971191,16.639999389648438,13.272977828979492,4539300
2011-10-12,16.829999923706055,17.850000381469727,16.760000228881836,17.389999389648438,13.871220588684082,5088100
2011-10-13,17.18000030517578,17.18000030517578,16.139999389648438,16.84000015258789,13.432510375976562,4057200
2011-10-14,17.190000534057617,17.260000228881836,16.299999237060547,16.709999084472656,13.328812599182129,3730700
2011-10-17,16.59000015258789,16.59000015258789,15.829999923706055,15.890000343322754,12.674737930297852,2624900
2011-10-18,16.010000228881836,17.1299991607666,15.949999809265137,17.0,13.560131072998047,4535000
2011-10-19,16.93000030517578,17.329999923706055,16.389999389648438,16.420000076293945,13.097497940063477,5596200
2011-10-20,16.43000030517578,16.790000915527344,16.059999465942383,16.59000015258789,13.2330961227417,4470700
2011-10-21,16.75,17.18000030517578,16.3700008392334,16.979999542236328,13.544183731079102,7178400
2011-10-24,17.0,18.059999465942383,16.940000534057617,17.979999542236328,14.341835975646973,5115700
2011-10-25,17.459999084472656,17.459999084472656,16.5,16.719999313354492,13.336791038513184,5328300
2011-10-26,16.969999313354492,17.209999084472656,16.40999984741211,16.920000076293945,13.496323585510254,5969000
2011-10-27,17.799999237060547,18.510000228881836,17.530000686645508,18.290000915527344,14.589109420776367,7124200
2011-10-28,18.239999771118164,18.329999923706055,17.75,18.239999771118164,14.54922866821289,3293500
2011-10-31,17.950000762939453,17.989999771118164,17.360000610351562,17.360000610351562,13.847290992736816,4663900
2011-11-01,16.690000534057617,17.190000534057617,16.280000686645508,16.670000076293945,13.296911239624023,5494600
2011-11-02,17.06999969482422,17.3700008392334,16.850000381469727,17.049999237060547,13.600017547607422,3329900
2011-11-03,17.309999465942383,17.56999969482422,16.690000534057617,17.40999984741211,13.88717269897461,4197100
2011-11-04,17.1299991607666,17.260000228881836,16.790000915527344,17.059999465942383,13.607994079589844,3043700
2011-11-07,17.010000228881836,17.25,16.729999542236328,17.18000030517578,13.703716278076172,2067400
2011-11-08,17.270000457763672,17.610000610351562,17.010000228881836,17.549999237060547,13.9988431930542,2279800
2011-11-09,16.940000534057617,17.09000015258789,16.3700008392334,16.420000076293945,13.097497940063477,3150200
2011-11-10,16.68000030517578,16.8700008392334,16.149999618530273,16.270000457763672,12.977849006652832,3648400
2011-11-11,16.610000610351562,17.1200008392334,16.59000015258789,16.829999923706055,13.424534797668457,2484700
2011-11-14,16.709999084472656,16.899999618530273,16.260000228881836,16.40999984741211,13.089518547058105,2792500
2011-11-15,16.360000610351562,16.780000686645508,16.170000076293945,16.719999313354492,13.336791038513184,2575500
2011-11-16,16.479999542236328,17.399999618530273,16.299999237060547,16.649999618530273,13.280957221984863,5042700
2011-11-17,16.719999313354492,16.84000015258789,16.09000015258789,16.190000534057617,12.921795845031738,3823500
2011-11-18,16.3799991607666,16.43000030517578,15.989999771118164,16.260000228881836,12.977667808532715,3200800
2011-11-21,15.789999961853027,15.960000038146973,15.460000038146973,15.739999771118164,12.56263256072998,3837100
2011-11-22,15.600000381469727,15.720000267028809,15.130000114440918,15.34000015258789,12.243382453918457,4164100
2011-11-23,15.130000114440918,15.170000076293945,14.699999809265137,14.699999809265137,11.732573509216309,3019600
2011-11-25,14.670000076293945,15.039999961853027,14.630000114440918,14.739999771118164,11.764497756958008,745600
2011-11-28,15.300000190734863,15.390000343322754,14.84000015258789,15.079999923706055,12.035862922668457,2248800
2011-11-29,14.90999984741211,15.210000038146973,14.649999618530273,15.0,11.972014427185059,2982200
2011-11-30,15.699999809265137,16.1299991607666,15.430000305175781,16.09000015258789,12.841983795166016,4256400
2011-12-01,16.040000915527344,16.09000015258789,15.5600004196167,15.899999618530273,12.690336227416992,2254700
2011-12-02,16.0,16.520000457763672,15.979999542236328,16.209999084472656,12.937755584716797,2705300
2011-12-05,16.610000610351562,16.989999771118164,16.489999771118164,16.84000015258789,13.440584182739258,3461700
2011-12-06,16.780000686645508,16.780000686645508,16.290000915527344,16.31999969482422,13.025551795959473,4611500
2011-12-07,16.200000762939453,16.260000228881836,15.800000190734863,15.979999542236328,12.754185676574707,6447000
2011-12-08,15.880000114440918,15.899999618530273,15.210000038146973,15.25,12.171547889709473,4591000
2011-12-09,15.399999618530273,15.819999694824219,15.329999923706055,15.5,12.371084213256836,4018700
2011-12-12,15.270000457763672,15.329999923706055,14.970000267028809,15.25,12.171547889709473,3274400
2011-12-13,15.399999618530273,15.510000228881836,14.920000076293945,15.039999961853027,12.003938674926758,4214100
2011-12-14,14.9399995803833,15.25,14.8100004196167,14.880000114440918,11.876236915588379,4256800
2011-12-15,14.970000267028809,15.100000381469727,14.640000343322754,14.90999984741211,11.900185585021973,5388000
2011-12-16,15.020000457763672,15.420000076293945,14.9399995803833,15.069999694824219,12.027885437011719,6098100
2011-12-19,15.100000381469727,15.25,14.520000457763672,14.630000114440918,11.676708221435547,3115800
2011-12-20,14.979999542236328,15.510000228881836,14.920000076293945,15.350000381469727,12.251362800598145,3668500
2011-12-21,15.34000015258789,15.630000114440918,15.149999618530273,15.609999656677246,12.458877563476562,2308800
2011-12-22,15.699999809265137,16.280000686645508,15.600000381469727,16.149999618530273,12.889866828918457,2455500
2011-12-23,16.260000228881836,16.440000534057617,16.0,16.329999923706055,13.033533096313477,1599900
2011-12-27,16.360000610351562,16.530000686645508,16.200000762939453,16.399999618530273,13.089402198791504,1903500
2011-12-28,16.399999618530273,16.440000534057617,16.020000457763672,16.09000015258789,12.841983795166016,2236900
2011-12-29,16.1299991607666,16.530000686645508,16.1299991607666,16.479999542236328,13.153251647949219,1573200
2011-12-30,16.43000030517578,16.43000030517578,16.260000228881836,16.280000686645508,12.99362850189209,1108400
2012-01-03,16.65999984741211,17.350000381469727,16.600000381469727,16.770000457763672,13.384713172912598,3442600
2012-01-04,16.68000030517578,17.229999542236328,16.549999237060547,17.139999389648438,13.680023193359375,3478800
2012-01-05,17.020000457763672,17.8799991607666,16.860000610351562,17.6200008392334,14.063126564025879,4965600
2012-01-06,17.68000030517578,17.780000686645508,17.229999542236328,17.639999389648438,14.079086303710938,2994800
2012-01-09,17.700000762939453,17.969999313354492,17.65999984741211,17.8799991607666,14.270639419555664,2078900
2012-01-10,18.190000534057617,18.40999984741211,18.010000228881836,18.170000076293945,14.502102851867676,3420500
2012-01-11,18.149999618530273,18.510000228881836,17.920000076293945,18.5,14.765486717224121,3112600
2012-01-12,18.5,18.68000030517578,18.1299991607666,18.649999618530273,14.885209083557129,3832200
2012-01-13,18.360000610351562,18.559999465942383,18.049999237060547,18.5,14.765486717224121,2305200
2012-01-17,18.649999618530273,18.850000381469727,18.299999237060547,18.399999618530273,14.685677528381348,2545600
2012-01-18,18.350000381469727,18.989999771118164,18.139999389648438,18.790000915527344,14.996947288513184,3065800
2012-01-19,18.989999771118164,19.0,18.559999465942383,18.700000762939453,14.925117492675781,3132900
2012-01-20,18.639999389648438,18.899999618530273,18.479999542236328,18.850000381469727,15.044835090637207,3026100
2012-01-23,18.850000381469727,19.020000457763672,18.459999084472656,18.549999237060547,14.805398941040039,3340700
2012-01-24,17.100000381469727,17.549999237060547,16.700000762939453,17.149999618530273,13.688007354736328,10054300
2012-01-25,17.06999969482422,17.65999984741211,17.0,17.520000457763672,13.983312606811523,5206500
2012-01-26,17.6200008392334,17.690000534057617,16.399999618530273,16.579999923706055,13.233067512512207,8957000
2012-01-27,16.469999313354492,16.979999542236328,16.399999618530273,16.889999389648438,13.480491638183594,3132500
2012-01-30,16.719999313354492,16.850000381469727,16.510000228881836,16.709999084472656,13.336821556091309,3272600
2012-01-31,16.850000381469727,16.940000534057617,16.600000381469727,16.829999923706055,13.432601928710938,3515900
2012-02-01,16.989999771118164,17.209999084472656,16.93000030517578,17.020000457763672,13.584247589111328,4672600
2012-02-02,17.079999923706055,17.3799991607666,16.799999237060547,17.309999465942383,13.815702438354492,3641700
2012-02-03,17.600000381469727,18.139999389648438,17.5,18.030000686645508,14.390368461608887,6616000
2012-02-06,17.950000762939453,18.200000762939453,17.8799991607666,18.06999969482422,14.422287940979004,2834700
2012-02-07,18.059999465942383,18.469999313354492,17.93000030517578,18.350000381469727,14.645767211914062,3612300
2012-02-08,18.31999969482422,18.65999984741211,18.260000228881836,18.56999969482422,14.821351051330566,2794600
2012-02-09,18.649999618530273,18.780000686645508,18.360000610351562,18.510000228881836,14.773467063903809,3237900
2012-02-10,18.219999313354492,18.450000762939453,18.06999969482422,18.3700008392334,14.661730766296387,2350900
2012-02-13,18.600000381469727,18.719999313354492,18.389999389648438,18.549999237060547,14.805398941040039,2250800
2012-02-14,18.420000076293945,18.489999771118164,18.190000534057617,18.420000076293945,14.701634407043457,3026800
2012-02-15,18.469999313354492,18.799999237060547,18.450000762939453,18.510000228881836,14.773467063903809,3401000
2012-02-16,18.520000457763672,19.31999969482422,18.459999084472656,19.15999984741211,15.292256355285645,4198300
2012-02-17,19.290000915527344,20.110000610351562,19.229999542236328,19.860000610351562,15.850944519042969,7881700
2012-02-21,19.979999542236328,19.979999542236328,19.350000381469727,19.5,15.57145881652832,3891200
2012-02-22,19.489999771118164,19.530000686645508,18.670000076293945,18.790000915527344,15.004499435424805,3669100
2012-02-23,18.829999923706055,19.049999237060547,18.68000030517578,18.90999984741211,15.10031795501709,2279200
2012-02-24,18.940000534057617,19.06999969482422,18.799999237060547,19.0,15.172188758850098,2430000
2012-02-27,18.770000457763672,19.1200008392334,18.700000762939453,19.06999969482422,15.228095054626465,2950700
2012-02-28,19.110000610351562,19.459999084472656,18.84000015258789,19.219999313354492,15.347870826721191,2718100
2012-02-29,19.25,19.520000457763672,18.8700008392334,19.0,15.172188758850098,2668500
2012-03-01,19.079999923706055,19.350000381469727,18.8799991607666,18.989999771118164,15.164207458496094,2653700
2012-03-02,18.950000762939453,19.0,18.739999771118164,18.860000610351562,15.06039810180664,1784800
2012-03-05,18.75,18.8799991607666,18.3700008392334,18.549999237060547,14.812857627868652,2163300
2012-03-06,18.350000381469727,18.350000381469727,17.75,17.950000762939453,14.333733558654785,2750000
2012-03-07,18.34000015258789,18.649999618530273,18.229999542236328,18.329999923706055,14.637176513671875,3438700
2012-03-08,18.520000457763672,18.729999542236328,18.34000015258789,18.690000534057617,14.92464542388916,2156000
2012-03-09,18.739999771118164,19.200000762939453,18.579999923706055,18.989999771118164,15.164207458496094,2661100
2012-03-12,18.979999542236328,19.059999465942383,18.59000015258789,18.709999084472656,14.940618515014648,2112500
2012-03-13,18.90999984741211,19.790000915527344,18.860000610351562,19.530000686645508,15.595419883728027,6150500
2012-03-14,21.020000457763672,21.81999969482422,20.5,21.579999923706055,17.2324161529541,13116800
2012-03-15,21.670000076293945,22.489999771118164,21.510000228881836,22.1299991607666,17.671615600585938,5510100
2012-03-16,22.3700008392334,22.610000610351562,22.09000015258789,22.280000686645508,17.79138946533203,4364100
2012-03-19,22.260000228881836,22.809999465942383,22.190000534057617,22.639999389648438,18.078866958618164,3128400
2012-03-20,22.049999237060547,22.399999618530273,21.760000228881836,22.200000762939453,17.727508544921875,4703300
2012-03-21,22.190000534057617,22.459999084472656,21.8700008392334,22.06999969482422,17.623701095581055,3072800
2012-03-22,21.8799991607666,21.93000030517578,21.389999389648438,21.479999542236328,17.15256118774414,3656700
2012-03-23,21.440000534057617,21.790000915527344,21.079999923706055,21.729999542236328,17.352197647094727,3582300
2012-03-26,22.030000686645508,22.149999618530273,21.770000457763672,21.969999313354492,17.543838500976562,3153800
2012-03-27,21.969999313354492,22.09000015258789,21.639999389648438,21.65999984741211,17.296297073364258,3068600
2012-03-28,21.68000030517578,22.010000228881836,21.469999313354492,21.799999237060547,17.40809440612793,3447800
2012-03-29,21.59000015258789,21.75,21.170000076293945,21.649999618530273,17.288318634033203,2425900
2012-03-30,21.729999542236328,21.889999389648438,21.209999084472656,21.459999084472656,17.13658905029297,2160400
2012-04-02,21.389999389648438,21.549999237060547,20.989999771118164,21.43000030517578,17.112634658813477,2866000
2012-04-03,21.350000381469727,21.520000457763672,21.06999969482422,21.510000228881836,17.1765193939209,3752600
2012-04-04,21.209999084472656,21.420000076293945,20.8700008392334,21.079999923706055,16.833148956298828,3957100
2012-04-05,21.040000915527344,21.270000457763672,20.90999984741211,21.079999923706055,16.833148956298828,2590800
2012-04-09,20.6200008392334,20.770000457763672,20.43000030517578,20.600000381469727,16.44985580444336,2467300
2012-04-10,20.579999923706055,20.709999084472656,19.8799991607666,20.280000686645508,16.19431495666504,4768100
2012-04-11,20.510000228881836,20.989999771118164,20.3799991607666,20.84000015258789,16.64150047302246,3213900
2012-04-12,20.969999313354492,21.239999771118164,20.799999237060547,21.139999389648438,16.881061553955078,1838200
2012-04-13,20.959999084472656,21.06999969482422,20.420000076293945,20.530000686645508,16.39395523071289,4488800
2012-04-16,20.700000762939453,21.040000915527344,20.489999771118164,20.799999237060547,16.609556198120117,2614600
2012-04-17,21.0,21.450000762939453,20.93000030517578,21.170000076293945,16.90501594543457,3063000
2012-04-18,20.989999771118164,21.450000762939453,20.979999542236328,21.170000076293945,16.90501594543457,2806400
2012-04-19,21.219999313354492,21.3700008392334,20.799999237060547,20.93000030517578,16.7133731842041,3742600
2012-04-20,21.1200008392334,21.209999084472656,20.5,20.540000915527344,16.40193748474121,3290500
2012-04-23,20.270000457763672,20.90999984741211,20.149999618530273,20.809999465942383,16.617542266845703,3588700
2012-04-24,19.559999465942383,20.239999771118164,19.510000228881836,20.059999465942383,16.018640518188477,8099900
2012-04-25,20.260000228881836,20.270000457763672,19.90999984741211,20.190000534057617,16.122451782226562,4765900
2012-04-26,20.1299991607666,20.549999237060547,20.0,20.420000076293945,16.306114196777344,3505400
2012-04-27,20.59000015258789,20.719999313354492,20.280000686645508,20.649999618530273,16.489778518676758,2119500
2012-04-30,20.65999984741211,20.729999542236328,20.270000457763672,20.389999389648438,16.282155990600586,2439600
2012-05-01,20.309999465942383,21.010000228881836,20.239999771118164,20.65999984741211,16.497760772705078,3116500
2012-05-02,20.489999771118164,20.6299991607666,20.25,20.399999618530273,16.290149688720703,2111700
2012-05-03,20.43000030517578,20.579999923706055,19.899999618530273,20.040000915527344,16.00267791748047,2650900
2012-05-04,19.969999313354492,19.969999313354492,19.5,19.770000457763672,15.787070274353027,3111600
2012-05-07,19.68000030517578,20.190000534057617,19.649999618530273,20.09000015258789,16.042598724365234,2172900
2012-05-08,19.969999313354492,20.139999389648438,19.790000915527344,20.09000015258789,16.042598724365234,2367100
2012-05-09,19.829999923706055,19.889999389648438,19.40999984741211,19.799999237060547,15.811019897460938,2487100
2012-05-10,20.0,20.219999313354492,19.84000015258789,19.889999389648438,15.882887840270996,1600000
2012-05-11,19.780000686645508,20.170000076293945,19.440000534057617,20.1200008392334,16.066556930541992,2438800
2012-05-14,19.760000228881836,20.010000228881836,19.440000534057617,19.489999771118164,15.56347942352295,2912100
2012-05-15,19.479999542236328,19.6200008392334,18.969999313354492,19.079999923706055,15.23607349395752,3290200
2012-05-16,19.170000076293945,19.389999389648438,18.809999465942383,18.809999465942383,15.020471572875977,2219300
2012-05-17,18.8799991607666,18.8799991607666,18.43000030517578,18.43000030517578,14.717026710510254,2925900
2012-05-18,18.469999313354492,18.739999771118164,18.190000534057617,18.270000457763672,14.589262962341309,2055700
2012-05-21,18.290000915527344,18.829999923706055,18.06999969482422,18.59000015258789,14.844789505004883,1830400
2012-05-22,18.559999465942383,19.030000686645508,18.540000915527344,18.760000228881836,14.988612174987793,2454500
2012-05-23,18.510000228881836,19.170000076293945,18.420000076293945,19.1200008392334,15.276238441467285,3166300
2012-05-24,19.1299991607666,19.15999984741211,18.56999969482422,18.799999237060547,15.020561218261719,3587500
2012-05-25,18.81999969482422,19.09000015258789,18.729999542236328,18.8700008392334,15.076496124267578,1818800
2012-05-29,19.0,19.209999084472656,18.84000015258789,19.190000534057617,15.332159042358398,2047100
2012-05-30,18.889999389648438,18.950000762939453,18.530000686645508,18.739999771118164,14.97262954711914,2287300
2012-05-31,18.719999313354492,19.299999237060547,18.479999542236328,19.030000686645508,15.204323768615723,3228600
2012-06-01,18.610000610351562,18.649999618530273,17.979999542236328,18.219999313354492,14.55716323852539,4400300
2012-06-04,17.90999984741211,18.270000457763672,17.489999771118164,17.610000610351562,14.069794654846191,4269100
2012-06-05,17.93000030517578,18.18000030517578,17.700000762939453,17.809999465942383,14.229588508605957,4485500
2012-06-06,18.030000686645508,18.399999618530273,17.90999984741211,18.350000381469727,14.661033630371094,3703300
2012-06-07,18.610000610351562,18.81999969482422,18.219999313354492,18.309999465942383,14.629070281982422,2626600
2012-06-08,18.229999542236328,18.459999084472656,17.899999618530273,18.399999618530273,14.700980186462402,2228000
2012-06-11,18.59000015258789,18.65999984741211,17.68000030517578,17.719999313354492,14.157686233520508,2794100
2012-06-12,17.780000686645508,18.06999969482422,17.450000762939453,18.06999969482422,14.437317848205566,2418100
2012-06-13,17.93000030517578,18.290000915527344,17.780000686645508,17.90999984741211,14.309486389160156,1932100
2012-06-14,17.940000534057617,18.399999618530273,17.8799991607666,18.360000610351562,14.66901969909668,2060200
2012-06-15,18.34000015258789,18.780000686645508,18.219999313354492,18.700000762939453,14.940673828125,3039100
2012-06-18,18.56999969482422,18.889999389648438,18.420000076293945,18.84000015258789,15.052531242370605,2432800
2012-06-19,19.010000228881836,19.600000381469727,19.0,19.469999313354492,15.555866241455078,4117800
2012-06-20,19.420000076293945,19.899999618530273,19.399999618530273,19.6200008392334,15.675719261169434,4030700
2012-06-21,19.649999618530273,19.799999237060547,18.940000534057617,18.979999542236328,15.164377212524414,2044500
2012-06-22,19.100000381469727,19.25,19.020000457763672,19.1299991607666,15.284225463867188,1870900
2012-06-25,18.860000610351562,18.860000610351562,18.329999923706055,18.450000762939453,14.740925788879395,2572100
2012-06-26,18.450000762939453,18.940000534057617,18.350000381469727,18.790000915527344,15.012577056884766,2933100
2012-06-27,18.850000381469727,19.229999542236328,18.649999618530273,19.200000762939453,15.340153694152832,1708000
2012-06-28,19.020000457763672,19.079999923706055,18.549999237060547,18.989999771118164,15.172370910644531,2709700
2012-06-29,19.40999984741211,19.479999542236328,19.219999313354492,19.420000076293945,15.515926361083984,2321800
2012-07-02,19.520000457763672,19.670000076293945,19.1299991607666,19.6299991607666,15.683710098266602,2243500
2012-07-03,19.6299991607666,19.81999969482422,19.540000915527344,19.700000762939453,15.73963737487793,827200
2012-07-05,19.68000030517578,19.68000030517578,19.360000610351562,19.420000076293945,15.515926361083984,1911400
2012-07-06,19.209999084472656,19.479999542236328,19.010000228881836,19.389999389648438,15.491950988769531,1744700
2012-07-09,19.3700008392334,19.450000762939453,19.0,19.100000381469727,15.260258674621582,2000000
2012-07-10,19.309999465942383,19.420000076293945,18.639999389648438,18.780000686645508,15.004586219787598,2668200
2012-07-11,18.760000228881836,19.0,18.59000015258789,18.93000030517578,15.124436378479004,3311300
2012-07-12,18.790000915527344,18.81999969482422,18.489999771118164,18.639999389648438,14.892730712890625,2024700
2012-07-13,18.670000076293945,19.09000015258789,18.65999984741211,19.020000457763672,15.196340560913086,2092200
2012-07-16,18.979999542236328,19.280000686645508,18.899999618530273,19.049999237060547,15.220303535461426,1507900
2012-07-17,19.229999542236328,19.479999542236328,18.889999389648438,19.43000030517578,15.523913383483887,1806500
2012-07-18,19.389999389648438,19.6299991607666,19.219999313354492,19.450000762939453,15.539896011352539,2881400
2012-07-19,19.520000457763672,19.670000076293945,19.190000534057617,19.239999771118164,15.37210750579834,1986400
2012-07-20,19.100000381469727,19.110000610351562,18.700000762939453,18.729999542236328,14.964638710021973,2610400
2012-07-23,18.469999313354492,18.639999389648438,18.219999313354492,18.56999969482422,14.836799621582031,2986100
2012-07-24,18.139999389648438,18.420000076293945,17.579999923706055,17.959999084472656,14.349434852600098,6678900
2012-07-25,17.979999542236328,18.18000030517578,17.809999465942383,17.8799991607666,14.285514831542969,2424800
2012-07-26,18.209999084472656,18.31999969482422,17.899999618530273,18.079999923706055,14.445311546325684,3786200
2012-07-27,18.18000030517578,18.649999618530273,18.049999237060547,18.479999542236328,14.76489543914795,3243300
2012-07-30,18.479999542236328,18.6200008392334,18.190000534057617,18.299999237060547,14.621081352233887,2798300
2012-07-31,18.239999771118164,18.43000030517578,18.200000762939453,18.200000762939453,14.54118824005127,2073600
2012-08-01,18.290000915527344,18.450000762939453,18.190000534057617,18.280000686645508,14.605103492736816,2394600
2012-08-02,18.18000030517578,18.40999984741211,17.81999969482422,18.049999237060547,14.421338081359863,2398200
2012-08-03,18.329999923706055,19.06999969482422,18.329999923706055,18.93000030517578,15.124436378479004,2398000
2012-08-06,19.100000381469727,19.209999084472656,18.790000915527344,18.81999969482422,15.036543846130371,1263400
2012-08-07,18.950000762939453,19.25,18.81999969482422,19.049999237060547,15.220303535461426,1763800
2012-08-08,18.920000076293945,19.139999389648438,18.90999984741211,19.030000686645508,15.204323768615723,1404100
2012-08-09,19.0,19.110000610351562,18.899999618530273,19.040000915527344,15.212319374084473,778300
2012-08-10,18.959999084472656,18.979999542236328,18.690000534057617,18.8700008392334,15.076496124267578,1176800
2012-08-13,18.780000686645508,18.799999237060547,18.5,18.729999542236328,14.964638710021973,1640000
2012-08-14,18.75,19.040000915527344,18.729999542236328,18.809999465942383,15.028554916381836,1305100
2012-08-15,18.799999237060547,19.18000030517578,18.790000915527344,19.15999984741211,15.30819320678711,2082300
2012-08-16,19.170000076293945,19.299999237060547,19.06999969482422,19.229999542236328,15.36412239074707,1182700
2012-08-17,19.299999237060547,19.739999771118164,19.110000610351562,19.700000762939453,15.73963737487793,2130200
2012-08-20,19.6200008392334,19.639999389648438,19.399999618530273,19.5,15.579838752746582,1897400
2012-08-21,19.579999923706055,19.809999465942383,19.43000030517578,19.479999542236328,15.571854591369629,1941700
2012-08-22,19.459999084472656,19.709999084472656,19.270000457763672,19.329999923706055,15.45193862915039,1391700
2012-08-23,19.309999465942383,19.3799991607666,18.959999084472656,19.010000228881836,15.19614028930664,1007700
2012-08-24,18.959999084472656,19.209999084472656,18.940000534057617,19.139999389648438,15.300063133239746,1072900
2012-08-27,19.260000228881836,19.34000015258789,18.989999771118164,19.059999465942383,15.23611068725586,589900
2012-08-28,19.040000915527344,19.360000610351562,18.959999084472656,19.209999084472656,15.356017112731934,875500
2012-08-29,19.209999084472656,19.3700008392334,19.139999389648438,19.299999237060547,15.427957534790039,1071000
2012-08-30,19.170000076293945,19.290000915527344,19.010000228881836,19.209999084472656,15.356017112731934,855600
2012-08-31,19.31999969482422,19.40999984741211,19.139999389648438,19.25,15.387990951538086,1209700
2012-09-04,19.190000534057617,19.420000076293945,19.059999465942383,19.329999923706055,15.45193862915039,1057500
2012-09-05,19.299999237060547,19.43000030517578,19.139999389648438,19.360000610351562,15.47592544555664,1160100
2012-09-06,19.510000228881836,19.979999542236328,19.459999084472656,19.729999542236328,15.771695137023926,2154000
2012-09-07,19.780000686645508,20.3700008392334,19.760000228881836,20.299999237060547,16.227333068847656,2653500
2012-09-10,20.25,20.309999465942383,20.0,20.010000228881836,15.995513916015625,1727100
2012-09-11,20.040000915527344,20.190000534057617,19.93000030517578,20.030000686645508,16.011505126953125,1581500
2012-09-12,20.190000534057617,20.700000762939453,20.149999618530273,20.440000534057617,16.339248657226562,3191800
2012-09-13,20.420000076293945,21.139999389648438,20.25,20.940000534057617,16.738933563232422,2699800
2012-09-14,21.100000381469727,21.68000030517578,21.030000686645508,21.350000381469727,17.066682815551758,3343800
2012-09-17,21.290000915527344,21.350000381469727,21.079999923706055,21.200000762939453,16.94677734375,2052200
2012-09-18,21.110000610351562,21.280000686645508,21.030000686645508,21.06999969482422,16.84286117553711,1470600
2012-09-19,21.06999969482422,21.559999465942383,21.0,21.149999618530273,16.90680503845215,2740200
2012-09-20,20.899999618530273,20.989999771118164,20.600000381469727,20.799999237060547,16.627023696899414,2053400
2012-09-21,21.3700008392334,21.3700008392334,20.84000015258789,20.8700008392334,16.682981491088867,2703400
2012-09-24,20.760000228881836,21.15999984741211,20.6200008392334,21.020000457763672,16.802892684936523,1296300
2012-09-25,20.979999542236328,21.100000381469727,20.290000915527344,20.329999923706055,16.251317977905273,2255200
2012-09-26,20.34000015258789,20.610000610351562,20.149999618530273,20.3700008392334,16.283296585083008,3082800
2012-09-27,20.540000915527344,20.889999389648438,20.420000076293945,20.6299991607666,16.491130828857422,2526100
2012-09-28,20.510000228881836,20.729999542236328,20.389999389648438,20.65999984741211,16.51511573791504,2178900
2012-10-01,20.790000915527344,21.190000534057617,20.719999313354492,20.790000915527344,16.61903190612793,2869000
2012-10-02,20.799999237060547,20.899999618530273,20.59000015258789,20.809999465942383,16.63502311706543,2163900
2012-10-03,20.889999389648438,21.18000030517578,20.68000030517578,21.170000076293945,16.92279052734375,2398800
2012-10-04,21.31999969482422,22.0,21.239999771118164,21.760000228881836,17.39443016052246,3545100
2012-10-05,21.989999771118164,22.350000381469727,21.8700008392334,21.979999542236328,17.57028579711914,4633300
2012-10-08,21.84000015258789,21.889999389648438,21.700000762939453,21.81999969482422,17.4423885345459,1623400
2012-10-09,21.760000228881836,22.030000686645508,21.6299991607666,21.760000228881836,17.39443016052246,2874800
2012-10-10,21.700000762939453,21.889999389648438,21.559999465942383,21.860000610351562,17.474365234375,2032600
2012-10-11,22.0,22.65999984741211,21.979999542236328,22.520000457763672,18.0019474029541,3714800
2012-10-12,22.239999771118164,22.290000915527344,21.809999465942383,21.979999542236328,17.57028579711914,3405600
2012-10-15,22.0,22.219999313354492,21.889999389648438,22.200000762939453,17.746150970458984,2458000
2012-10-16,22.290000915527344,22.559999465942383,21.739999771118164,21.899999618530273,17.5063419342041,3102000
2012-10-17,21.989999771118164,22.329999923706055,21.729999542236328,22.059999465942383,17.63423728942871,3060700
2012-10-18,22.040000915527344,22.18000030517578,21.43000030517578,21.479999542236328,17.17059898376465,4611400
2012-10-19,21.65999984741211,21.780000686645508,21.290000915527344,21.450000762939453,17.146621704101562,2980400
2012-10-22,21.469999313354492,21.559999465942383,21.190000534057617,21.450000762939453,17.146621704101562,3733800
2012-10-23,21.0,21.450000762939453,20.8799991607666,21.149999618530273,16.90680503845215,4391400
2012-10-24,21.139999389648438,21.549999237060547,21.139999389648438,21.309999465942383,17.03470802307129,2335800
2012-10-25,21.610000610351562,21.770000457763672,21.350000381469727,21.440000534057617,17.138628005981445,1830700
2012-10-26,21.3700008392334,21.559999465942383,21.1200008392334,21.219999313354492,16.962759017944336,1617900
2012-10-31,21.360000610351562,21.559999465942383,21.079999923706055,21.479999542236328,17.17059898376465,2070000
2012-11-01,21.43000030517578,21.850000381469727,21.309999465942383,21.780000686645508,17.41041374206543,2043800
2012-11-02,21.899999618530273,22.010000228881836,21.3700008392334,21.420000076293945,17.122642517089844,1423800
2012-11-05,21.360000610351562,21.540000915527344,21.059999465942383,21.459999084472656,17.15460968017578,2233600
2012-11-06,21.520000457763672,21.860000610351562,21.510000228881836,21.65999984741211,17.314491271972656,2204800
2012-11-07,21.3700008392334,21.3700008392334,20.389999389648438,20.40999984741211,16.315269470214844,3804200
2012-11-08,20.420000076293945,20.68000030517578,20.059999465942383,20.079999923706055,16.051469802856445,2618900
2012-11-09,20.06999969482422,20.420000076293945,20.0,20.030000686645508,16.011505126953125,2579400
2012-11-12,20.149999618530273,20.190000534057617,19.84000015258789,20.020000457763672,16.003503799438477,1654200
2012-11-13,19.8700008392334,20.079999923706055,19.6299991607666,19.639999389648438,15.699748039245605,3487800
2012-11-14,19.649999618530273,19.799999237060547,19.25,19.329999923706055,15.45193862915039,2468200
2012-11-15,19.280000686645508,19.40999984741211,19.100000381469727,19.25,15.387990951538086,2122900
2012-11-16,19.299999237060547,19.59000015258789,19.030000686645508,19.549999237060547,15.627802848815918,2619600
2012-11-19,19.84000015258789,19.979999542236328,19.6200008392334,19.709999084472656,15.755705833435059,2177600
2012-11-20,19.639999389648438,20.06999969482422,19.540000915527344,20.030000686645508,16.01963233947754,1829000
2012-11-21,20.110000610351562,20.190000534057617,19.950000762939453,20.18000030517578,16.139596939086914,1432400
2012-11-23,20.270000457763672,20.65999984741211,20.219999313354492,20.65999984741211,16.523494720458984,772400
2012-11-26,20.6200008392334,20.770000457763672,20.459999084472656,20.709999084472656,16.563486099243164,3013300
2012-11-27,20.059999465942383,20.299999237060547,19.860000610351562,19.959999084472656,15.96364974975586,5383900
2012-11-28,19.780000686645508,20.1200008392334,19.780000686645508,20.040000915527344,16.027626037597656,3011000
2012-11-29,20.190000534057617,20.350000381469727,20.049999237060547,20.219999313354492,16.17159080505371,1872300
2012-11-30,20.239999771118164,20.489999771118164,20.010000228881836,20.06999969482422,16.05162239074707,2570600
2012-12-03,20.139999389648438,20.239999771118164,19.770000457763672,19.790000915527344,15.827689170837402,2375900
2012-12-04,19.860000610351562,19.989999771118164,19.510000228881836,19.610000610351562,15.683725357055664,2645800
2012-12-05,19.59000015258789,19.709999084472656,19.309999465942383,19.56999969482422,15.651731491088867,2762700
2012-12-06,19.559999465942383,19.65999984741211,19.3700008392334,19.540000915527344,15.627738952636719,3479800
2012-12-07,19.670000076293945,19.8799991607666,19.309999465942383,19.84000015258789,15.86767578125,4596000
2012-12-10,19.780000686645508,20.270000457763672,19.670000076293945,19.950000762939453,15.95565128326416,3823000
2012-12-11,20.239999771118164,20.6200008392334,20.15999984741211,20.479999542236328,16.379528045654297,4307700
2012-12-12,20.579999923706055,20.860000610351562,20.510000228881836,20.600000381469727,16.475509643554688,2248500
2012-12-13,20.549999237060547,20.739999771118164,20.459999084472656,20.610000610351562,16.483509063720703,2304800
2012-12-14,20.59000015258789,20.719999313354492,20.549999237060547,20.600000381469727,16.475509643554688,2024200
2012-12-17,20.719999313354492,21.229999542236328,20.670000076293945,21.200000762939453,16.95537567138672,2453500
2012-12-18,21.329999923706055,21.610000610351562,21.25,21.59000015258789,17.267295837402344,3444900
2012-12-19,21.5,21.889999389648438,21.5,21.540000915527344,17.227304458618164,2551500
2012-12-20,21.59000015258789,21.93000030517578,21.559999465942383,21.920000076293945,17.53122329711914,2243400
2012-12-21,21.329999923706055,21.600000381469727,21.280000686645508,21.489999771118164,17.187313079833984,4336300
2012-12-24,21.540000915527344,21.68000030517578,21.010000228881836,21.40999984741211,17.12333106994629,603900
2012-12-26,21.5,21.670000076293945,21.209999084472656,21.25,16.99536895751953,1939800
2012-12-27,21.299999237060547,21.3700008392334,20.940000534057617,21.260000228881836,17.00337028503418,2298800
2012-12-28,21.059999465942383,21.31999969482422,21.0,21.1299991607666,16.89939308166504,2024500
2012-12-31,21.06999969482422,21.43000030517578,20.969999313354492,21.399999618530273,17.115331649780273,2225400
2013-01-02,21.8799991607666,22.0,21.780000686645508,21.989999771118164,17.58720588684082,2551100
2013-01-03,21.989999771118164,22.1299991607666,21.809999465942383,22.020000457763672,17.61119842529297,2267900
2013-01-04,22.020000457763672,22.790000915527344,21.969999313354492,22.649999618530273,18.115062713623047,3577700
2013-01-07,22.520000457763672,22.579999923706055,22.260000228881836,22.540000915527344,18.02708625793457,2286000
2013-01-08,22.5,22.530000686645508,22.06999969482422,22.09000015258789,17.66718292236328,3758600
2013-01-09,22.020000457763672,22.15999984741211,21.719999313354492,21.850000381469727,17.475234985351562,3031000
2013-01-10,21.610000610351562,21.950000762939453,21.59000015258789,21.950000762939453,17.55521583557129,2712800
2013-01-11,21.889999389648438,21.93000030517578,21.600000381469727,21.75,17.39525604248047,1766200
2013-01-14,21.729999542236328,21.860000610351562,21.559999465942383,21.860000610351562,17.48323631286621,1396800
2013-01-15,21.68000030517578,22.100000381469727,21.6200008392334,22.049999237060547,17.635189056396484,1969400
2013-01-16,22.020000457763672,22.440000534057617,21.989999771118164,22.309999465942383,17.843135833740234,2413900
2013-01-17,22.389999389648438,22.610000610351562,22.309999465942383,22.5,17.995094299316406,1992200
2013-01-18,22.670000076293945,22.690000534057617,22.139999389648438,22.549999237060547,18.035083770751953,1729200
2013-01-22,22.479999542236328,22.709999084472656,22.3799991607666,22.700000762939453,18.15505599975586,1455000
2013-01-23,22.729999542236328,22.739999771118164,22.469999313354492,22.579999923706055,18.059083938598633,1588100
2013-01-24,22.559999465942383,22.790000915527344,22.549999237060547,22.709999084472656,18.163049697875977,1574700
2013-01-25,22.739999771118164,23.059999465942383,22.65999984741211,22.979999542236328,18.378984451293945,3090700
2013-01-28,22.959999084472656,23.020000457763672,22.68000030517578,22.889999389648438,18.307010650634766,3442300
2013-01-29,22.969999313354492,23.06999969482422,22.6200008392334,22.739999771118164,18.187034606933594,3930200
2013-01-30,22.790000915527344,23.600000381469727,22.65999984741211,23.540000915527344,18.826868057250977,4806100
2013-01-31,22.860000610351562,23.489999771118164,22.68000030517578,23.31999969482422,18.650917053222656,2716500
2013-02-01,23.5,24.030000686645508,23.5,23.93000030517578,19.13878631591797,2650000
2013-02-04,23.760000228881836,23.850000381469727,23.559999465942383,23.6200008392334,18.890850067138672,2283500
2013-02-05,23.770000457763672,24.06999969482422,23.719999313354492,24.040000915527344,19.226764678955078,2449500
2013-02-06,23.8799991607666,24.209999084472656,23.829999923706055,24.040000915527344,19.226764678955078,2690100
2013-02-07,24.020000457763672,24.139999389648438,23.75,23.959999084472656,19.16277503967285,2162100
2013-02-08,24.030000686645508,24.209999084472656,23.950000762939453,24.139999389648438,19.306739807128906,2104500
2013-02-11,24.139999389648438,24.299999237060547,23.989999771118164,24.209999084472656,19.36272430419922,1839700
2013-02-12,24.280000686645508,24.56999969482422,24.139999389648438,24.489999771118164,19.58666229248047,2603200
2013-02-13,24.579999923706055,24.920000076293945,24.5,24.739999771118164,19.79468536376953,2911900
2013-02-14,24.68000030517578,24.790000915527344,24.510000228881836,24.6299991607666,19.7066707611084,2789500
2013-02-15,24.760000228881836,24.780000686645508,24.25,24.34000015258789,19.47464370727539,2071000
2013-02-19,24.440000534057617,24.709999084472656,24.3799991607666,24.690000534057617,19.754688262939453,2067100
2013-02-20,24.639999389648438,24.670000076293945,24.1299991607666,24.139999389648438,19.31463050842285,1742800
2013-02-21,24.049999237060547,24.350000381469727,23.559999465942383,23.729999542236328,18.986574172973633,2343600
2013-02-22,23.8700008392334,24.049999237060547,23.809999465942383,24.040000915527344,19.234619140625,1274200
2013-02-25,24.360000610351562,24.389999389648438,23.6299991607666,23.639999389648438,18.914566040039062,2816800
2013-02-26,23.700000762939453,23.84000015258789,23.239999771118164,23.760000228881836,19.010583877563477,3594800
2013-02-27,23.700000762939453,24.200000762939453,23.700000762939453,24.110000610351562,19.29062271118164,1537500
2013-02-28,24.0,24.3700008392334,23.75,24.149999618530273,19.3226261138916,1680100
2013-03-01,24.040000915527344,24.329999923706055,23.690000534057617,24.040000915527344,19.234619140625,2834800
2013-03-04,24.030000686645508,24.25,23.920000076293945,24.209999084472656,19.370637893676758,3174800
2013-03-05,24.31999969482422,24.770000457763672,24.31999969482422,24.5,19.6026668548584,1663100
2013-03-06,24.799999237060547,25.15999984741211,24.639999389648438,25.079999923706055,20.066730499267578,2609000
2013-03-07,25.079999923706055,25.299999237060547,25.030000686645508,25.260000228881836,20.210752487182617,1480500
2013-03-08,25.3799991607666,25.6299991607666,25.200000762939453,25.299999237060547,20.24275016784668,1596600
2013-03-11,25.239999771118164,25.700000762939453,25.209999084472656,25.6299991607666,20.506784439086914,1669900
2013-03-12,25.59000015258789,25.670000076293945,25.350000381469727,25.469999313354492,20.37877082824707,950000
2013-03-13,25.540000915527344,25.639999389648438,25.450000762939453,25.579999923706055,20.46678352355957,661000
2013-03-14,25.649999618530273,25.860000610351562,25.610000610351562,25.729999542236328,20.586795806884766,1461400
2013-03-15,25.65999984741211,25.65999984741211,25.100000381469727,25.559999465942383,20.45078468322754,4753800
2013-03-18,25.200000762939453,25.31999969482422,25.0,25.270000457763672,20.2187442779541,2046200
2013-03-19,25.3799991607666,25.489999771118164,25.059999465942383,25.299999237060547,20.24275016784668,1586900
2013-03-20,25.479999542236328,25.540000915527344,25.350000381469727,25.440000534057617,20.354766845703125,1125300
2013-03-21,25.290000915527344,25.420000076293945,25.06999969482422,25.15999984741211,20.1307373046875,1184200
2013-03-22,25.25,25.309999465942383,24.989999771118164,25.219999313354492,20.17874526977539,1085000
2013-03-25,25.309999465942383,25.3700008392334,25.040000915527344,25.149999618530273,20.122732162475586,1485100
2013-03-26,25.329999923706055,25.360000610351562,25.09000015258789,25.149999618530273,20.122732162475586,2136500
2013-03-27,25.049999237060547,25.049999237060547,24.729999542236328,25.0,20.002721786499023,1760000
2013-03-28,25.010000228881836,25.040000915527344,24.8799991607666,24.989999771118164,19.99471664428711,1322800
2013-04-01,25.06999969482422,25.170000076293945,24.639999389648438,24.780000686645508,19.826692581176758,1339500
2013-04-02,24.889999389648438,24.90999984741211,24.350000381469727,24.479999542236328,19.586658477783203,1853700
2013-04-03,24.56999969482422,24.579999923706055,23.700000762939453,23.8799991607666,19.106595993041992,3942300
2013-04-04,23.940000534057617,24.270000457763672,23.8799991607666,24.139999389648438,19.31463050842285,2133700
2013-04-05,23.8700008392334,23.959999084472656,23.6299991607666,23.8799991607666,19.106595993041992,1798300
2013-04-08,23.829999923706055,24.149999618530273,23.520000457763672,24.1200008392334,19.29862403869629,2401400
2013-04-09,24.190000534057617,24.43000030517578,24.049999237060547,24.299999237060547,19.442646026611328,1847900
2013-04-10,24.309999465942383,24.68000030517578,24.309999465942383,24.610000610351562,19.690675735473633,1247700
2013-04-11,24.510000228881836,25.030000686645508,24.280000686645508,24.940000534057617,19.954710006713867,2487300
2013-04-12,24.729999542236328,24.829999923706055,24.170000076293945,24.399999618530273,19.52265739440918,2043300
2013-04-15,24.329999923706055,24.389999389648438,23.639999389648438,23.65999984741211,18.930566787719727,2254000
2013-04-16,23.84000015258789,23.889999389648438,23.59000015258789,23.780000686645508,19.02658462524414,1661700
2013-04-17,23.489999771118164,23.649999618530273,23.209999084472656,23.43000030517578,18.746543884277344,2124600
2013-04-18,23.510000228881836,23.540000915527344,23.100000381469727,23.440000534057617,18.75455093383789,2003200
2013-04-19,23.559999465942383,23.809999465942383,23.290000915527344,23.709999084472656,18.970577239990234,2423200
2013-04-22,23.809999465942383,23.809999465942383,23.270000457763672,23.610000610351562,18.89056396484375,3255500
2013-04-23,23.959999084472656,24.290000915527344,23.65999984741211,24.209999084472656,19.370637893676758,3254200
2013-04-24,24.290000915527344,24.530000686645508,24.190000534057617,24.530000686645508,19.626670837402344,1603200
2013-04-25,24.6200008392334,24.889999389648438,24.520000457763672,24.530000686645508,19.626670837402344,1791100
2013-04-26,24.56999969482422,24.56999969482422,24.0,24.239999771118164,19.394636154174805,1771000
2013-04-29,24.280000686645508,24.670000076293945,24.280000686645508,24.5,19.6026668548584,1494700
2013-04-30,24.43000030517578,24.670000076293945,24.31999969482422,24.6200008392334,19.69867515563965,1543400
2013-05-01,24.59000015258789,24.6200008392334,24.06999969482422,24.18000030517578,19.34662437438965,1375800
2013-05-02,24.290000915527344,24.700000762939453,24.1200008392334,24.649999618530273,19.722681045532227,1668400
2013-05-03,24.8700008392334,25.3700008392334,24.84000015258789,25.149999618530273,20.122732162475586,2522000
2013-05-06,25.139999389648438,25.709999084472656,25.0,25.690000534057617,20.554794311523438,1772800
2013-05-07,25.739999771118164,26.149999618530273,25.739999771118164,25.959999084472656,20.77081871032715,1925400
2013-05-08,25.899999618530273,26.010000228881836,25.6299991607666,25.989999771118164,20.794828414916992,1758300
2013-05-09,25.989999771118164,26.09000015258789,25.8700008392334,26.010000228881836,20.810823440551758,1225500
2013-05-10,26.06999969482422,26.170000076293945,25.829999923706055,26.149999618530273,20.92284393310547,838800
2013-05-13,26.079999923706055,26.5,26.020000457763672,26.459999084472656,21.170875549316406,1729200
2013-05-14,26.40999984741211,27.06999969482422,26.40999984741211,27.059999465942383,21.65093994140625,1470500
2013-05-15,26.899999618530273,27.290000915527344,26.770000457763672,26.969999313354492,21.578933715820312,2333000
2013-05-16,26.8799991607666,27.1200008392334,26.790000915527344,26.850000381469727,21.4829158782959,2042300
2013-05-17,27.1299991607666,27.40999984741211,27.020000457763672,27.389999389648438,21.91497802734375,1683800
2013-05-20,27.350000381469727,27.770000457763672,27.229999542236328,27.700000762939453,22.163007736206055,2224800
2013-05-21,27.780000686645508,27.799999237060547,27.540000915527344,27.56999969482422,22.090896606445312,1578200
2013-05-22,27.56999969482422,28.030000686645508,27.110000610351562,27.200000762939453,21.794429779052734,2618600
2013-05-23,26.979999542236328,27.260000228881836,26.670000076293945,27.209999084472656,21.80244255065918,2190100
2013-05-24,27.059999465942383,27.489999771118164,27.030000686645508,27.489999771118164,22.026796340942383,1252600
2013-05-28,27.81999969482422,28.270000457763672,27.559999465942383,28.09000015258789,22.507558822631836,2146600
2013-05-29,27.75,28.31999969482422,27.739999771118164,28.09000015258789,22.507558822631836,2298500
2013-05-30,28.040000915527344,28.739999771118164,27.760000228881836,28.600000381469727,22.916200637817383,1902900
2013-05-31,28.56999969482422,28.600000381469727,28.049999237060547,28.06999969482422,22.491527557373047,1832700
2013-06-03,28.170000076293945,28.34000015258789,27.239999771118164,27.6299991607666,22.138973236083984,3407000
2013-06-04,27.690000534057617,27.899999618530273,26.959999084472656,27.149999618530273,21.754364013671875,2963400
2013-06-05,27.09000015258789,27.09000015258789,26.420000076293945,26.559999465942383,21.281620025634766,2353300
2013-06-06,26.5,26.979999542236328,26.389999389648438,26.93000030517578,21.578088760375977,1834600
2013-06-07,27.190000534057617,27.40999984741211,26.889999389648438,27.3700008392334,21.930648803710938,1191000
2013-06-10,27.420000076293945,27.989999771118164,27.34000015258789,27.889999389648438,22.347301483154297,2192700
2013-06-11,27.520000457763672,28.229999542236328,27.469999313354492,27.84000015258789,22.30723762512207,3175900
2013-06-12,28.040000915527344,28.09000015258789,26.950000762939453,27.139999389648438,21.746353149414062,2049100
2013-06-13,27.170000076293945,27.59000015258789,27.079999923706055,27.530000686645508,22.05884552001953,1539700
2013-06-14,27.700000762939453,27.770000457763672,26.829999923706055,26.959999084472656,21.60211753845215,1451400
2013-06-17,27.06999969482422,27.25,26.81999969482422,27.059999465942383,21.682249069213867,2450300
2013-06-18,27.040000915527344,27.420000076293945,26.8700008392334,27.309999465942383,21.882568359375,1516300
2013-06-19,27.239999771118164,27.299999237060547,26.81999969482422,26.93000030517578,21.578088760375977,1915500
2013-06-20,26.700000762939453,27.649999618530273,26.690000534057617,27.459999084472656,22.00275993347168,2818100
2013-06-21,27.770000457763672,28.170000076293945,27.530000686645508,27.90999984741211,22.363325119018555,4205100
2013-06-24,27.600000381469727,28.030000686645508,27.5,27.809999465942383,22.283201217651367,2728500
2013-06-25,28.079999923706055,28.649999618530273,27.940000534057617,28.479999542236328,22.820051193237305,1766300
2013-06-26,28.75,29.190000534057617,28.579999923706055,29.06999969482422,23.29279899597168,1902100
2013-06-27,29.200000762939453,29.40999984741211,29.030000686645508,29.229999542236328,23.42099380493164,1713400
2013-06-28,29.09000015258789,29.270000457763672,28.6200008392334,28.920000076293945,23.172607421875,2059200
2013-07-01,29.09000015258789,29.739999771118164,29.0,29.350000381469727,23.51714515686035,1440600
2013-07-02,29.260000228881836,29.950000762939453,29.239999771118164,29.540000915527344,23.669391632080078,2435600
2013-07-03,29.719999313354492,29.979999542236328,29.600000381469727,29.690000534057617,23.789583206176758,1828900
2013-07-05,29.950000762939453,30.969999313354492,29.899999618530273,30.969999313354492,24.815204620361328,2995500
2013-07-08,31.149999618530273,31.399999618530273,30.8799991607666,31.15999984741211,24.967445373535156,2645000
2013-07-09,31.15999984741211,31.290000915527344,30.440000534057617,30.459999084472656,24.406558990478516,3187300
2013-07-10,30.469999313354492,30.520000457763672,29.639999389648438,29.84000015258789,23.90976905822754,3530600
2013-07-11,29.979999542236328,30.079999923706055,29.09000015258789,29.34000015258789,23.509140014648438,3538300
2013-07-12,29.489999771118164,30.040000915527344,29.34000015258789,29.969999313354492,24.013931274414062,1763900
2013-07-15,30.260000228881836,30.34000015258789,29.899999618530273,30.31999969482422,24.29438018798828,1292800
2013-07-16,30.34000015258789,30.350000381469727,29.15999984741211,29.56999969482422,23.69342613220215,2010500
2013-07-17,29.719999313354492,29.93000030517578,29.40999984741211,29.56999969482422,23.69342613220215,1687500
2013-07-18,29.600000381469727,30.350000381469727,29.549999237060547,30.31999969482422,24.29438018798828,2578900
2013-07-19,30.3700008392334,30.600000381469727,29.8799991607666,30.549999237060547,24.478666305541992,1937300
2013-07-22,30.829999923706055,30.950000762939453,30.549999237060547,30.84000015258789,24.711036682128906,2223400
2013-07-23,29.920000076293945,30.469999313354492,29.459999084472656,29.899999618530273,23.957849502563477,5241400
2013-07-24,30.149999618530273,30.440000534057617,29.899999618530273,30.059999465942383,24.08604621887207,2746700
2013-07-25,29.860000610351562,30.290000915527344,29.579999923706055,29.700000762939453,23.79759407043457,1441400
2013-07-26,29.469999313354492,29.899999618530273,29.290000915527344,29.549999237060547,23.677406311035156,1797200
2013-07-29,29.450000762939453,29.6200008392334,29.020000457763672,29.200000762939453,23.396957397460938,1504100
2013-07-30,29.31999969482422,29.56999969482422,29.1299991607666,29.260000228881836,23.44503402709961,1190200
2013-07-31,29.350000381469727,30.049999237060547,29.350000381469727,29.639999389648438,23.749513626098633,2332600
2013-08-01,29.90999984741211,30.389999389648438,29.84000015258789,30.149999618530273,24.15816307067871,2019300
2013-08-02,30.040000915527344,30.229999542236328,29.700000762939453,30.149999618530273,24.15816307067871,2076600
2013-08-05,30.149999618530273,30.190000534057617,29.809999465942383,29.920000076293945,23.97386932373047,985200
2013-08-06,29.770000457763672,29.959999084472656,29.270000457763672,29.3799991607666,23.541194915771484,1919800
2013-08-07,29.270000457763672,29.399999618530273,28.889999389648438,29.049999237060547,23.27676773071289,1896500
2013-08-08,29.270000457763672,29.729999542236328,29.06999969482422,29.520000457763672,23.653369903564453,2029000
2013-08-09,29.420000076293945,29.739999771118164,29.190000534057617,29.489999771118164,23.629323959350586,1344300
2013-08-12,29.31999969482422,29.610000610351562,29.260000228881836,29.610000610351562,23.725481033325195,1193400
2013-08-13,29.729999542236328,29.729999542236328,28.950000762939453,29.149999618530273,23.35689926147461,4228900
2013-08-14,29.149999618530273,29.309999465942383,29.110000610351562,29.209999084472656,23.40496826171875,1244300
2013-08-15,28.979999542236328,29.09000015258789,28.65999984741211,28.719999313354492,23.012353897094727,1492100
2013-08-16,28.719999313354492,29.260000228881836,28.579999923706055,28.860000610351562,23.12453269958496,1821800
2013-08-19,28.700000762939453,28.920000076293945,28.610000610351562,28.709999084472656,23.004337310791016,1393600
2013-08-20,28.700000762939453,29.75,28.690000534057617,29.540000915527344,23.702415466308594,2294700
2013-08-21,29.440000534057617,29.610000610351562,29.049999237060547,29.219999313354492,23.445646286010742,1682200
2013-08-22,29.229999542236328,29.899999618530273,29.229999542236328,29.610000610351562,23.758583068847656,952600
2013-08-23,29.8799991607666,29.8799991607666,29.200000762939453,29.469999313354492,23.64624786376953,1070100
2013-08-26,29.459999084472656,29.610000610351562,29.190000534057617,29.209999084472656,23.437625885009766,1002700
2013-08-27,28.799999237060547,28.8799991607666,27.850000381469727,27.920000076293945,22.402551651000977,1829500
2013-08-28,27.940000534057617,28.290000915527344,27.760000228881836,28.15999984741211,22.59512710571289,1548800
2013-08-29,28.09000015258789,28.610000610351562,28.0,28.350000381469727,22.747581481933594,916300
2013-08-30,28.3799991607666,28.40999984741211,27.850000381469727,27.969999313354492,22.442672729492188,1021500
2013-09-03,28.65999984741211,28.799999237060547,28.100000381469727,28.350000381469727,22.747581481933594,2246100
2013-09-04,28.280000686645508,28.75,28.280000686645508,28.40999984741211,22.795717239379883,1025200
2013-09-05,28.360000610351562,29.0,28.350000381469727,28.93000030517578,23.21295738220215,1931800
2013-09-06,29.0,29.260000228881836,27.989999771118164,28.670000076293945,23.004337310791016,1775700
2013-09-09,28.719999313354492,29.040000915527344,28.309999465942383,28.989999771118164,23.261098861694336,1605100
2013-09-10,29.200000762939453,29.260000228881836,28.989999771118164,29.209999084472656,23.437625885009766,1464000
2013-09-11,29.170000076293945,29.31999969482422,28.90999984741211,29.079999923706055,23.333314895629883,862400
2013-09-12,29.079999923706055,29.209999084472656,28.790000915527344,28.950000762939453,23.229015350341797,923700
2013-09-13,28.920000076293945,29.0,28.489999771118164,28.989999771118164,23.261098861694336,1344100
2013-09-16,29.399999618530273,29.459999084472656,29.049999237060547,29.290000915527344,23.50181770324707,1013500
2013-09-17,29.3799991607666,29.479999542236328,29.110000610351562,29.43000030517578,23.614147186279297,716500
2013-09-18,29.479999542236328,29.5,28.389999389648438,28.75,23.06852912902832,3044600
2013-09-19,28.75,28.829999923706055,27.360000610351562,27.959999084472656,22.434646606445312,5080000
2013-09-20,27.979999542236328,28.270000457763672,27.920000076293945,27.969999313354492,22.442672729492188,2684900
2013-09-23,28.030000686645508,28.049999237060547,27.18000030517578,27.6200008392334,22.161840438842773,2268000
2013-09-24,27.600000381469727,27.8799991607666,27.3799991607666,27.610000610351562,22.153812408447266,2644300
2013-09-25,27.709999084472656,27.829999923706055,27.18000030517578,27.610000610351562,22.153812408447266,1735600
2013-09-26,27.6200008392334,28.06999969482422,27.1299991607666,27.260000228881836,21.872982025146484,1947700
2013-09-27,27.030000686645508,27.440000534057617,27.0,27.329999923706055,21.929147720336914,2020500
2013-09-30,27.0,27.520000457763672,26.790000915527344,27.420000076293945,22.001358032226562,1260400
2013-10-01,27.440000534057617,28.010000228881836,27.299999237060547,27.959999084472656,22.434646606445312,1698600
2013-10-02,27.68000030517578,27.75,27.25,27.290000915527344,21.89705467224121,1930700
2013-10-03,27.139999389648438,27.3799991607666,26.989999771118164,27.079999923706055,21.728551864624023,1934700
2013-10-04,27.110000610351562,27.850000381469727,27.020000457763672,27.84000015258789,22.338361740112305,1570600
2013-10-07,27.25,27.440000534057617,27.110000610351562,27.110000610351562,21.752622604370117,1124500
2013-10-08,27.059999465942383,27.329999923706055,26.950000762939453,26.979999542236328,21.648313522338867,1473600
2013-10-09,26.989999771118164,27.200000762939453,26.889999389648438,26.889999389648438,21.576095581054688,1597500
2013-10-10,27.100000381469727,27.979999542236328,27.100000381469727,27.959999084472656,22.434646606445312,2813800
2013-10-11,27.579999923706055,28.440000534057617,27.43000030517578,28.31999969482422,22.72350311279297,2529100
2013-10-14,28.059999465942383,28.6200008392334,27.65999984741211,28.540000915527344,22.900035858154297,1456800
2013-10-15,28.420000076293945,28.790000915527344,28.200000762939453,28.450000762939453,22.827817916870117,2679600
2013-10-16,28.59000015258789,29.190000534057617,28.440000534057617,29.020000457763672,23.28517723083496,1649500
2013-10-17,28.780000686645508,29.3799991607666,28.649999618530273,29.270000457763672,23.485767364501953,1731100
2013-10-18,29.43000030517578,30.049999237060547,29.020000457763672,29.90999984741211,23.999296188354492,2531200
2013-10-21,30.040000915527344,30.06999969482422,29.690000534057617,29.860000610351562,23.95917510986328,2533500
2013-10-22,28.100000381469727,28.510000228881836,27.3700008392334,27.8700008392334,22.36243438720703,10691200
2013-10-23,27.649999618530273,28.139999389648438,27.520000457763672,28.1299991607666,22.571060180664062,4293300
2013-10-24,28.200000762939453,28.510000228881836,28.010000228881836,28.469999313354492,22.843856811523438,2633100
2013-10-25,28.530000686645508,28.780000686645508,28.420000076293945,28.510000228881836,22.875957489013672,2070400
2013-10-28,28.5,28.719999313354492,28.31999969482422,28.59000015258789,22.94014549255371,1981600
2013-10-29,28.719999313354492,28.729999542236328,28.260000228881836,28.440000534057617,22.819791793823242,2092400
2013-10-30,28.43000030517578,28.639999389648438,28.40999984741211,28.43000030517578,22.811765670776367,1557100
2013-10-31,28.3700008392334,28.56999969482422,28.239999771118164,28.399999618530273,22.78769874572754,1798500
2013-11-01,28.459999084472656,28.670000076293945,28.329999923706055,28.420000076293945,22.80373764038086,1563900
2013-11-04,28.479999542236328,28.6299991607666,28.3799991607666,28.399999618530273,22.78769874572754,1313600
2013-11-05,28.239999771118164,28.709999084472656,28.209999084472656,28.690000534057617,23.0203857421875,2419500
2013-11-06,28.700000762939453,28.90999984741211,28.559999465942383,28.860000610351562,23.156795501708984,1528200
2013-11-07,28.8799991607666,29.139999389648438,28.219999313354492,28.239999771118164,22.659324645996094,2285900
2013-11-08,28.1299991607666,29.670000076293945,28.06999969482422,29.639999389648438,23.782651901245117,2271100
2013-11-11,29.709999084472656,29.8799991607666,29.100000381469727,29.209999084472656,23.437625885009766,1878300
2013-11-12,29.110000610351562,29.280000686645508,28.75,28.889999389648438,23.180864334106445,1071800
2013-11-13,28.739999771118164,28.989999771118164,28.520000457763672,28.989999771118164,23.261098861694336,1478200
2013-11-14,29.139999389648438,29.200000762939453,28.729999542236328,29.1200008392334,23.36541175842285,1299300
2013-11-15,29.43000030517578,29.469999313354492,28.90999984741211,29.200000762939453,23.429601669311523,1496600
2013-11-18,29.299999237060547,29.5,28.809999465942383,28.8700008392334,23.16481590270996,1293900
2013-11-19,28.15999984741211,28.6200008392334,27.610000610351562,28.209999084472656,22.635238647460938,2785500
2013-11-20,28.219999313354492,28.559999465942383,28.049999237060547,28.270000457763672,22.715600967407227,2468800
2013-11-21,28.5,29.219999313354492,28.309999465942383,29.079999923706055,23.366451263427734,1641700
2013-11-22,29.170000076293945,29.389999389648438,28.829999923706055,29.389999389648438,23.615543365478516,1391400
2013-11-25,29.56999969482422,29.729999542236328,29.360000610351562,29.450000762939453,23.66375160217285,1001900
2013-11-26,29.459999084472656,29.709999084472656,29.020000457763672,29.139999389648438,23.414661407470703,2271800
2013-11-27,29.18000030517578,29.59000015258789,29.110000610351562,29.489999771118164,23.69588851928711,1565900
2013-11-29,29.549999237060547,29.59000015258789,29.290000915527344,29.329999923706055,23.56733512878418,425700
2013-12-02,29.34000015258789,29.899999618530273,29.15999984741211,29.200000762939453,23.462873458862305,2019400
2013-12-03,29.059999465942383,29.239999771118164,28.6299991607666,28.8799991607666,23.20574378967285,1629900
2013-12-04,28.829999923706055,29.469999313354492,28.729999542236328,29.260000228881836,23.511083602905273,1358900
2013-12-05,29.15999984741211,29.5,28.989999771118164,29.15999984741211,23.43073081970215,1252500
2013-12-06,29.56999969482422,29.770000457763672,29.389999389648438,29.729999542236328,23.888742446899414,1294700
2013-12-09,29.770000457763672,29.969999313354492,29.610000610351562,29.670000076293945,23.84052276611328,2087400
2013-12-10,29.610000610351562,30.0,29.239999771118164,29.299999237060547,23.54322052001953,2705700
2013-12-11,29.190000534057617,29.360000610351562,28.469999313354492,28.520000457763672,22.916475296020508,2200600
2013-12-12,28.469999313354492,29.149999618530273,28.31999969482422,28.780000686645508,23.125394821166992,2391900
2013-12-13,28.81999969482422,29.059999465942383,28.43000030517578,28.469999313354492,22.876293182373047,1520600
2013-12-16,28.15999984741211,28.68000030517578,27.979999542236328,28.559999465942383,22.94861602783203,5203100
2013-12-17,28.280000686645508,28.440000534057617,27.920000076293945,28.06999969482422,22.554893493652344,2732900
2013-12-18,28.149999618530273,28.920000076293945,27.959999084472656,28.81999969482422,23.157535552978516,4911700
2013-12-19,28.469999313354492,29.290000915527344,28.469999313354492,29.219999313354492,23.47894287109375,2651500
2013-12-20,29.670000076293945,29.670000076293945,29.1200008392334,29.219999313354492,23.47894287109375,3550400
2013-12-23,29.360000610351562,29.780000686645508,29.229999542236328,29.719999313354492,23.880706787109375,1437500
2013-12-24,29.790000915527344,29.940000534057617,29.670000076293945,29.84000015258789,23.97712516784668,672200
2013-12-26,29.8700008392334,29.940000534057617,29.540000915527344,29.84000015258789,23.97712516784668,893100
2013-12-27,29.719999313354492,29.989999771118164,29.649999618530273,29.790000915527344,23.936948776245117,808300
2013-12-30,29.8799991607666,29.969999313354492,29.729999542236328,29.850000381469727,23.98516082763672,895300
2013-12-31,29.93000030517578,30.1299991607666,29.760000228881836,29.959999084472656,24.073549270629883,1077400
2014-01-02,29.899999618530273,29.979999542236328,29.6200008392334,29.649999618530273,23.82445526123047,1356700
2014-01-03,29.739999771118164,29.90999984741211,29.170000076293945,29.860000610351562,23.993192672729492,1122500
2014-01-06,29.950000762939453,30.1299991607666,29.579999923706055,29.649999618530273,23.82445526123047,1988200
2014-01-07,29.8799991607666,29.979999542236328,29.56999969482422,29.739999771118164,23.896770477294922,1343200
2014-01-08,29.700000762939453,30.0,29.59000015258789,30.0,24.105688095092773,2034700
2014-01-09,30.149999618530273,30.450000762939453,30.030000686645508,30.219999313354492,24.282468795776367,1800700
2014-01-10,30.139999389648438,30.18000030517578,29.84000015258789,30.059999465942383,24.153902053833008,1576900
2014-01-13,29.899999618530273,30.030000686645508,29.530000686645508,29.649999618530273,23.82445526123047,1582900
2014-01-14,29.719999313354492,29.799999237060547,29.329999923706055,29.670000076293945,23.84052276611328,1743100
2014-01-15,29.899999618530273,30.219999313354492,29.780000686645508,30.18000030517578,24.250328063964844,1976500
2014-01-16,30.079999923706055,30.079999923706055,29.670000076293945,29.81999969482422,23.961055755615234,1132200
2014-01-17,29.90999984741211,30.3700008392334,29.6200008392334,30.15999984741211,24.2342586517334,1489600
2014-01-21,30.399999618530273,31.809999465942383,30.360000610351562,31.469999313354492,25.286869049072266,5442900
2014-01-22,31.760000228881836,32.290000915527344,31.549999237060547,31.780000686645508,25.535959243774414,3902600
2014-01-23,31.59000015258789,31.829999923706055,30.8700008392334,31.15999984741211,25.037778854370117,2885400
2014-01-24,30.959999084472656,31.06999969482422,30.219999313354492,30.229999542236328,24.290496826171875,2511300
2014-01-27,30.3799991607666,30.540000915527344,29.799999237060547,29.93000030517578,24.04944610595703,3128100
2014-01-28,29.420000076293945,30.06999969482422,29.420000076293945,29.760000228881836,23.912845611572266,3586200
2014-01-29,29.360000610351562,29.579999923706055,29.1299991607666,29.18000030517578,23.446807861328125,3114800
2014-01-30,29.3700008392334,29.469999313354492,29.040000915527344,29.350000381469727,23.58340072631836,1624600
2014-01-31,29.0,29.190000534057617,28.719999313354492,28.75,23.10128402709961,2373000
2014-02-03,28.59000015258789,28.809999465942383,27.81999969482422,27.90999984741211,22.426326751708984,2743700
2014-02-04,28.010000228881836,28.959999084472656,27.969999313354492,28.579999923706055,22.964689254760742,3035600
2014-02-05,29.0,29.020000457763672,28.34000015258789,28.729999542236328,23.08521270751953,3457200
2014-02-06,28.75,29.1299991607666,28.610000610351562,29.040000915527344,23.334314346313477,1274000
2014-02-07,29.200000762939453,29.469999313354492,28.81999969482422,28.93000030517578,23.245920181274414,2027700
2014-02-10,29.600000381469727,29.639999389648438,29.149999618530273,29.559999465942383,23.75214195251465,2096500
2014-02-11,29.530000686645508,29.969999313354492,29.270000457763672,29.920000076293945,24.04140281677246,1566900
2014-02-12,29.940000534057617,30.489999771118164,29.8700008392334,30.100000381469727,24.18604278564453,2267800
2014-02-13,29.90999984741211,30.40999984741211,29.600000381469727,30.329999923706055,24.370851516723633,2271400
2014-02-14,30.690000534057617,31.149999618530273,30.450000762939453,30.899999618530273,24.828855514526367,2409300
2014-02-18,31.0,31.239999771118164,30.81999969482422,30.920000076293945,24.877138137817383,1872400
2014-02-19,30.84000015258789,30.8700008392334,30.059999465942383,30.1200008392334,24.233478546142578,2595600
2014-02-20,30.15999984741211,30.209999084472656,29.709999084472656,29.829999923706055,24.00016212463379,2255700
2014-02-21,29.84000015258789,30.1299991607666,29.739999771118164,29.90999984741211,24.06452751159668,2357400
2014-02-24,29.90999984741211,30.559999465942383,29.889999389648438,30.290000915527344,24.370262145996094,2027200
2014-02-25,30.329999923706055,30.34000015258789,29.959999084472656,30.260000228881836,24.34612464904785,1179500
2014-02-26,30.25,30.639999389648438,30.170000076293945,30.530000686645508,24.563356399536133,1769500
2014-02-27,30.469999313354492,30.799999237060547,30.31999969482422,30.790000915527344,24.772546768188477,1237600
2014-02-28,30.860000610351562,31.40999984741211,30.540000915527344,31.200000762939453,25.102415084838867,2727600
2014-03-03,30.889999389648438,31.059999465942383,30.690000534057617,30.920000076293945,24.877138137817383,1640000
2014-03-04,31.200000762939453,31.6200008392334,30.93000030517578,31.40999984741211,25.271377563476562,1396000
2014-03-05,31.31999969482422,31.479999542236328,31.1200008392334,31.31999969482422,25.198963165283203,1431300
2014-03-06,31.389999389648438,31.65999984741211,31.229999542236328,31.450000762939453,25.303556442260742,1091300
2014-03-07,31.709999084472656,32.02000045776367,31.540000915527344,31.56999969482422,25.400100708007812,1971100
2014-03-10,31.479999542236328,31.670000076293945,31.389999389648438,31.520000457763672,25.359874725341797,2220400
2014-03-11,31.520000457763672,31.6299991607666,31.139999389648438,31.469999313354492,25.319644927978516,1610800
2014-03-12,31.399999618530273,31.5,31.1200008392334,31.450000762939453,25.303556442260742,1481200
2014-03-13,31.559999465942383,31.81999969482422,31.229999542236328,31.3799991607666,25.247234344482422,1555400
2014-03-14,31.260000228881836,31.59000015258789,31.18000030517578,31.350000381469727,25.223100662231445,1030000
2014-03-17,31.690000534057617,31.690000534057617,31.260000228881836,31.40999984741211,25.271377563476562,1309500
2014-03-18,31.360000610351562,31.579999923706055,31.25,31.43000030517578,25.287460327148438,1158400
2014-03-19,31.3799991607666,32.33000183105469,31.209999084472656,31.969999313354492,25.72193145751953,3094800
2014-03-20,31.84000015258789,33.33000183105469,31.700000762939453,32.9900016784668,26.542587280273438,5481000
2014-03-21,32.54999923706055,32.54999923706055,30.8799991607666,31.239999771118164,25.134597778320312,15681100
2014-03-24,31.020000457763672,31.510000228881836,30.1299991607666,30.309999465942383,24.3863525390625,7469700
2014-03-25,30.399999618530273,30.899999618530273,30.15999984741211,30.600000381469727,24.619680404663086,4381400
2014-03-26,30.75,30.75,30.18000030517578,30.200000762939453,24.297855377197266,4781900
2014-03-27,30.389999389648438,30.389999389648438,29.3799991607666,29.829999923706055,24.00016212463379,6040700
2014-03-28,29.950000762939453,30.520000457763672,29.81999969482422,30.290000915527344,24.370262145996094,1918000
2014-03-31,30.440000534057617,31.09000015258789,30.440000534057617,30.979999542236328,24.92540740966797,2686200
2014-04-01,31.079999923706055,31.329999923706055,30.90999984741211,31.219999313354492,25.11850357055664,3614300
2014-04-02,31.270000457763672,31.75,31.059999465942383,31.690000534057617,25.496646881103516,4331200
2014-04-03,31.809999465942383,31.809999465942383,31.329999923706055,31.639999389648438,25.456418991088867,1575600
2014-04-04,31.729999542236328,31.8700008392334,31.299999237060547,31.3700008392334,25.239187240600586,2874100
2014-04-07,31.34000015258789,31.479999542236328,30.440000534057617,30.75,24.7403621673584,3231400
2014-04-08,30.670000076293945,30.90999984741211,30.3700008392334,30.549999237060547,24.57944107055664,2484300
2014-04-09,30.65999984741211,30.770000457763672,30.489999771118164,30.690000534057617,24.69208335876465,1783600
2014-04-10,30.670000076293945,30.719999313354492,29.549999237060547,29.579999923706055,23.79902458190918,2830500
2014-04-11,29.290000915527344,29.6200008392334,28.920000076293945,29.229999542236328,23.517417907714844,2897300
2014-04-14,29.649999618530273,29.920000076293945,28.90999984741211,29.280000686645508,23.55765151977539,2421800
2014-04-15,29.280000686645508,29.809999465942383,28.920000076293945,29.579999923706055,23.79902458190918,2718000
2014-04-16,29.729999542236328,29.899999618530273,29.31999969482422,29.8799991607666,24.040386199951172,2040000
2014-04-17,29.860000610351562,30.31999969482422,29.56999969482422,30.219999313354492,24.313945770263672,3507400
2014-04-21,30.239999771118164,30.360000610351562,29.860000610351562,30.229999542236328,24.321983337402344,2400200
2014-04-22,28.40999984741211,29.81999969482422,28.360000610351562,29.6200008392334,23.83120346069336,3765200
2014-04-23,29.700000762939453,29.84000015258789,29.43000030517578,29.799999237060547,23.976016998291016,1662300
2014-04-24,30.020000457763672,30.020000457763672,29.100000381469727,29.15999984741211,23.461101531982422,2400700
2014-04-25,29.06999969482422,29.309999465942383,28.90999984741211,29.0,23.332368850708008,1946700
2014-04-28,29.030000686645508,29.18000030517578,28.5,28.649999618530273,23.0507755279541,1823700
2014-04-29,28.790000915527344,29.049999237060547,28.68000030517578,28.90999984741211,23.259960174560547,2102200
2014-04-30,28.780000686645508,29.040000915527344,28.690000534057617,28.920000076293945,23.268009185791016,1902300
2014-05-01,28.8700008392334,29.100000381469727,28.40999984741211,28.610000610351562,23.018585205078125,2631000
2014-05-02,28.59000015258789,29.360000610351562,28.59000015258789,28.84000015258789,23.203645706176758,1772900
2014-05-05,28.719999313354492,28.799999237060547,28.360000610351562,28.739999771118164,23.123188018798828,3120200
2014-05-06,28.770000457763672,28.84000015258789,28.1299991607666,28.290000915527344,22.761131286621094,2397800
2014-05-07,28.3799991607666,28.790000915527344,28.31999969482422,28.760000228881836,23.1392765045166,1820200
2014-05-08,28.670000076293945,29.309999465942383,28.670000076293945,28.969999313354492,23.308237075805664,2272300
2014-05-09,29.06999969482422,29.290000915527344,28.899999618530273,29.040000915527344,23.364559173583984,2207500
2014-05-12,29.09000015258789,29.65999984741211,29.09000015258789,29.610000610351562,23.823156356811523,6201900
2014-05-13,29.56999969482422,29.6200008392334,29.170000076293945,29.229999542236328,23.517417907714844,1633900
2014-05-14,29.149999618530273,29.469999313354492,28.34000015258789,28.420000076293945,22.865726470947266,1954800
2014-05-15,28.290000915527344,28.469999313354492,27.670000076293945,28.270000457763672,22.745044708251953,1789300
2014-05-16,28.06999969482422,28.190000534057617,27.649999618530273,28.020000457763672,22.54389762878418,1552400
2014-05-19,27.889999389648438,28.43000030517578,27.889999389648438,28.299999237060547,22.769180297851562,1096900
2014-05-20,28.209999084472656,28.309999465942383,27.90999984741211,28.200000762939453,22.720840454101562,1663500
2014-05-21,28.360000610351562,28.6200008392334,28.209999084472656,28.389999389648438,22.873924255371094,1259200
2014-05-22,28.3799991607666,28.6299991607666,28.299999237060547,28.43000030517578,22.90614891052246,1143900
2014-05-23,28.5,28.559999465942383,28.31999969482422,28.43000030517578,22.90614891052246,994000
2014-05-27,28.5,28.860000610351562,28.40999984741211,28.5,22.96254539489746,1496800
2014-05-28,28.450000762939453,28.6299991607666,28.239999771118164,28.469999313354492,22.938364028930664,1553800
2014-05-29,28.540000915527344,28.65999984741211,28.360000610351562,28.600000381469727,23.043115615844727,1196600
2014-05-30,28.469999313354492,28.799999237060547,28.309999465942383,28.59000015258789,23.035057067871094,876800
2014-06-02,28.610000610351562,28.899999618530273,28.270000457763672,28.84000015258789,23.236488342285156,1695700
2014-06-03,28.65999984741211,29.1299991607666,28.600000381469727,28.959999084472656,23.333162307739258,1109100
2014-06-04,28.850000381469727,29.1200008392334,28.790000915527344,28.889999389648438,23.27676773071289,904900
2014-06-05,28.8700008392334,29.399999618530273,28.690000534057617,29.329999923706055,23.631282806396484,1189700
2014-06-06,29.34000015258789,29.84000015258789,29.299999237060547,29.790000915527344,24.001901626586914,2154300
2014-06-09,29.68000030517578,30.229999542236328,29.68000030517578,30.059999465942383,24.219440460205078,2289600
2014-06-10,30.049999237060547,30.229999542236328,29.799999237060547,30.100000381469727,24.251670837402344,839600
2014-06-11,29.899999618530273,29.979999542236328,29.700000762939453,29.829999923706055,24.034130096435547,1065000
2014-06-12,29.770000457763672,30.100000381469727,29.489999771118164,29.549999237060547,23.80853271484375,2212200
2014-06-13,29.670000076293945,29.93000030517578,29.469999313354492,29.6200008392334,23.864931106567383,1619600
2014-06-16,29.510000228881836,29.6200008392334,29.100000381469727,29.18000030517578,23.510427474975586,1328800
2014-06-17,29.15999984741211,29.8700008392334,29.100000381469727,29.770000457763672,23.985790252685547,2694200
2014-06-18,29.770000457763672,29.860000610351562,29.530000686645508,29.809999465942383,24.01801300048828,2072500
2014-06-19,29.81999969482422,29.860000610351562,29.479999542236328,29.75,23.969675064086914,921800
2014-06-20,29.950000762939453,30.389999389648438,29.93000030517578,30.110000610351562,24.25973129272461,3417400
2014-06-23,30.059999465942383,30.18000030517578,29.84000015258789,30.040000915527344,24.203330993652344,1542000
2014-06-24,29.950000762939453,30.329999923706055,29.549999237060547,29.610000610351562,23.85687255859375,1712100
2014-06-25,29.5,29.799999237060547,29.270000457763672,29.639999389648438,23.88104248046875,1963000
2014-06-26,29.559999465942383,29.809999465942383,29.25,29.770000457763672,23.985790252685547,1120700
2014-06-27,29.690000534057617,29.860000610351562,29.549999237060547,29.639999389648438,23.88104248046875,2157500
2014-06-30,29.600000381469727,29.700000762939453,29.360000610351562,29.469999313354492,23.74407386779785,1358900
2014-07-01,29.5,29.8799991607666,29.440000534057617,29.5,23.768247604370117,1849700
2014-07-02,29.530000686645508,29.709999084472656,29.239999771118164,29.34000015258789,23.63933563232422,1417600
2014-07-03,29.610000610351562,30.1200008392334,29.549999237060547,29.770000457763672,23.985790252685547,1428000
2014-07-07,29.719999313354492,29.799999237060547,29.40999984741211,29.770000457763672,23.985790252685547,1986900
2014-07-08,29.709999084472656,29.739999771118164,29.31999969482422,29.389999389648438,23.67961883544922,1694100
2014-07-09,30.889999389648438,30.889999389648438,29.450000762939453,29.739999771118164,23.961612701416016,1779100
2014-07-10,29.31999969482422,29.510000228881836,29.239999771118164,29.3700008392334,23.66350555419922,1945100
2014-07-11,29.200000762939453,29.739999771118164,29.020000457763672,29.700000762939453,23.929391860961914,1666500
2014-07-14,29.90999984741211,30.040000915527344,29.5,29.530000686645508,23.79242515563965,1484200
2014-07-15,29.649999618530273,29.8700008392334,29.1200008392334,29.459999084472656,23.736021041870117,2509900
2014-07-16,29.450000762939453,29.510000228881836,29.190000534057617,29.260000228881836,23.574878692626953,1305800
2014-07-17,29.18000030517578,29.18000030517578,28.399999618530273,28.520000457763672,22.978654861450195,2860200
2014-07-18,28.770000457763672,29.030000686645508,28.549999237060547,28.780000686645508,23.188146591186523,1479300
2014-07-21,28.59000015258789,28.809999465942383,28.489999771118164,28.639999389648438,23.075345993041992,1273500
2014-07-22,29.030000686645508,29.290000915527344,28.600000381469727,29.149999618530273,23.486249923706055,2805500
2014-07-23,29.1200008392334,29.190000534057617,28.950000762939453,29.049999237060547,23.40567970275879,1354700
2014-07-24,29.149999618530273,29.540000915527344,29.149999618530273,29.489999771118164,23.76018524169922,1042400
2014-07-25,30.25,30.469999313354492,29.780000686645508,30.059999465942383,24.219440460205078,4663600
2014-07-28,30.100000381469727,30.110000610351562,29.299999237060547,29.420000076293945,23.70378875732422,15091700
2014-07-29,29.600000381469727,29.68000030517578,29.290000915527344,29.329999923706055,23.631282806396484,5593400
2014-07-30,29.25,29.639999389648438,28.989999771118164,29.059999465942383,23.413742065429688,7245400
2014-07-31,28.860000610351562,29.15999984741211,28.780000686645508,28.81999969482422,23.220373153686523,4320100
2014-08-01,28.700000762939453,29.0,28.260000228881836,28.360000610351562,22.849746704101562,5572900
2014-08-04,28.31999969482422,28.5,27.989999771118164,28.1299991607666,22.664432525634766,4658000
2014-08-05,27.950000762939453,28.440000534057617,27.950000762939453,28.030000686645508,22.583866119384766,3093900
2014-08-06,27.950000762939453,28.270000457763672,27.809999465942383,27.979999542236328,22.543577194213867,2748200
2014-08-07,28.040000915527344,28.170000076293945,27.510000228881836,27.549999237060547,22.197126388549805,3332900
2014-08-08,27.649999618530273,27.959999084472656,27.440000534057617,27.940000534057617,22.5113525390625,2626100
2014-08-11,27.90999984741211,28.1200008392334,27.799999237060547,27.850000381469727,22.4388427734375,1394700
2014-08-12,27.809999465942383,27.969999313354492,27.610000610351562,27.790000915527344,22.390499114990234,1793900
2014-08-13,27.56999969482422,27.989999771118164,27.530000686645508,27.979999542236328,22.543577194213867,2335900
2014-08-14,28.0,28.280000686645508,27.93000030517578,28.219999313354492,22.7369441986084,1261600
2014-08-15,28.309999465942383,28.350000381469727,27.940000534057617,28.1200008392334,22.6563777923584,1564800
2014-08-18,28.260000228881836,28.6200008392334,28.200000762939453,28.469999313354492,22.938364028930664,1403300
2014-08-19,28.40999984741211,28.56999969482422,28.350000381469727,28.3700008392334,22.889963150024414,1509200
2014-08-20,28.3799991607666,28.719999313354492,28.200000762939453,28.649999618530273,23.11587905883789,2024200
2014-08-21,28.59000015258789,29.079999923706055,28.34000015258789,29.010000228881836,23.406339645385742,3517400
2014-08-22,28.90999984741211,29.229999542236328,28.719999313354492,29.040000915527344,23.4305419921875,2561100
2014-08-25,28.93000030517578,29.3700008392334,28.93000030517578,29.149999618530273,23.51929473876953,1342500
2014-08-26,29.209999084472656,29.3700008392334,29.1299991607666,29.25,23.599979400634766,1258400
2014-08-27,29.360000610351562,29.469999313354492,29.059999465942383,29.34000015258789,23.672592163085938,2830200
2014-08-28,29.190000534057617,29.309999465942383,28.969999313354492,29.139999389648438,23.511226654052734,2022800
2014-08-29,29.260000228881836,29.290000915527344,29.059999465942383,29.139999389648438,23.511226654052734,2365200
2014-09-02,29.270000457763672,29.459999084472656,29.15999984741211,29.360000610351562,23.688732147216797,1791000
2014-09-03,29.5,29.520000457763672,29.1200008392334,29.219999313354492,23.575767517089844,2406200
2014-09-04,29.309999465942383,29.540000915527344,29.170000076293945,29.229999542236328,23.583845138549805,1979700
2014-09-05,29.1200008392334,29.1200008392334,28.729999542236328,29.06999969482422,23.45475196838379,2289800
2014-09-08,29.0,29.219999313354492,28.920000076293945,28.969999313354492,23.374069213867188,1956800
2014-09-09,28.829999923706055,28.850000381469727,28.40999984741211,28.709999084472656,23.164289474487305,1638200
2014-09-10,28.450000762939453,29.190000534057617,28.450000762939453,29.149999618530273,23.51929473876953,2157300
2014-09-11,29.309999465942383,29.309999465942383,29.0,29.290000915527344,23.632253646850586,2188800
2014-09-12,29.309999465942383,29.649999618530273,29.1299991607666,29.579999923706055,23.86623764038086,2559800
2014-09-15,29.600000381469727,29.600000381469727,29.329999923706055,29.450000762939453,23.761350631713867,2469000
2014-09-16,29.3700008392334,29.579999923706055,29.15999984741211,29.190000534057617,23.551570892333984,2737400
2014-09-17,29.270000457763672,29.81999969482422,29.09000015258789,29.530000686645508,23.825895309448242,3073300
2014-09-18,29.649999618530273,30.1299991607666,29.540000915527344,29.8700008392334,24.100221633911133,4025500
2014-09-19,30.34000015258789,30.459999084472656,29.790000915527344,30.010000228881836,24.21317481994629,5361300
2014-09-22,30.020000457763672,30.209999084472656,29.6299991607666,29.649999618530273,23.922718048095703,3007900
2014-09-23,29.540000915527344,29.670000076293945,29.190000534057617,29.270000457763672,23.616119384765625,3744400
2014-09-24,29.34000015258789,29.469999313354492,29.079999923706055,29.299999237060547,23.64031982421875,1961900
2014-09-25,29.18000030517578,29.290000915527344,28.65999984741211,28.920000076293945,23.333723068237305,2832900
2014-09-26,28.950000762939453,29.309999465942383,28.8799991607666,29.229999542236328,23.583845138549805,2373900
2014-09-29,28.969999313354492,29.239999771118164,28.860000610351562,29.190000534057617,23.551570892333984,2338700
2014-09-30,29.18000030517578,29.280000686645508,28.950000762939453,29.059999465942383,23.446680068969727,2804900
2014-10-01,29.030000686645508,29.079999923706055,28.450000762939453,28.540000915527344,23.027124404907227,2534000
2014-10-02,28.479999542236328,28.639999389648438,28.040000915527344,28.520000457763672,23.010990142822266,2571100
2014-10-03,28.790000915527344,28.969999313354492,28.690000534057617,28.850000381469727,23.277244567871094,2055900
2014-10-06,28.920000076293945,29.040000915527344,28.579999923706055,28.59000015258789,23.06747055053711,1674700
2014-10-07,28.440000534057617,28.600000381469727,28.0,28.010000228881836,22.599498748779297,2647000
2014-10-08,27.950000762939453,28.3799991607666,27.809999465942383,28.329999923706055,22.857688903808594,2554100
2014-10-09,28.260000228881836,28.299999237060547,27.639999389648438,27.639999389648438,22.300973892211914,2546000
2014-10-10,27.610000610351562,27.93000030517578,27.31999969482422,27.329999923706055,22.050857543945312,2372800
2014-10-13,27.3799991607666,27.59000015258789,26.950000762939453,26.979999542236328,21.768465042114258,2576200
2014-10-14,27.079999923706055,27.280000686645508,26.510000228881836,26.670000076293945,21.518341064453125,4646600
2014-10-15,26.200000762939453,26.389999389648438,25.209999084472656,25.959999084472656,20.945486068725586,7145900
2014-10-16,25.200000762939453,26.280000686645508,25.020000457763672,26.200000762939453,21.139131546020508,2948000
2014-10-17,26.530000686645508,26.6200008392334,26.09000015258789,26.329999923706055,21.2440128326416,3534800
2014-10-20,26.239999771118164,26.389999389648438,26.100000381469727,26.229999542236328,21.163330078125,3375700
2014-10-21,26.290000915527344,27.299999237060547,26.110000610351562,27.209999084472656,21.954030990600586,6145200
2014-10-22,27.31999969482422,27.459999084472656,27.06999969482422,27.079999923706055,21.849143981933594,2417200
2014-10-23,27.299999237060547,27.809999465942383,27.299999237060547,27.440000534057617,22.139606475830078,2959400
2014-10-24,27.479999542236328,27.649999618530273,27.239999771118164,27.530000686645508,22.21222686767578,2226100
2014-10-27,27.489999771118164,27.68000030517578,27.420000076293945,27.649999618530273,22.309043884277344,2051700
2014-10-28,27.719999313354492,28.40999984741211,27.510000228881836,28.40999984741211,22.922237396240234,1823400
2014-10-29,28.420000076293945,28.84000015258789,28.15999984741211,28.780000686645508,23.22076416015625,2093300
2014-10-30,28.6299991607666,28.899999618530273,28.43000030517578,28.68000030517578,23.140077590942383,1497400
2014-10-31,28.860000610351562,29.0,28.760000228881836,28.969999313354492,23.374069213867188,2265200
2014-11-03,29.0,29.270000457763672,28.8700008392334,29.059999465942383,23.446680068969727,1415300
2014-11-04,29.010000228881836,29.399999618530273,28.850000381469727,29.3799991607666,23.70486831665039,2434700
2014-11-05,29.65999984741211,29.739999771118164,29.40999984741211,29.5,23.80169677734375,2001500
2014-11-06,29.540000915527344,29.75,29.350000381469727,29.690000534057617,23.954986572265625,1400700
2014-11-07,29.59000015258789,29.809999465942383,29.520000457763672,29.670000076293945,23.93885612487793,1490100
2014-11-10,29.59000015258789,29.850000381469727,29.43000030517578,29.670000076293945,23.93885612487793,1568700
2014-11-11,29.690000534057617,29.770000457763672,29.5,29.59000015258789,23.874305725097656,1090200
2014-11-12,29.420000076293945,29.790000915527344,29.420000076293945,29.760000228881836,24.011470794677734,1450100
2014-11-13,29.790000915527344,29.93000030517578,29.190000534057617,29.280000686645508,23.624183654785156,2139600
2014-11-14,29.299999237060547,29.459999084472656,29.0,29.139999389648438,23.511226654052734,1608200
2014-11-17,29.059999465942383,29.110000610351562,28.690000534057617,28.889999389648438,23.309518814086914,1963500
2014-11-18,28.920000076293945,29.139999389648438,28.920000076293945,29.0,23.430707931518555,1069400
2014-11-19,29.010000228881836,29.059999465942383,28.649999618530273,28.68000030517578,23.172161102294922,1747900
2014-11-20,28.450000762939453,29.0,28.3799991607666,28.989999771118164,23.422630310058594,1849300
2014-11-21,29.219999313354492,29.459999084472656,29.079999923706055,29.18000030517578,23.57613754272461,2998100
2014-11-24,29.290000915527344,29.5,29.170000076293945,29.329999923706055,23.69733238220215,1319300
2014-11-25,29.290000915527344,29.3700008392334,28.950000762939453,29.020000457763672,23.446870803833008,2446500
2014-11-26,28.979999542236328,29.09000015258789,28.799999237060547,28.889999389648438,23.341838836669922,887200
2014-11-28,28.969999313354492,29.0,27.959999084472656,28.059999465942383,22.671234130859375,1766200
2014-12-01,27.90999984741211,27.950000762939453,26.90999984741211,27.260000228881836,22.024873733520508,3945000
2014-12-02,27.309999465942383,27.790000915527344,27.209999084472656,27.530000686645508,22.243022918701172,1770900
2014-12-03,27.459999084472656,28.059999465942383,27.440000534057617,27.860000610351562,22.50965118408203,1698600
2014-12-04,27.530000686645508,27.979999542236328,27.530000686645508,27.81999969482422,22.477319717407227,1296700
2014-12-05,28.010000228881836,29.0,27.959999084472656,28.600000381469727,23.10753059387207,4964100
2014-12-08,28.6200008392334,28.729999542236328,28.200000762939453,28.489999771118164,23.01865577697754,3777200
2014-12-09,28.100000381469727,28.299999237060547,27.059999465942383,28.280000686645508,22.848987579345703,3209800
2014-12-10,28.299999237060547,28.40999984741211,27.459999084472656,27.520000457763672,22.234941482543945,2700300
2014-12-11,27.709999084472656,27.899999618530273,27.34000015258789,27.40999984741211,22.14606285095215,2642100
2014-12-12,27.219999313354492,27.31999969482422,26.940000534057617,26.979999542236328,21.798643112182617,2933000
2014-12-15,27.100000381469727,27.420000076293945,26.799999237060547,26.81999969482422,21.66936683654785,2975300
2014-12-16,26.770000457763672,27.260000228881836,26.489999771118164,26.739999771118164,21.604736328125,3680100
2014-12-17,26.809999465942383,27.5,26.729999542236328,27.450000762939453,22.178382873535156,3567600
2014-12-18,27.940000534057617,28.200000762939453,27.690000534057617,28.200000762939453,22.784353256225586,2342700
2014-12-19,28.25,28.56999969482422,27.940000534057617,28.389999389648438,22.93785858154297,9852600
2014-12-22,28.40999984741211,28.489999771118164,28.010000228881836,28.18000030517578,22.768190383911133,1984300
2014-12-23,28.329999923706055,28.639999389648438,28.200000762939453,28.530000686645508,23.050973892211914,2204100
2014-12-24,28.549999237060547,28.649999618530273,28.280000686645508,28.520000457763672,23.042888641357422,1176800
2014-12-26,28.6200008392334,28.719999313354492,28.489999771118164,28.559999465942383,23.075210571289062,1014900
2014-12-29,28.40999984741211,28.889999389648438,28.399999618530273,28.719999313354492,23.204486846923828,1596600
2014-12-30,28.610000610351562,28.799999237060547,28.40999984741211,28.670000076293945,23.16408348083496,957700
2014-12-31,28.68000030517578,28.770000457763672,28.489999771118164,28.510000228881836,23.034818649291992,1470800
2015-01-02,28.670000076293945,28.719999313354492,28.059999465942383,28.290000915527344,22.857067108154297,2298700
2015-01-05,28.229999542236328,28.229999542236328,27.170000076293945,27.229999542236328,22.000633239746094,5326000
2015-01-06,27.200000762939453,27.329999923706055,25.979999542236328,26.190000534057617,21.160354614257812,9086500
2015-01-07,26.420000076293945,26.68000030517578,26.100000381469727,26.440000534057617,21.36234474182129,2759900
2015-01-08,26.700000762939453,26.950000762939453,26.59000015258789,26.809999465942383,21.661287307739258,1831500
2015-01-09,26.81999969482422,26.989999771118164,25.979999542236328,26.059999465942383,21.055322647094727,1877100
2015-01-12,25.989999771118164,26.020000457763672,25.559999465942383,25.65999984741211,20.732141494750977,1923500
2015-01-13,25.760000228881836,25.979999542236328,24.979999542236328,25.219999313354492,20.376636505126953,3721600
2015-01-14,24.860000610351562,25.149999618530273,24.389999389648438,24.790000915527344,20.029220581054688,4121400
2015-01-15,24.809999465942383,24.969999313354492,24.25,24.489999771118164,19.786832809448242,3293500
2015-01-16,24.469999313354492,24.81999969482422,24.459999084472656,24.780000686645508,20.02113914489746,3462400
2015-01-20,24.8700008392334,24.969999313354492,24.34000015258789,24.389999389648438,19.706039428710938,2361800
2015-01-21,24.350000381469727,24.760000228881836,24.229999542236328,24.450000762939453,19.754520416259766,2201800
2015-01-22,24.6200008392334,25.399999618530273,24.549999237060547,25.270000457763672,20.41703224182129,3001600
2015-01-23,25.209999084472656,25.399999618530273,24.770000457763672,24.809999465942383,20.04537582397461,1589400
2015-01-26,24.65999984741211,25.149999618530273,24.510000228881836,25.1200008392334,20.29584503173828,3854500
2015-01-27,24.260000228881836,25.09000015258789,23.780000686645508,24.709999084472656,19.964584350585938,4524200
2015-01-28,24.790000915527344,25.399999618530273,23.860000610351562,23.8700008392334,19.285905838012695,2822300
2015-01-29,23.920000076293945,24.290000915527344,23.719999313354492,24.25,19.592924118041992,2748200
2015-01-30,23.969999313354492,24.3799991607666,23.719999313354492,23.959999084472656,19.35861587524414,2481700
2015-02-02,24.1200008392334,24.700000762939453,23.899999618530273,24.6200008392334,19.89186668395996,2788800
2015-02-03,24.850000381469727,25.43000030517578,24.770000457763672,25.299999237060547,20.441274642944336,2981300
2015-02-04,25.149999618530273,25.420000076293945,24.770000457763672,24.81999969482422,20.05345344543457,2697800
2015-02-05,24.829999923706055,25.739999771118164,24.829999923706055,25.700000762939453,20.764461517333984,3078500
2015-02-06,26.040000915527344,26.700000762939453,25.989999771118164,26.09000015258789,21.079559326171875,3634500
2015-02-09,25.889999389648438,26.209999084472656,25.770000457763672,25.799999237060547,20.845252990722656,2354000
2015-02-10,25.850000381469727,25.950000762939453,25.559999465942383,25.670000076293945,20.740222930908203,1935200
2015-02-11,25.549999237060547,25.780000686645508,25.309999465942383,25.510000228881836,20.61094856262207,2082900
2015-02-12,25.68000030517578,26.31999969482422,25.510000228881836,26.270000457763672,21.22498893737793,2538900
2015-02-13,26.3799991607666,26.690000534057617,26.25,26.31999969482422,21.265390396118164,1716800
2015-02-17,26.25,26.6200008392334,26.040000915527344,26.600000381469727,21.52432632446289,2076800
2015-02-18,26.450000762939453,26.579999923706055,25.979999542236328,26.040000915527344,21.07118797302246,1519100
2015-02-19,25.850000381469727,26.200000762939453,25.530000686645508,25.959999084472656,21.00644874572754,1798400
2015-02-20,25.829999923706055,26.440000534057617,25.559999465942383,26.329999923706055,21.305849075317383,1882000
2015-02-23,26.209999084472656,26.34000015258789,26.06999969482422,26.309999465942383,21.28966522216797,2300300
2015-02-24,26.31999969482422,26.709999084472656,26.219999313354492,26.459999084472656,21.411043167114258,2259900
2015-02-25,26.450000762939453,26.540000915527344,26.389999389648438,26.459999084472656,21.411043167114258,1016300
2015-02-26,26.389999389648438,26.520000457763672,26.219999313354492,26.43000030517578,21.38677215576172,1354100
2015-02-27,26.520000457763672,26.950000762939453,26.34000015258789,26.739999771118164,21.637615203857422,2566400
2015-03-02,26.670000076293945,27.1200008392334,26.510000228881836,27.110000610351562,21.9370174407959,2101800
2015-03-03,26.760000228881836,27.15999984741211,26.760000228881836,27.0,21.848007202148438,3237400
2015-03-04,27.020000457763672,27.239999771118164,26.690000534057617,27.239999771118164,22.04220962524414,3223200
2015-03-05,27.350000381469727,27.450000762939453,26.8799991607666,27.420000076293945,22.187856674194336,2328100
2015-03-06,26.84000015258789,27.75,26.84000015258789,27.34000015258789,22.12312889099121,4850300
2015-03-09,27.329999923706055,27.59000015258789,27.219999313354492,27.459999084472656,22.220224380493164,1727600
2015-03-10,27.09000015258789,27.290000915527344,26.549999237060547,26.549999237060547,21.483867645263672,2973800
2015-03-11,26.56999969482422,27.1299991607666,26.5,27.079999923706055,21.912734985351562,3318800
2015-03-12,27.440000534057617,28.1200008392334,27.260000228881836,28.040000915527344,22.68956184387207,4569500
2015-03-13,28.020000457763672,28.020000457763672,27.200000762939453,27.59000015258789,22.32542610168457,2685000
2015-03-16,27.600000381469727,27.770000457763672,27.200000762939453,27.440000534057617,22.204042434692383,3349800
2015-03-17,27.18000030517578,27.3799991607666,27.059999465942383,27.350000381469727,22.131216049194336,4002800
2015-03-18,27.270000457763672,27.559999465942383,26.780000686645508,27.139999389648438,21.961288452148438,3776300
2015-03-19,27.059999465942383,27.1299991607666,26.399999618530273,26.510000228881836,21.45150375366211,2984700
2015-03-20,26.799999237060547,27.469999313354492,26.719999313354492,27.450000762939453,22.21213722229004,4265100
2015-03-23,27.450000762939453,27.530000686645508,27.149999618530273,27.260000228881836,22.058387756347656,1792300
2015-03-24,27.200000762939453,27.229999542236328,26.969999313354492,27.09000015258789,21.92082977294922,1955300
2015-03-25,27.149999618530273,27.149999618530273,26.469999313354492,26.479999542236328,21.427227020263672,1398800
2015-03-26,26.3799991607666,26.790000915527344,26.139999389648438,26.729999542236328,21.629520416259766,2469400
2015-03-27,26.610000610351562,26.75,26.190000534057617,26.420000076293945,21.378677368164062,1614300
2015-03-30,26.56999969482422,27.139999389648438,26.5,27.0,21.848007202148438,1588700
2015-03-31,26.829999923706055,27.059999465942383,26.65999984741211,27.0,21.848007202148438,1419300
2015-04-01,27.010000228881836,27.059999465942383,26.639999389648438,26.93000030517578,21.791358947753906,1537600
2015-04-02,26.8799991607666,27.190000534057617,26.81999969482422,27.110000610351562,21.9370174407959,1464600
2015-04-06,26.790000915527344,27.040000915527344,26.200000762939453,26.899999618530273,21.76708221435547,1555300
2015-04-07,26.799999237060547,27.350000381469727,26.790000915527344,27.209999084472656,22.017932891845703,1893600
2015-04-08,27.219999313354492,27.420000076293945,26.969999313354492,27.270000457763672,22.066482543945312,2169400
2015-04-09,27.229999542236328,27.59000015258789,27.059999465942383,27.540000915527344,22.284963607788086,2009600
2015-04-10,27.520000457763672,27.639999389648438,27.18000030517578,27.329999923706055,22.115034103393555,1110000
2015-04-13,27.350000381469727,27.799999237060547,27.290000915527344,27.649999618530273,22.37397575378418,1560900
2015-04-14,27.549999237060547,27.670000076293945,27.270000457763672,27.440000534057617,22.204042434692383,1304300
2015-04-15,27.399999618530273,28.110000610351562,27.239999771118164,27.920000076293945,22.59245491027832,2027200
2015-04-16,27.889999389648438,27.979999542236328,27.520000457763672,27.780000686645508,22.47917366027832,1438300
2015-04-17,27.59000015258789,27.84000015258789,27.299999237060547,27.389999389648438,22.16358184814453,1814700
2015-04-20,27.489999771118164,27.600000381469727,27.190000534057617,27.459999084472656,22.220224380493164,2732100
2015-04-21,27.280000686645508,27.6200008392334,26.940000534057617,27.219999313354492,22.02602767944336,2552700
2015-04-22,27.75,28.09000015258789,27.299999237060547,27.889999389648438,22.56818199157715,2669100
2015-04-23,27.719999313354492,27.920000076293945,27.530000686645508,27.700000762939453,22.41443634033203,1512000
2015-04-24,27.649999618530273,27.75,27.40999984741211,27.610000610351562,22.341609954833984,1447400
2015-04-27,27.719999313354492,27.979999542236328,27.329999923706055,27.489999771118164,22.244504928588867,1892600
2015-04-28,27.549999237060547,27.950000762939453,27.219999313354492,27.8799991607666,22.560087203979492,1430300
2015-04-29,27.770000457763672,28.450000762939453,27.719999313354492,28.290000915527344,22.89185333251953,2656900
2015-04-30,28.170000076293945,28.649999618530273,27.719999313354492,28.34000015258789,22.932313919067383,2752300
2015-05-01,28.520000457763672,28.6200008392334,28.200000762939453,28.31999969482422,22.916126251220703,1885400
2015-05-04,28.399999618530273,28.780000686645508,28.290000915527344,28.75,23.26407814025879,1830200
2015-05-05,28.719999313354492,29.09000015258789,28.600000381469727,28.639999389648438,23.17506217956543,2034200
2015-05-06,28.760000228881836,28.860000610351562,28.540000915527344,28.780000686645508,23.288358688354492,1948500
2015-05-07,28.649999618530273,28.760000228881836,28.389999389648438,28.579999923706055,23.12652015686035,3538400
2015-05-08,28.709999084472656,28.81999969482422,28.43000030517578,28.719999313354492,23.23979949951172,1907100
2015-05-11,28.690000534057617,28.8700008392334,28.56999969482422,28.719999313354492,23.23979949951172,1444700
2015-05-12,28.649999618530273,28.989999771118164,28.510000228881836,28.899999618530273,23.385461807250977,1540900
2015-05-13,28.8799991607666,29.170000076293945,28.68000030517578,29.139999389648438,23.579660415649414,1532100
2015-05-14,29.309999465942383,29.309999465942383,28.90999984741211,29.15999984741211,23.595842361450195,1756300
2015-05-15,29.3799991607666,29.3799991607666,28.600000381469727,28.739999771118164,23.255985260009766,1425800
2015-05-18,28.770000457763672,29.260000228881836,28.719999313354492,29.170000076293945,23.60394287109375,1290300
2015-05-19,29.299999237060547,29.520000457763672,29.139999389648438,29.43000030517578,23.86341094970703,1844500
2015-05-20,29.399999618530273,29.420000076293945,29.049999237060547,29.110000610351562,23.603939056396484,1176500
2015-05-21,28.610000610351562,29.200000762939453,28.5,29.09000015258789,23.58772087097168,1231200
2015-05-22,29.100000381469727,29.170000076293945,28.950000762939453,29.020000457763672,23.530961990356445,1094100
2015-05-26,28.8700008392334,29.1200008392334,28.799999237060547,28.959999084472656,23.4823055267334,1645700
2015-05-27,28.979999542236328,29.290000915527344,28.8700008392334,29.260000228881836,23.72556495666504,1434000
2015-05-28,29.110000610351562,29.299999237060547,28.979999542236328,29.1200008392334,23.612045288085938,1435900
2015-05-29,29.209999084472656,29.270000457763672,28.860000610351562,28.8799991607666,23.41744041442871,2361100
2015-06-01,29.040000915527344,29.06999969482422,28.299999237060547,28.600000381469727,23.190406799316406,3798000
2015-06-02,29.959999084472656,30.600000381469727,29.809999465942383,30.520000457763672,24.74724769592285,10810200
2015-06-03,30.600000381469727,31.25,30.420000076293945,30.920000076293945,25.071584701538086,4823200
2015-06-04,30.860000610351562,31.290000915527344,30.6299991607666,30.790000915527344,24.966169357299805,3869500
2015-06-05,31.229999542236328,32.150001525878906,31.0,31.84000015258789,25.817569732666016,6932000
2015-06-08,31.84000015258789,32.130001068115234,31.649999618530273,31.809999465942383,25.793241500854492,3708100
2015-06-09,31.940000534057617,32.2400016784668,31.780000686645508,31.860000610351562,25.833782196044922,2852700
2015-06-10,32.209999084472656,32.65999984741211,32.02000045776367,32.40999984741211,26.279752731323242,4370500
2015-06-11,32.36000061035156,32.529998779296875,31.850000381469727,31.940000534057617,25.898653030395508,3543900
2015-06-12,31.8700008392334,31.979999542236328,31.690000534057617,31.950000762939453,25.906761169433594,2367500
2015-06-15,31.65999984741211,32.29999923706055,31.510000228881836,32.119998931884766,26.04460906982422,2204100
2015-06-16,31.989999771118164,32.599998474121094,31.950000762939453,32.2599983215332,26.158117294311523,2506800
2015-06-17,32.41999816894531,32.560001373291016,31.809999465942383,31.90999984741211,25.874324798583984,2303800
2015-06-18,31.90999984741211,32.150001525878906,31.530000686645508,32.02000045776367,25.963518142700195,3032000
2015-06-19,31.950000762939453,32.209999084472656,31.270000457763672,31.530000686645508,25.56620216369629,5204200
2015-06-22,31.790000915527344,32.11000061035156,31.549999237060547,32.09000015258789,26.02027702331543,2676000
2015-06-23,32.20000076293945,32.4900016784668,32.0099983215332,32.38999938964844,26.263532638549805,1488900
2015-06-24,32.33000183105469,32.54999923706055,32.15999984741211,32.18000030517578,26.093257904052734,1285400
2015-06-25,32.369998931884766,32.599998474121094,32.099998474121094,32.209999084472656,26.117584228515625,1716000
2015-06-26,33.029998779296875,33.029998779296875,32.369998931884766,32.4900016784668,26.344621658325195,2812200
2015-06-29,31.860000610351562,32.25,31.5,31.520000457763672,25.558090209960938,2136500
2015-06-30,31.950000762939453,32.349998474121094,31.600000381469727,31.739999771118164,25.736480712890625,2058400
2015-07-01,32.029998779296875,32.189998626708984,31.75,31.950000762939453,25.906761169433594,2668700
2015-07-02,31.8799991607666,31.8799991607666,31.1299991607666,31.5,25.541872024536133,2689100
2015-07-06,30.989999771118164,31.239999771118164,30.790000915527344,31.190000534057617,25.290512084960938,2936700
2015-07-07,31.139999389648438,31.239999771118164,30.020000457763672,30.540000915527344,24.763460159301758,4946400
2015-07-08,30.360000610351562,30.360000610351562,29.649999618530273,29.75,24.122880935668945,4686400
2015-07-09,30.280000686645508,30.520000457763672,30.059999465942383,30.40999984741211,24.658048629760742,3207400
2015-07-10,30.649999618530273,31.110000610351562,30.5,31.030000686645508,25.16077995300293,3163400
2015-07-13,31.260000228881836,31.520000457763672,31.149999618530273,31.309999465942383,25.3878116607666,1934400
2015-07-14,30.940000534057617,31.299999237060547,30.68000030517578,31.1200008392334,25.233749389648438,4200100
2015-07-15,31.260000228881836,31.559999465942383,30.700000762939453,31.510000228881836,25.549983978271484,2421600
2015-07-16,31.799999237060547,31.950000762939453,31.5,31.520000457763672,25.558090209960938,2633900
2015-07-17,31.3799991607666,31.3799991607666,30.31999969482422,30.43000030517578,24.67426300048828,5628300
2015-07-20,30.670000076293945,30.979999542236328,30.229999542236328,30.56999969482422,24.787782669067383,3785800
2015-07-21,31.40999984741211,31.90999984741211,31.100000381469727,31.489999771118164,25.533771514892578,8118900
2015-07-22,31.399999618530273,32.15999984741211,31.389999389648438,31.93000030517578,25.890546798706055,4141200
2015-07-23,31.90999984741211,32.41999816894531,31.479999542236328,31.59000015258789,25.614849090576172,3759300
2015-07-24,31.440000534057617,31.68000030517578,31.239999771118164,31.389999389648438,25.452682495117188,2647200
2015-07-27,31.170000076293945,31.280000686645508,30.760000228881836,30.959999084472656,25.104015350341797,2778500
2015-07-28,31.1200008392334,31.280000686645508,30.780000686645508,31.06999969482422,25.193206787109375,2284700
2015-07-29,30.979999542236328,31.469999313354492,30.6299991607666,31.299999237060547,25.379701614379883,3003200
2015-07-30,31.139999389648438,31.489999771118164,31.0,31.40999984741211,25.468900680541992,2040000
2015-07-31,31.469999313354492,31.469999313354492,31.09000015258789,31.190000534057617,25.290512084960938,2192300
2015-08-03,31.25,31.399999618530273,30.690000534057617,30.84000015258789,25.00670623779297,3345500
2015-08-04,30.84000015258789,31.239999771118164,30.6299991607666,30.829999923706055,24.99860191345215,2909200
2015-08-05,31.290000915527344,31.639999389648438,31.010000228881836,31.239999771118164,25.3310546875,1948200
2015-08-06,31.299999237060547,31.489999771118164,30.889999389648438,31.010000228881836,25.144559860229492,1722000
2015-08-07,31.06999969482422,31.190000534057617,30.479999542236328,30.719999313354492,24.90941047668457,1484800
2015-08-10,30.770000457763672,31.540000915527344,30.770000457763672,31.520000457763672,25.558090209960938,1903600
2015-08-11,31.1200008392334,31.309999465942383,30.510000228881836,30.639999389648438,24.84454345703125,2066500
2015-08-12,30.219999313354492,30.270000457763672,29.559999465942383,29.979999542236328,24.309377670288086,2795400
2015-08-13,29.989999771118164,30.239999771118164,29.84000015258789,30.1200008392334,24.42289924621582,1825300
2015-08-14,30.209999084472656,30.559999465942383,30.110000610351562,30.5,24.73102378845215,1867600
2015-08-17,30.209999084472656,30.649999618530273,29.799999237060547,30.3799991607666,24.633716583251953,2192200
2015-08-18,30.850000381469727,31.0,30.299999237060547,30.600000381469727,24.8612060546875,3530900
2015-08-19,30.579999923706055,30.579999923706055,30.09000015258789,30.09000015258789,24.44685935974121,2921400
2015-08-20,29.850000381469727,29.850000381469727,28.799999237060547,28.809999465942383,23.406904220581055,3753300
2015-08-21,28.469999313354492,28.6299991607666,28.030000686645508,28.139999389648438,22.862565994262695,4668900
2015-08-24,26.729999542236328,27.860000610351562,26.420000076293945,26.93000030517578,21.87948989868164,5870400
2015-08-25,27.540000915527344,27.6200008392334,26.510000228881836,26.520000457763672,21.5463809967041,4869600
2015-08-26,27.329999923706055,27.75,26.899999618530273,27.700000762939453,22.505081176757812,3732500
2015-08-27,28.079999923706055,29.030000686645508,28.0,28.799999237060547,23.398788452148438,4923700
2015-08-28,28.6200008392334,29.1200008392334,28.540000915527344,28.920000076293945,23.49628448486328,2264600
2015-08-31,28.59000015258789,29.06999969482422,28.25,29.0,23.5612735748291,2329200
2015-09-01,28.229999542236328,28.43000030517578,27.489999771118164,27.65999984741211,22.47258186340332,3091900
2015-09-02,28.110000610351562,28.280000686645508,27.6200008392334,28.200000762939453,22.91131019592285,2744100
2015-09-03,28.260000228881836,28.799999237060547,28.15999984741211,28.520000457763672,23.171295166015625,2616800
2015-09-04,27.920000076293945,28.299999237060547,27.489999771118164,28.010000228881836,22.756948471069336,2587000
2015-09-08,28.579999923706055,28.690000534057617,28.209999084472656,28.68000030517578,23.30129051208496,1435300
2015-09-09,29.010000228881836,29.09000015258789,28.25,28.309999465942383,23.000682830810547,1901400
2015-09-10,28.209999084472656,28.770000457763672,28.0,28.56999969482422,23.2119197845459,2047500
2015-09-11,27.93000030517578,28.450000762939453,27.93000030517578,28.34000015258789,23.02505111694336,1918000
2015-09-14,28.31999969482422,28.559999465942383,28.09000015258789,28.229999542236328,22.935688018798828,2914200
2015-09-15,28.3799991607666,28.889999389648438,28.079999923706055,28.75,23.35816192626953,2460500
2015-09-16,29.260000228881836,29.270000457763672,28.739999771118164,29.15999984741211,23.691259384155273,3133500
2015-09-17,29.15999984741211,29.420000076293945,28.09000015258789,28.170000076293945,22.886938095092773,4307500
2015-09-18,27.729999542236328,27.799999237060547,27.149999618530273,27.469999313354492,22.318214416503906,5172600
2015-09-21,27.559999465942383,28.1299991607666,27.469999313354492,27.84000015258789,22.618824005126953,2423800
2015-09-22,27.110000610351562,27.6299991607666,27.110000610351562,27.559999465942383,22.39133644104004,2089400
2015-09-23,27.540000915527344,27.84000015258789,27.350000381469727,27.540000915527344,22.37508773803711,1422000
2015-09-24,27.139999389648438,27.670000076293945,27.1299991607666,27.6200008392334,22.440080642700195,1735500
2015-09-25,28.020000457763672,28.40999984741211,27.989999771118164,28.190000534057617,22.90319061279297,3167700
2015-09-28,27.950000762939453,28.15999984741211,27.1299991607666,27.34000015258789,22.212596893310547,3326800
2015-09-29,27.43000030517578,27.75,27.18000030517578,27.3799991607666,22.245092391967773,2958200
2015-09-30,27.6299991607666,27.799999237060547,27.149999618530273,27.540000915527344,22.37508773803711,3514200
2015-10-01,27.6200008392334,27.709999084472656,27.190000534057617,27.530000686645508,22.366958618164062,2795500
2015-10-02,26.799999237060547,27.31999969482422,26.219999313354492,27.31999969482422,22.196353912353516,3315700
2015-10-05,27.489999771118164,27.969999313354492,27.260000228881836,27.860000610351562,22.635080337524414,1924800
2015-10-06,27.739999771118164,28.15999984741211,27.610000610351562,28.1299991607666,22.85443878173828,2189700
2015-10-07,28.309999465942383,28.8799991607666,28.209999084472656,28.719999313354492,23.333786010742188,3028100
2015-10-08,28.559999465942383,28.979999542236328,28.3799991607666,28.760000228881836,23.366291046142578,2173800
2015-10-09,28.729999542236328,28.959999084472656,28.1299991607666,28.309999465942383,23.000682830810547,1991200
2015-10-12,28.270000457763672,28.489999771118164,28.1200008392334,28.469999313354492,23.130672454833984,913000
2015-10-13,28.34000015258789,28.6299991607666,28.280000686645508,28.489999771118164,23.14691925048828,2042700
2015-10-14,28.520000457763672,28.520000457763672,27.600000381469727,27.799999237060547,22.586322784423828,2793400
2015-10-15,28.110000610351562,28.270000457763672,27.860000610351562,28.239999771118164,22.94380760192871,1813900
2015-10-16,28.3799991607666,28.520000457763672,27.920000076293945,28.149999618530273,22.870685577392578,1743100
2015-10-19,27.969999313354492,28.25,27.829999923706055,27.899999618530273,22.66757583618164,2475400
2015-10-20,27.829999923706055,28.6200008392334,27.780000686645508,28.360000610351562,23.041303634643555,2907100
2015-10-21,28.479999542236328,28.5,27.510000228881836,27.520000457763672,22.358840942382812,2313400
2015-10-22,27.6299991607666,28.360000610351562,27.6299991607666,27.90999984741211,22.67569923400879,2080100
2015-10-23,28.15999984741211,28.610000610351562,28.020000457763672,28.59000015258789,23.228166580200195,3213800
2015-10-26,28.59000015258789,28.700000762939453,28.139999389648438,28.489999771118164,23.14691925048828,2051000
2015-10-27,28.239999771118164,28.440000534057617,27.889999389648438,28.059999465942383,22.797561645507812,1572000
2015-10-28,28.170000076293945,29.399999618530273,28.059999465942383,29.3799991607666,23.870010375976562,2333100
2015-10-29,29.399999618530273,29.739999771118164,29.260000228881836,29.479999542236328,23.951255798339844,2375500
2015-10-30,29.520000457763672,29.600000381469727,28.65999984741211,28.770000457763672,23.37441062927246,2775000
2015-11-02,28.93000030517578,29.309999465942383,28.780000686645508,29.200000762939453,23.723770141601562,1947700
2015-11-03,29.100000381469727,29.309999465942383,28.940000534057617,28.969999313354492,23.53690528869629,2413900
2015-11-04,29.100000381469727,29.290000915527344,28.889999389648438,29.110000610351562,23.650644302368164,1863400
2015-11-05,29.1200008392334,29.8700008392334,29.049999237060547,29.709999084472656,24.138120651245117,3032100
2015-11-06,30.420000076293945,31.18000030517578,30.3799991607666,30.690000534057617,24.9343318939209,3536200
2015-11-09,30.969999313354492,30.979999542236328,30.280000686645508,30.540000915527344,24.812463760375977,2032700
2015-11-10,30.43000030517578,30.790000915527344,30.200000762939453,30.780000686645508,25.007450103759766,2040200
2015-11-11,30.81999969482422,31.059999465942383,30.3700008392334,30.479999542236328,24.763713836669922,1924200
2015-11-12,30.18000030517578,30.3700008392334,29.760000228881836,29.770000457763672,24.18686866760254,2036000
2015-11-13,29.6299991607666,29.90999984741211,29.270000457763672,29.479999542236328,23.951255798339844,2940200
2015-11-16,29.34000015258789,29.65999984741211,29.040000915527344,29.639999389648438,24.130359649658203,2510200
2015-11-17,29.75,30.15999984741211,29.579999923706055,29.75,24.219907760620117,1991300
2015-11-18,29.940000534057617,30.260000228881836,29.549999237060547,30.219999313354492,24.602548599243164,2884300
2015-11-19,30.049999237060547,30.209999084472656,29.780000686645508,29.93000030517578,24.366453170776367,1484300
2015-11-20,29.989999771118164,30.190000534057617,29.790000915527344,29.93000030517578,24.366453170776367,2092400
2015-11-23,29.920000076293945,30.190000534057617,29.809999465942383,29.8700008392334,24.317607879638672,1438700
2015-11-24,29.729999542236328,30.049999237060547,29.530000686645508,29.950000762939453,24.382736206054688,1608600
2015-11-25,29.969999313354492,30.110000610351562,29.81999969482422,29.940000534057617,24.37459373474121,1086200
2015-11-27,30.0,30.100000381469727,29.5,30.09000015258789,24.4967098236084,763200
2015-11-30,30.209999084472656,30.280000686645508,29.829999923706055,29.959999084472656,24.39087677001953,2614000
2015-12-01,30.110000610351562,30.450000762939453,30.020000457763672,30.40999984741211,24.757230758666992,2533000
2015-12-02,30.5,30.549999237060547,29.8700008392334,29.940000534057617,24.37459373474121,2483900
2015-12-03,30.139999389648438,30.209999084472656,29.360000610351562,29.469999313354492,23.991962432861328,2307600
2015-12-04,29.59000015258789,30.280000686645508,29.43000030517578,30.190000534057617,24.578123092651367,3099800
2015-12-07,30.049999237060547,30.1200008392334,28.809999465942383,28.920000076293945,23.544200897216797,3957000
2015-12-08,28.56999969482422,28.760000228881836,27.889999389648438,28.0,22.795211791992188,4409000
2015-12-09,27.889999389648438,28.43000030517578,27.510000228881836,27.790000915527344,22.624250411987305,3982800
2015-12-10,27.790000915527344,28.65999984741211,27.610000610351562,28.200000762939453,22.958032608032227,3787700
2015-12-11,27.68000030517578,27.959999084472656,27.200000762939453,27.360000610351562,22.274179458618164,3769900
2015-12-14,27.479999542236328,27.68000030517578,26.530000686645508,26.950000762939453,21.94039535522461,4891300
2015-12-15,27.40999984741211,28.139999389648438,27.260000228881836,27.90999984741211,22.721948623657227,3638200
2015-12-16,28.149999618530273,28.399999618530273,27.40999984741211,28.209999084472656,22.96617317199707,4715500
2015-12-17,28.309999465942383,28.43000030517578,27.75,27.760000228881836,22.599828720092773,2204100
2015-12-18,27.420000076293945,27.600000381469727,26.520000457763672,26.709999084472656,21.74500846862793,11655100
2015-12-21,27.0,27.059999465942383,26.43000030517578,26.770000457763672,21.793848037719727,3343600
2015-12-22,27.010000228881836,27.270000457763672,26.520000457763672,27.15999984741211,22.11134910583496,3002400
2015-12-23,27.399999618530273,27.719999313354492,27.079999923706055,27.670000076293945,22.52655792236328,3470700
2015-12-24,27.6299991607666,28.010000228881836,27.59000015258789,27.780000686645508,22.616111755371094,857100
2015-12-28,27.6299991607666,27.690000534057617,27.200000762939453,27.639999389648438,22.502132415771484,1476700
2015-12-29,27.8799991607666,28.049999237060547,27.59000015258789,27.809999465942383,22.640525817871094,1659000
2015-12-30,27.68000030517578,27.770000457763672,27.420000076293945,27.469999313354492,22.36372947692871,1010700
2015-12-31,27.260000228881836,27.639999389648438,27.139999389648438,27.299999237060547,22.225332260131836,1737600
2016-01-04,26.559999465942383,26.90999984741211,26.229999542236328,26.709999084472656,21.74500846862793,3523300
2016-01-05,26.770000457763672,26.850000381469727,26.239999771118164,26.420000076293945,21.508909225463867,2653600
2016-01-06,25.90999984741211,26.0,25.469999313354492,25.649999618530273,20.88204002380371,4164200
2016-01-07,24.969999313354492,25.459999084472656,24.809999465942383,24.8799991607666,20.25517463684082,4234000
2016-01-08,25.18000030517578,25.209999084472656,24.549999237060547,24.600000381469727,20.027225494384766,3401600
2016-01-11,24.790000915527344,24.809999465942383,24.0,24.110000610351562,19.628307342529297,4627200
2016-01-12,24.420000076293945,24.510000228881836,23.260000228881836,24.010000228881836,19.546892166137695,4346900
2016-01-13,24.15999984741211,24.15999984741211,22.610000610351562,22.889999389648438,18.635082244873047,6543500
2016-01-14,23.100000381469727,23.290000915527344,22.34000015258789,22.989999771118164,18.716493606567383,5925700
2016-01-15,22.06999969482422,22.420000076293945,21.84000015258789,22.34000015258789,18.187328338623047,6297900
2016-01-19,22.700000762939453,22.700000762939453,21.709999084472656,21.940000534057617,17.861677169799805,3933700
2016-01-20,21.440000534057617,21.709999084472656,20.690000534057617,21.469999313354492,17.479036331176758,5413800
2016-01-21,21.469999313354492,21.780000686645508,21.010000228881836,21.09000015258789,17.169679641723633,4564800
2016-01-22,21.530000686645508,21.75,21.219999313354492,21.510000228881836,17.51161003112793,3626300
2016-01-25,21.360000610351562,21.43000030517578,20.329999923706055,20.389999389648438,16.599802017211914,5023400
2016-01-26,20.739999771118164,21.760000228881836,20.729999542236328,21.25,17.29993438720703,6930500
2016-01-27,21.15999984741211,22.559999465942383,21.030000686645508,21.780000686645508,17.731416702270508,6364100
2016-01-28,22.1299991607666,22.920000076293945,22.030000686645508,22.149999618530273,18.032644271850586,5320200
2016-01-29,22.229999542236328,22.700000762939453,22.09000015258789,22.68000030517578,18.464126586914062,4663800
2016-02-01,22.549999237060547,22.649999618530273,22.270000457763672,22.5,18.317584991455078,3114100
2016-02-02,22.299999237060547,22.3700008392334,21.31999969482422,21.540000915527344,17.536029815673828,4338000
2016-02-03,21.760000228881836,21.84000015258789,20.780000686645508,21.780000686645508,17.731416702270508,4598800
2016-02-04,21.739999771118164,22.56999969482422,21.639999389648438,22.049999237060547,17.951229095458984,5028600
2016-02-05,22.149999618530273,22.3799991607666,21.559999465942383,21.6299991607666,17.609298706054688,3199300
2016-02-08,21.25,21.6299991607666,20.40999984741211,20.719999313354492,16.86845588684082,4836200
2016-02-09,20.329999923706055,20.979999542236328,20.15999984741211,20.770000457763672,16.90915870666504,4782800
2016-02-10,20.940000534057617,21.440000534057617,20.729999542236328,20.739999771118164,16.88473892211914,4048300
2016-02-11,20.100000381469727,20.229999542236328,19.649999618530273,19.899999618530273,16.200881958007812,4638800
2016-02-12,20.40999984741211,21.25,20.200000762939453,20.989999771118164,17.088268280029297,4314300
2016-02-16,21.34000015258789,21.90999984741211,20.989999771118164,21.68000030517578,17.700607299804688,3870400
2016-02-17,22.020000457763672,22.290000915527344,21.5,21.59000015258789,17.627126693725586,3119600
2016-02-18,21.68000030517578,22.149999618530273,21.030000686645508,21.170000076293945,17.28421401977539,4097400
2016-02-19,21.059999465942383,21.530000686645508,20.950000762939453,21.40999984741211,17.480165481567383,2326400
2016-02-22,21.649999618530273,22.25,21.6299991607666,22.209999084472656,18.133319854736328,4232200
2016-02-23,22.059999465942383,22.110000610351562,21.100000381469727,21.209999084472656,17.31687355041504,4109500
2016-02-24,20.68000030517578,20.989999771118164,20.079999923706055,20.68000030517578,16.884157180786133,5895900
2016-02-25,20.790000915527344,21.25,20.40999984741211,21.229999542236328,17.33320426940918,3852200
2016-02-26,21.549999237060547,22.09000015258789,21.350000381469727,21.770000457763672,17.77408218383789,4091400
2016-02-29,21.719999313354492,21.829999923706055,21.309999465942383,21.31999969482422,17.40668487548828,2987300
2016-03-01,21.459999084472656,22.639999389648438,21.399999618530273,22.309999465942383,18.214963912963867,3980000
2016-03-02,22.360000610351562,22.8799991607666,22.299999237060547,22.829999923706055,18.639522552490234,2334800
2016-03-03,22.799999237060547,23.56999969482422,22.739999771118164,23.559999465942383,19.235525131225586,3143500
2016-03-04,23.780000686645508,24.6299991607666,23.549999237060547,24.34000015258789,19.87235450744629,7573300
2016-03-07,24.100000381469727,24.600000381469727,23.700000762939453,24.440000534057617,19.954002380371094,3132400
2016-03-08,24.1200008392334,24.3700008392334,23.540000915527344,23.68000030517578,19.3335018157959,3099000
2016-03-09,23.950000762939453,24.040000915527344,23.420000076293945,23.579999923706055,19.251859664916992,2667100
2016-03-10,23.84000015258789,24.219999313354492,23.43000030517578,24.139999389648438,19.709070205688477,3777000
2016-03-11,24.420000076293945,24.969999313354492,24.40999984741211,24.93000030517578,20.35406494140625,3205700
2016-03-14,24.649999618530273,25.020000457763672,24.420000076293945,24.829999923706055,20.27242088317871,2527000
2016-03-15,24.5,24.860000610351562,24.15999984741211,24.829999923706055,20.27242088317871,3107300
2016-03-16,24.729999542236328,25.209999084472656,24.31999969482422,24.799999237060547,20.247922897338867,3566700
2016-03-17,24.790000915527344,25.09000015258789,24.3799991607666,25.010000228881836,20.419370651245117,2957100
2016-03-18,25.18000030517578,25.579999923706055,23.93000030517578,25.209999084472656,20.582666397094727,4923700
2016-03-21,25.219999313354492,25.600000381469727,25.010000228881836,25.389999389648438,20.729633331298828,2181200
2016-03-22,24.90999984741211,25.559999465942383,24.90999984741211,25.350000381469727,20.69696807861328,1898000
2016-03-23,25.239999771118164,25.31999969482422,24.850000381469727,24.940000534057617,20.362226486206055,2221000
2016-03-24,24.670000076293945,25.079999923706055,24.190000534057617,25.020000457763672,20.427539825439453,2812400
2016-03-28,25.06999969482422,25.270000457763672,24.610000610351562,24.75,20.20709991455078,2118100
2016-03-29,24.5,24.5,23.6200008392334,24.329999923706055,19.864192962646484,5249400
2016-03-30,24.68000030517578,25.010000228881836,24.200000762939453,24.6299991607666,20.10912322998047,2744900
2016-03-31,24.440000534057617,24.760000228881836,24.040000915527344,24.209999084472656,19.766216278076172,2789900
2016-04-01,24.0,24.190000534057617,23.56999969482422,24.170000076293945,19.733558654785156,2686800
2016-04-04,24.200000762939453,24.579999923706055,24.0,24.139999389648438,19.709070205688477,2499100
2016-04-05,23.790000915527344,24.020000457763672,23.540000915527344,23.65999984741211,19.317176818847656,2393400
2016-04-06,23.670000076293945,24.030000686645508,23.469999313354492,23.969999313354492,19.570276260375977,2118000
2016-04-07,23.6299991607666,23.729999542236328,23.139999389648438,23.299999237060547,19.023252487182617,2535300
2016-04-08,23.649999618530273,24.010000228881836,23.299999237060547,23.469999313354492,19.162044525146484,3110800
2016-04-11,23.670000076293945,24.110000610351562,23.56999969482422,23.719999313354492,19.366159439086914,1999200
2016-04-12,23.850000381469727,24.649999618530273,23.729999542236328,24.489999771118164,19.994821548461914,3151800
2016-04-13,24.510000228881836,25.40999984741211,24.489999771118164,25.329999923706055,20.68064308166504,4084600
2016-04-14,25.229999542236328,26.110000610351562,25.170000076293945,25.579999923706055,20.884754180908203,2952500
2016-04-15,25.649999618530273,25.700000762939453,25.34000015258789,25.540000915527344,20.852100372314453,2404600
2016-04-18,25.270000457763672,25.90999984741211,25.200000762939453,25.719999313354492,20.999053955078125,2251100
2016-04-19,25.850000381469727,26.299999237060547,25.6299991607666,26.290000915527344,21.464435577392578,2835700
2016-04-20,25.760000228881836,26.959999084472656,25.760000228881836,26.90999984741211,21.970632553100586,2993900
2016-04-21,26.979999542236328,27.3799991607666,26.670000076293945,26.719999313354492,21.81550407409668,2506700
2016-04-22,26.739999771118164,27.34000015258789,26.65999984741211,27.280000686645508,22.272716522216797,2924100
2016-04-25,27.1299991607666,27.350000381469727,26.770000457763672,27.290000915527344,22.280881881713867,4043800
2016-04-26,26.420000076293945,27.649999618530273,26.420000076293945,27.450000762939453,22.411516189575195,5047800
2016-04-27,27.450000762939453,27.860000610351562,27.229999542236328,27.84000015258789,22.72992515563965,3110200
2016-04-28,27.600000381469727,27.8700008392334,27.31999969482422,27.510000228881836,22.460500717163086,2744500
2016-04-29,27.43000030517578,27.760000228881836,27.229999542236328,27.520000457763672,22.468666076660156,3010500
2016-05-02,27.709999084472656,27.739999771118164,27.219999313354492,27.5,22.452335357666016,2275000
2016-05-03,27.079999923706055,27.350000381469727,26.59000015258789,26.829999923706055,21.90531349182129,2715600
2016-05-04,26.610000610351562,26.889999389648438,25.549999237060547,25.93000030517578,21.17051124572754,4993400
2016-05-05,26.030000686645508,26.219999313354492,25.690000534057617,25.8799991607666,21.129684448242188,2453600
2016-05-06,25.59000015258789,26.030000686645508,25.530000686645508,25.989999771118164,21.219501495361328,2274800
2016-05-09,26.219999313354492,26.219999313354492,25.649999618530273,26.020000457763672,21.24399757385254,2883700
2016-05-10,26.25,26.790000915527344,26.239999771118164,26.65999984741211,21.76651382446289,2953600
2016-05-11,26.530000686645508,27.06999969482422,26.459999084472656,26.65999984741211,21.76651382446289,2872900
2016-05-12,26.950000762939453,27.209999084472656,26.229999542236328,26.399999618530273,21.55423927307129,2444400
2016-05-13,26.309999465942383,26.75,25.790000915527344,25.8799991607666,21.129684448242188,2068200
2016-05-16,25.799999237060547,26.479999542236328,25.780000686645508,26.239999771118164,21.423608779907227,2695600
2016-05-17,26.049999237060547,26.639999389648438,25.90999984741211,26.200000762939453,21.439977645874023,3250500
2016-05-18,26.209999084472656,27.3799991607666,26.15999984741211,27.34000015258789,22.372861862182617,4099600
2016-05-19,27.100000381469727,27.780000686645508,26.690000534057617,26.940000534057617,22.045534133911133,3738100
2016-05-20,27.040000915527344,27.420000076293945,27.010000228881836,27.170000076293945,22.233749389648438,2141800
2016-05-23,27.15999984741211,27.350000381469727,26.81999969482422,27.139999389648438,22.209199905395508,1855300
2016-05-24,27.389999389648438,27.809999465942383,27.280000686645508,27.56999969482422,22.561073303222656,2007400
2016-05-25,27.700000762939453,28.479999542236328,27.639999389648438,28.170000076293945,23.052066802978516,3721600
2016-05-26,28.219999313354492,28.260000228881836,27.770000457763672,27.84000015258789,22.782018661499023,2513000
2016-05-27,27.920000076293945,28.170000076293945,27.68000030517578,28.15999984741211,23.043880462646484,2057300
2016-05-31,28.389999389648438,28.479999542236328,27.920000076293945,28.020000457763672,22.9293155670166,2272600
2016-06-01,27.770000457763672,28.399999618530273,27.40999984741211,28.389999389648438,23.23209571838379,2606500
2016-06-02,28.290000915527344,28.670000076293945,28.149999618530273,28.670000076293945,23.461225509643555,2300500
2016-06-03,28.1200008392334,28.3799991607666,27.450000762939453,28.34000015258789,23.191181182861328,4566700
2016-06-06,28.40999984741211,29.229999542236328,28.360000610351562,29.1299991607666,23.8376522064209,4002700
2016-06-07,29.459999084472656,29.459999084472656,28.979999542236328,29.030000686645508,23.755823135375977,3671400
2016-06-08,29.020000457763672,29.299999237060547,28.8799991607666,29.110000610351562,23.821287155151367,2238100
2016-06-09,28.920000076293945,28.959999084472656,28.420000076293945,28.700000762939453,23.485776901245117,3420600
2016-06-10,28.229999542236328,28.299999237060547,27.8700008392334,27.989999771118164,22.90476417541504,2680800
2016-06-13,27.65999984741211,28.100000381469727,27.520000457763672,27.520000457763672,22.520158767700195,2978300
2016-06-14,27.360000610351562,27.65999984741211,26.700000762939453,26.81999969482422,21.94733238220215,3370000
2016-06-15,26.93000030517578,27.579999923706055,26.770000457763672,26.920000076293945,22.02916717529297,3467500
2016-06-16,26.649999618530273,26.799999237060547,26.149999618530273,26.43000030517578,21.62819480895996,3933200
2016-06-17,26.549999237060547,26.90999984741211,26.31999969482422,26.6299991607666,21.791852951049805,5174100
2016-06-20,27.170000076293945,27.420000076293945,26.610000610351562,26.670000076293945,21.824588775634766,2589700
2016-06-21,26.739999771118164,26.8700008392334,26.34000015258789,26.81999969482422,21.94733238220215,1941100
2016-06-22,26.81999969482422,27.290000915527344,26.610000610351562,26.969999313354492,22.070079803466797,2940100
2016-06-23,27.450000762939453,28.170000076293945,27.309999465942383,28.15999984741211,23.043880462646484,3015800
2016-06-24,26.350000381469727,26.780000686645508,25.280000686645508,25.290000915527344,20.6953067779541,7663300
2016-06-27,24.920000076293945,25.110000610351562,23.34000015258789,23.59000015258789,19.304162979125977,4683900
2016-06-28,24.1200008392334,24.5,23.860000610351562,24.389999389648438,19.958818435668945,4786600
2016-06-29,24.40999984741211,25.030000686645508,24.270000457763672,24.989999771118164,20.449810028076172,4861000
2016-06-30,25.290000915527344,25.459999084472656,24.850000381469727,25.1299991607666,20.564374923706055,6934000
2016-07-01,24.93000030517578,25.239999771118164,24.5,24.920000076293945,20.392532348632812,4301700
2016-07-05,24.469999313354492,24.520000457763672,23.020000457763672,23.440000534057617,19.181407928466797,7121700
2016-07-06,23.290000915527344,23.989999771118164,23.020000457763672,23.989999771118164,19.631486892700195,5310900
2016-07-07,24.5,24.709999084472656,24.100000381469727,24.40999984741211,19.975189208984375,4741400
2016-07-08,24.81999969482422,25.1200008392334,24.549999237060547,24.739999771118164,20.245227813720703,4748900
2016-07-11,25.0,25.270000457763672,24.799999237060547,24.93000030517578,20.400712966918945,3581700
2016-07-12,25.350000381469727,25.760000228881836,25.15999984741211,25.610000610351562,20.95716667175293,4194700
2016-07-13,25.520000457763672,25.709999084472656,25.270000457763672,25.549999237060547,20.908069610595703,2856900
2016-07-14,26.110000610351562,26.290000915527344,25.84000015258789,26.020000457763672,21.292682647705078,2867700
2016-07-15,26.25,26.270000457763672,25.899999618530273,26.010000228881836,21.284500122070312,2257700
2016-07-18,26.0,26.09000015258789,25.739999771118164,25.860000610351562,21.16175079345703,2414100
2016-07-19,25.790000915527344,26.110000610351562,25.6200008392334,25.8799991607666,21.178112030029297,1854500
2016-07-20,25.940000534057617,26.059999465942383,25.649999618530273,25.969999313354492,21.25176429748535,2123900
2016-07-21,26.040000915527344,26.270000457763672,25.670000076293945,26.0,21.27631187438965,2775800
2016-07-22,26.149999618530273,26.40999984741211,25.780000686645508,26.309999465942383,21.529987335205078,2927800
2016-07-25,26.3700008392334,26.40999984741211,26.1200008392334,26.299999237060547,21.52181053161621,2370900
2016-07-26,26.360000610351562,26.790000915527344,26.0,26.59000015258789,21.75912094116211,4056800
2016-07-27,27.600000381469727,28.350000381469727,27.309999465942383,27.979999542236328,22.896587371826172,7550900
2016-07-28,27.8799991607666,28.3799991607666,27.600000381469727,28.139999389648438,23.02751350402832,4783300
2016-07-29,27.969999313354492,28.149999618530273,27.700000762939453,27.8799991607666,22.81475257873535,3359100
2016-08-01,27.899999618530273,28.010000228881836,27.239999771118164,27.350000381469727,22.381044387817383,3850600
2016-08-02,27.399999618530273,27.610000610351562,26.739999771118164,27.040000915527344,22.127368927001953,3136900
2016-08-03,27.0,27.479999542236328,26.75,27.469999313354492,22.4792423248291,2691200
2016-08-04,27.399999618530273,27.780000686645508,27.350000381469727,27.729999542236328,22.692005157470703,2558200
2016-08-05,28.049999237060547,28.950000762939453,27.979999542236328,28.889999389648438,23.641258239746094,3665100
2016-08-08,29.0,29.190000534057617,28.690000534057617,28.739999771118164,23.518508911132812,2270200
2016-08-09,28.799999237060547,28.979999542236328,28.639999389648438,28.799999237060547,23.567609786987305,2198300
2016-08-10,28.780000686645508,28.829999923706055,28.25,28.309999465942383,23.1666316986084,2309000
2016-08-11,28.389999389648438,28.489999771118164,28.06999969482422,28.280000686645508,23.142080307006836,1724100
2016-08-12,28.059999465942383,28.149999618530273,27.770000457763672,28.139999389648438,23.02751350402832,1530700
2016-08-15,28.270000457763672,28.719999313354492,28.15999984741211,28.6299991607666,23.428495407104492,1636200
2016-08-16,28.469999313354492,28.84000015258789,28.079999923706055,28.639999389648438,23.502347946166992,1847400
2016-08-17,28.559999465942383,28.84000015258789,28.540000915527344,28.690000534057617,23.543380737304688,1893000
2016-08-18,28.59000015258789,29.1200008392334,28.290000915527344,29.079999923706055,23.863414764404297,2365200
2016-08-19,28.989999771118164,29.270000457763672,28.969999313354492,29.229999542236328,23.98651123046875,2248600
2016-08-22,29.020000457763672,29.290000915527344,28.969999313354492,29.260000228881836,24.01113510131836,2141100
2016-08-23,29.399999618530273,29.520000457763672,29.110000610351562,29.280000686645508,24.027545928955078,2068400
2016-08-24,29.18000030517578,29.489999771118164,28.75,29.280000686645508,24.027545928955078,1746400
2016-08-25,29.209999084472656,29.549999237060547,28.950000762939453,29.420000076293945,24.142431259155273,2147600
2016-08-26,29.530000686645508,29.860000610351562,29.219999313354492,29.670000076293945,24.347579956054688,3867100
2016-08-29,29.75,30.260000228881836,29.6299991607666,30.010000228881836,24.626590728759766,2690200
2016-08-30,29.950000762939453,30.3799991607666,29.950000762939453,30.329999923706055,24.889184951782227,2169400
2016-08-31,30.43000030517578,30.6200008392334,29.969999313354492,30.59000015258789,25.10254669189453,3538600
2016-09-01,30.75,30.899999618530273,30.229999542236328,30.56999969482422,25.08612823486328,4353000
2016-09-02,30.760000228881836,31.059999465942383,30.43000030517578,30.969999313354492,25.41437339782715,4086700
2016-09-06,31.040000915527344,31.059999465942383,30.079999923706055,30.389999389648438,24.93841552734375,4522100
2016-09-07,30.399999618530273,30.6200008392334,30.049999237060547,30.579999923706055,25.094341278076172,1801600
2016-09-08,30.709999084472656,31.0,30.399999618530273,30.690000534057617,25.184606552124023,1916500
2016-09-09,30.690000534057617,31.280000686645508,30.56999969482422,30.56999969482422,25.08612823486328,4368100
2016-09-12,30.219999313354492,31.020000457763672,30.059999465942383,30.940000534057617,25.389759063720703,3328700
2016-09-13,30.520000457763672,30.770000457763672,29.860000610351562,30.25,24.82353973388672,5134300
2016-09-14,30.219999313354492,30.479999542236328,29.969999313354492,30.040000915527344,24.651206970214844,3950100
2016-09-15,30.049999237060547,30.440000534057617,29.90999984741211,30.350000381469727,24.90559959411621,2726500
2016-09-16,30.030000686645508,30.209999084472656,29.850000381469727,29.899999618530273,24.536325454711914,2979600
2016-09-19,30.100000381469727,30.360000610351562,29.770000457763672,29.899999618530273,24.536325454711914,2367500
2016-09-20,30.229999542236328,30.329999923706055,29.84000015258789,29.8700008392334,24.511701583862305,2730400
2016-09-21,30.0,30.200000762939453,29.6299991607666,29.989999771118164,24.61018180847168,2774700
2016-09-22,30.1200008392334,30.299999237060547,30.010000228881836,30.280000686645508,24.84815788269043,2429100
2016-09-23,30.229999542236328,30.850000381469727,30.0,30.610000610351562,25.118955612182617,2981800
2016-09-26,30.280000686645508,30.600000381469727,29.799999237060547,30.020000457763672,24.634796142578125,3805400
2016-09-27,29.850000381469727,30.450000762939453,29.639999389648438,30.40999984741211,24.954832077026367,2343900
2016-09-28,30.610000610351562,30.850000381469727,30.229999542236328,30.850000381469727,25.315902709960938,2115700
2016-09-29,30.920000076293945,31.350000381469727,30.3700008392334,30.520000457763672,25.045101165771484,3227700
2016-09-30,30.6299991607666,31.18000030517578,30.43000030517578,31.020000457763672,25.45540428161621,2910100
2016-10-03,30.799999237060547,31.309999465942383,30.770000457763672,31.110000610351562,25.529266357421875,2381500
2016-10-04,31.170000076293945,31.799999237060547,31.139999389648438,31.399999618530273,25.767240524291992,2939500
2016-10-05,31.540000915527344,32.150001525878906,31.5,31.81999969482422,26.111896514892578,3575800
2016-10-06,31.75,31.81999969482422,31.290000915527344,31.68000030517578,25.99701499938965,3183800
2016-10-07,31.709999084472656,31.860000610351562,31.209999084472656,31.729999542236328,26.038042068481445,2546700
2016-10-10,31.81999969482422,32.06999969482422,31.75,31.809999465942383,26.103687286376953,1895700
2016-10-11,31.649999618530273,31.809999465942383,30.979999542236328,31.299999237060547,25.6851749420166,2491900
2016-10-12,31.31999969482422,31.530000686645508,31.139999389648438,31.209999084472656,25.611326217651367,1451800
2016-10-13,30.780000686645508,30.979999542236328,30.06999969482422,30.360000610351562,24.913806915283203,3041600
2016-10-14,30.729999542236328,31.110000610351562,30.700000762939453,30.860000610351562,25.324111938476562,2154000
2016-10-17,30.920000076293945,31.049999237060547,30.469999313354492,30.649999618530273,25.151777267456055,2174600
2016-10-18,31.0,31.170000076293945,30.6299991607666,31.170000076293945,25.578500747680664,2308800
2016-10-19,31.25,32.279998779296875,31.149999618530273,32.06999969482422,26.317047119140625,4257900
2016-10-20,31.940000534057617,32.41999816894531,31.8799991607666,32.2599983215332,26.472963333129883,3208100
2016-10-21,32.04999923706055,32.369998931884766,31.809999465942383,32.34000015258789,26.538616180419922,4889400
2016-10-24,32.5,32.720001220703125,32.41999816894531,32.43000030517578,26.612468719482422,3502500
2016-10-25,32.650001525878906,32.66999816894531,31.860000610351562,32.08000183105469,26.325260162353516,4557500
2016-10-26,32.15999984741211,32.45000076293945,31.899999618530273,32.13999938964844,26.37449836730957,3780700
2016-10-27,32.41999816894531,32.599998474121094,32.040000915527344,32.380001068115234,26.571439743041992,2280500
2016-10-28,32.400001525878906,32.459999084472656,31.8700008392334,32.09000015258789,26.333471298217773,2353000
2016-10-31,32.18000030517578,32.400001525878906,32.029998779296875,32.209999084472656,26.431936264038086,2469400
2016-11-01,32.36000061035156,32.52000045776367,31.790000915527344,32.2400016784668,26.456558227539062,2737100
2016-11-02,32.029998779296875,32.36000061035156,30.850000381469727,30.959999084472656,25.40616798400879,5185000
2016-11-03,31.170000076293945,31.56999969482422,31.110000610351562,31.170000076293945,25.578500747680664,2878700
2016-11-04,31.31999969482422,31.93000030517578,30.959999084472656,31.389999389648438,25.759035110473633,2913300
2016-11-07,32.15999984741211,32.41999816894531,31.84000015258789,32.25,26.464757919311523,4437500
2016-11-08,32.47999954223633,32.56999969482422,31.860000610351562,32.400001525878906,26.587852478027344,2546700
2016-11-09,33.0,35.040000915527344,32.650001525878906,34.619998931884766,28.409610748291016,8113800
2016-11-10,35.369998931884766,36.97999954223633,35.20000076293945,36.599998474121094,30.034423828125,6758200
2016-11-11,36.41999816894531,37.040000915527344,35.959999084472656,36.970001220703125,30.338056564331055,3986600
2016-11-14,37.34000015258789,38.880001068115234,37.33000183105469,38.43000030517578,31.604536056518555,5782500
2016-11-15,37.900001525878906,38.849998474121094,37.470001220703125,38.7599983215332,31.875926971435547,3973400
2016-11-16,37.09000015258789,37.849998474121094,36.56999969482422,37.459999084472656,30.806825637817383,5533700
2016-11-17,37.470001220703125,38.119998931884766,37.2400016784668,37.90999984741211,31.176891326904297,5111600
2016-11-18,37.79999923706055,38.41999816894531,37.63999938964844,38.209999084472656,31.423606872558594,3422200
2016-11-21,38.4900016784668,38.650001525878906,38.029998779296875,38.540000915527344,31.69500160217285,2501900
2016-11-22,38.150001525878906,38.7599983215332,38.150001525878906,38.65999984741211,31.79368782043457,2918400
2016-11-23,38.86000061035156,39.189998626708984,38.61000061035156,39.119998931884766,32.17198944091797,2365300
2016-11-25,39.09000015258789,39.22999954223633,38.790000915527344,39.099998474121094,32.155540466308594,946300
2016-11-28,39.029998779296875,39.09000015258789,38.279998779296875,38.40999984741211,31.588088989257812,2178200
2016-11-29,38.61000061035156,38.720001220703125,38.22999954223633,38.5,31.66210174560547,1966400
2016-11-30,39.150001525878906,40.0,38.880001068115234,39.790000915527344,32.722991943359375,3953000
2016-12-01,39.81999969482422,40.63999938964844,39.779998779296875,40.40999984741211,33.232872009277344,3849400
2016-12-02,40.79999923706055,40.79999923706055,39.66999816894531,40.2400016784668,33.09307098388672,2389800
2016-12-05,40.61000061035156,41.0,40.349998474121094,40.54999923706055,33.348018646240234,3211600
2016-12-06,40.689998626708984,42.0099983215332,40.29999923706055,41.91999816894531,34.47468948364258,3455900
2016-12-07,41.880001068115234,42.33000183105469,41.439998626708984,42.290000915527344,34.77897262573242,2842500
2016-12-08,42.38999938964844,43.439998626708984,42.22999954223633,43.09000015258789,35.4368896484375,4654100
2016-12-09,43.09000015258789,43.25,42.630001068115234,43.22999954223633,35.55202102661133,2314200
2016-12-12,43.15999984741211,43.470001220703125,42.400001525878906,42.470001220703125,34.927005767822266,2829300
2016-12-13,42.540000915527344,43.040000915527344,41.56999969482422,42.22999954223633,34.72962188720703,2902600
2016-12-14,41.84000015258789,43.0099983215332,41.31999969482422,42.20000076293945,34.704959869384766,3944100
2016-12-15,42.81999969482422,43.630001068115234,42.47999954223633,43.040000915527344,35.39575958251953,3615000
2016-12-16,42.790000915527344,43.22999954223633,41.90999984741211,42.029998779296875,34.56514358520508,5517200
2016-12-19,42.09000015258789,42.720001220703125,41.79999923706055,42.70000076293945,35.116153717041016,2212300
2016-12-20,43.279998779296875,44.09000015258789,42.959999084472656,43.90999984741211,36.11125183105469,3220200
2016-12-21,43.93000030517578,43.9900016784668,43.36000061035156,43.63999938964844,35.88919448852539,2647600
2016-12-22,43.619998931884766,43.95000076293945,43.209999084472656,43.7400016784668,35.971431732177734,1556000
2016-12-23,43.779998779296875,43.939998626708984,43.59000015258789,43.86000061035156,36.070133209228516,1243400
2016-12-27,44.099998474121094,44.150001525878906,43.66999816894531,43.93000030517578,36.12769317626953,1096300
2016-12-28,44.029998779296875,44.029998779296875,43.18000030517578,43.279998779296875,35.5931396484375,1055200
2016-12-29,43.27000045776367,43.63999938964844,42.630001068115234,42.790000915527344,35.19017028808594,1551600
2016-12-30,43.06999969482422,43.310001373291016,42.689998626708984,43.040000915527344,35.39575958251953,1938100
2017-01-03,43.7400016784668,44.33000183105469,42.720001220703125,43.18000030517578,35.510902404785156,2896200
2017-01-04,43.45000076293945,43.90999984741211,43.349998474121094,43.79999923706055,36.020774841308594,1907500
2017-01-05,43.91999816894531,44.27000045776367,42.65999984741211,43.09000015258789,35.4368896484375,2106000
2017-01-06,43.29999923706055,43.72999954223633,43.11000061035156,43.369998931884766,35.66714859008789,2149100
2017-01-09,43.119998931884766,43.290000915527344,42.31999969482422,42.900001525878906,35.280635833740234,2104900
2017-01-10,43.119998931884766,43.790000915527344,42.869998931884766,43.560001373291016,35.82341003417969,1839600
2017-01-11,43.66999816894531,43.91999816894531,43.13999938964844,43.91999816894531,36.11946487426758,2102200
2017-01-12,43.650001525878906,43.88999938964844,42.439998626708984,42.970001220703125,35.33819580078125,2758200
2017-01-13,43.290000915527344,44.31999969482422,43.029998779296875,43.849998474121094,36.06189727783203,2732500
2017-01-17,43.25,43.27000045776367,41.650001525878906,41.77000045776367,34.3513298034668,2889200
2017-01-18,42.150001525878906,42.52000045776367,41.41999816894531,42.47999954223633,34.93522262573242,2142200
2017-01-19,42.59000015258789,42.95000076293945,42.040000915527344,42.310001373291016,34.79541015625,1778500
2017-01-20,42.4900016784668,42.900001525878906,42.20000076293945,42.459999084472656,34.91877746582031,2371000
2017-01-23,42.209999084472656,42.61000061035156,41.95000076293945,42.310001373291016,34.79541015625,2628300
2017-01-24,42.41999816894531,42.939998626708984,41.36000061035156,42.560001373291016,35.00102615356445,4064800
2017-01-25,43.029998779296875,43.65999984741211,42.93000030517578,43.279998779296875,35.5931396484375,2584600
2017-01-26,43.38999938964844,43.90999984741211,43.06999969482422,43.470001220703125,35.74939727783203,2711900
2017-01-27,43.34000015258789,43.369998931884766,42.7599983215332,43.119998931884766,35.46156311035156,1972100
2017-01-30,42.83000183105469,43.040000915527344,41.709999084472656,42.2599983215332,34.75428009033203,3517700
2017-01-31,42.18000030517578,42.84000015258789,41.81999969482422,42.189998626708984,34.69673156738281,2542100
2017-02-01,42.689998626708984,43.29999923706055,42.36000061035156,42.459999084472656,34.91877746582031,2501700
2017-02-02,41.880001068115234,42.34000015258789,41.58000183105469,41.77000045776367,34.3513298034668,2827500
2017-02-03,42.4900016784668,43.380001068115234,42.130001068115234,43.310001373291016,35.61781311035156,3350600
2017-02-06,42.900001525878906,43.52000045776367,42.54999923706055,42.970001220703125,35.33819580078125,1410300
2017-02-07,43.04999923706055,43.2599983215332,42.68000030517578,42.81999969482422,35.21484375,1741500
2017-02-08,42.52000045776367,42.56999969482422,41.810001373291016,42.16999816894531,34.680294036865234,1748100
2017-02-09,43.060001373291016,43.209999084472656,42.25,43.150001525878906,35.48622131347656,2011100
2017-02-10,43.43000030517578,43.66999816894531,43.099998474121094,43.56999969482422,35.83163070678711,2458800
2017-02-13,43.869998931884766,44.599998474121094,43.75,44.08000183105469,36.25105667114258,2197200
2017-02-14,44.029998779296875,45.209999084472656,43.83000183105469,45.08000183105469,37.14085388183594,2456500
2017-02-15,45.33000183105469,45.52000045776367,45.04999923706055,45.29999923706055,37.32210159301758,2690800
2017-02-16,45.119998931884766,45.34000015258789,44.47999954223633,44.900001525878906,36.99256134033203,1977400
2017-02-17,44.47999954223633,44.779998779296875,44.130001068115234,44.650001525878906,36.78659439086914,1185300
2017-02-21,44.849998474121094,45.209999084472656,44.470001220703125,44.88999938964844,36.98431396484375,1726300
2017-02-22,44.54999923706055,45.130001068115234,44.47999954223633,44.7400016784668,36.86073684692383,2276100
2017-02-23,44.84000015258789,44.970001220703125,44.38999938964844,44.81999969482422,36.9266471862793,1960400
2017-02-24,44.18000030517578,44.54999923706055,44.0,44.54999923706055,36.704193115234375,3605300
2017-02-27,44.650001525878906,45.2400016784668,44.5099983215332,45.11000061035156,37.16557312011719,2298900
2017-02-28,44.93000030517578,45.15999984741211,44.70000076293945,44.900001525878906,36.99256134033203,2485700
2017-03-01,48.33000183105469,48.33000183105469,45.95000076293945,46.529998779296875,38.33549880981445,3320700
2017-03-02,46.66999816894531,46.689998626708984,44.959999084472656,44.959999084472656,37.041996002197266,2925900
2017-03-03,44.95000076293945,45.56999969482422,44.75,45.36000061035156,37.37154006958008,2686400
2017-03-06,45.029998779296875,45.43000030517578,44.689998626708984,45.33000183105469,37.34682083129883,1706100
2017-03-07,45.400001525878906,45.68000030517578,44.970001220703125,45.279998779296875,37.305625915527344,1738700
2017-03-08,45.84000015258789,46.29999923706055,45.15999984741211,45.2599983215332,37.28915023803711,3154400
2017-03-09,45.349998474121094,45.7599983215332,45.029998779296875,45.279998779296875,37.305625915527344,1963200
2017-03-10,45.560001373291016,45.560001373291016,44.290000915527344,44.90999984741211,37.00078582763672,2431400
2017-03-13,44.880001068115234,45.349998474121094,44.650001525878906,45.029998779296875,37.09965515136719,1632000
2017-03-14,44.709999084472656,44.720001220703125,43.68000030517578,44.4900016784668,36.65475845336914,2487900
2017-03-15,44.709999084472656,45.09000015258789,43.9900016784668,44.06999969482422,36.30872344970703,2893800
2017-03-16,44.369998931884766,44.619998931884766,44.09000015258789,44.36000061035156,36.54765319824219,1802700
2017-03-17,44.40999984741211,44.56999969482422,43.540000915527344,43.7599983215332,36.05331039428711,4240000
2017-03-20,43.650001525878906,43.75,43.18000030517578,43.189998626708984,35.583702087402344,2322000
2017-03-21,43.470001220703125,43.52000045776367,40.7400016784668,40.84000015258789,33.64757537841797,4855400
2017-03-22,40.58000183105469,41.130001068115234,39.560001373291016,40.72999954223633,33.55693817138672,3151600
2017-03-23,40.72999954223633,41.59000015258789,40.310001373291016,40.88999938964844,33.68877029418945,2953800
2017-03-24,41.040000915527344,41.22999954223633,40.40999984741211,40.90999984741211,33.70524597167969,2824900
2017-03-27,39.79999923706055,40.900001525878906,39.09000015258789,40.779998779296875,33.59812927246094,3237500
2017-03-28,40.529998779296875,41.599998474121094,40.310001373291016,41.29999923706055,34.02656555175781,2392400
2017-03-29,41.65999984741211,41.65999984741211,40.93000030517578,41.31999969482422,34.04304122924805,2055900
2017-03-30,41.459999084472656,42.59000015258789,41.279998779296875,42.380001068115234,34.91636276245117,3212100
2017-03-31,42.099998474121094,42.59000015258789,41.83000183105469,42.0,34.60328674316406,2575200
2017-04-03,42.0,42.2599983215332,41.06999969482422,41.77000045776367,34.41377639770508,2539600
2017-04-04,41.5,41.900001525878906,41.369998931884766,41.65999984741211,34.32315444946289,2080500
2017-04-05,42.040000915527344,42.400001525878906,40.97999954223633,41.04999923706055,33.820587158203125,2554200
2017-04-06,41.099998474121094,41.63999938964844,40.619998931884766,41.5,34.19132995605469,2290300
2017-04-07,41.13999938964844,41.790000915527344,40.869998931884766,41.52000045776367,34.20780944824219,2124500
2017-04-10,41.459999084472656,41.790000915527344,40.7400016784668,40.93000030517578,33.721717834472656,1931900
2017-04-11,40.720001220703125,40.959999084472656,40.06999969482422,40.939998626708984,33.729957580566406,2931600
2017-04-12,40.97999954223633,41.02000045776367,40.060001373291016,40.189998626708984,33.11204147338867,3286600
2017-04-13,39.869998931884766,40.52000045776367,39.43000030517578,39.45000076293945,32.50236892700195,2627800
2017-04-17,39.5099983215332,40.209999084472656,39.220001220703125,40.18000030517578,33.10380554199219,2241300
2017-04-18,39.810001373291016,40.290000915527344,39.349998474121094,39.83000183105469,32.8154411315918,2300700
2017-04-19,40.290000915527344,40.5099983215332,39.7599983215332,39.97999954223633,32.93902587890625,2711600
2017-04-20,40.29999923706055,41.20000076293945,40.16999816894531,41.08000183105469,33.845298767089844,2966200
2017-04-21,40.95000076293945,41.189998626708984,40.58000183105469,40.849998474121094,33.65581130981445,2229400
2017-04-24,42.09000015258789,42.41999816894531,41.56999969482422,41.959999084472656,34.57032012939453,4473000
2017-04-25,40.90999984741211,41.619998931884766,40.45000076293945,40.4900016784668,33.35920715332031,6950300
2017-04-26,40.5,41.63999938964844,40.459999084472656,41.18000030517578,33.92769241333008,3849600
2017-04-27,41.29999923706055,41.29999923706055,40.25,40.65999984741211,33.499263763427734,2742600
2017-04-28,40.7400016784668,40.810001373291016,39.9900016784668,40.029998779296875,32.98021697998047,3811600
2017-05-01,40.25,40.880001068115234,39.970001220703125,40.52000045776367,33.3839111328125,2902600
2017-05-02,40.560001373291016,40.9900016784668,39.70000076293945,39.97999954223633,32.93902587890625,2636800
2017-05-03,39.790000915527344,40.68000030517578,39.72999954223633,40.58000183105469,33.4333610534668,2503500
2017-05-04,41.099998474121094,41.43000030517578,40.630001068115234,40.66999816894531,33.50750732421875,3267400
2017-05-05,40.88999938964844,40.88999938964844,40.459999084472656,40.75,33.573421478271484,2355900
2017-05-08,40.75,41.349998474121094,40.720001220703125,41.20000076293945,33.94416427612305,2644800
2017-05-09,41.29999923706055,41.59000015258789,40.72999954223633,40.93000030517578,33.721717834472656,2070200
2017-05-10,40.709999084472656,41.0099983215332,40.459999084472656,40.939998626708984,33.729957580566406,2405700
2017-05-11,40.7400016784668,40.880001068115234,40.040000915527344,40.400001525878906,33.285057067871094,1850000
2017-05-12,40.0,40.2400016784668,39.66999816894531,40.150001525878906,33.07908630371094,2112300
2017-05-15,40.349998474121094,40.689998626708984,40.2400016784668,40.540000915527344,33.40039825439453,3046800
2017-05-16,40.72999954223633,40.88999938964844,40.119998931884766,40.65999984741211,33.56550598144531,3796300
2017-05-17,39.709999084472656,39.91999816894531,38.43000030517578,38.9900016784668,32.1869010925293,4023800
2017-05-18,38.880001068115234,39.869998931884766,38.86000061035156,39.58000183105469,32.67394256591797,2866000
2017-05-19,39.720001220703125,40.709999084472656,39.58000183105469,40.099998474121094,33.10321807861328,3935700
2017-05-22,40.20000076293945,40.650001525878906,39.90999984741211,40.209999084472656,33.19401550292969,3096000
2017-05-23,40.22999954223633,41.439998626708984,40.18000030517578,41.34000015258789,34.12685775756836,3029700
2017-05-24,41.0099983215332,41.15999984741211,40.31999969482422,40.70000076293945,33.59852981567383,2568300
2017-05-25,40.81999969482422,41.189998626708984,40.529998779296875,40.880001068115234,33.74711608886719,3933100
2017-05-26,40.88999938964844,41.20000076293945,40.40999984741211,40.45000076293945,33.392147064208984,2195400
2017-05-30,40.130001068115234,40.31999969482422,39.599998474121094,39.869998931884766,32.91334533691406,3259400
2017-05-31,39.97999954223633,40.41999816894531,39.34000015258789,40.06999969482422,33.078453063964844,13834700
2017-06-01,40.47999954223633,40.54999923706055,39.72999954223633,40.54999923706055,33.47470474243164,2667300
2017-06-02,39.86000061035156,40.43000030517578,39.619998931884766,40.099998474121094,33.10321807861328,2848600
2017-06-05,40.290000915527344,41.16999816894531,40.099998474121094,40.459999084472656,33.4004020690918,3186600
2017-06-06,40.02000045776367,40.5099983215332,39.7400016784668,40.2599983215332,33.23529815673828,3676700
2017-06-07,40.369998931884766,40.630001068115234,40.25,40.459999084472656,33.4004020690918,2284100
2017-06-08,40.43000030517578,42.040000915527344,40.349998474121094,41.38999938964844,34.16813659667969,3653300
2017-06-09,41.810001373291016,42.529998779296875,41.5,42.34000015258789,34.95237350463867,3191100
2017-06-12,42.2599983215332,43.25,42.2599983215332,42.93000030517578,35.43941879272461,4060500
2017-06-13,43.13999938964844,43.56999969482422,42.79999923706055,43.130001068115234,35.60453414916992,2556300
2017-06-14,42.5,43.27000045776367,42.099998474121094,43.22999954223633,35.68708038330078,2643300
2017-06-15,43.0,43.459999084472656,42.75,42.869998931884766,35.389892578125,1873800
2017-06-16,42.88999938964844,43.2599983215332,42.72999954223633,43.09000015258789,35.57150650024414,3442500
2017-06-19,43.66999816894531,43.810001373291016,43.18000030517578,43.36000061035156,35.794403076171875,1561800
2017-06-20,43.119998931884766,43.349998474121094,42.869998931884766,42.959999084472656,35.46419143676758,2508100
2017-06-21,43.029998779296875,43.22999954223633,42.25,42.33000183105469,34.94412612915039,2123500
2017-06-22,42.2599983215332,42.43000030517578,41.709999084472656,42.29999923706055,34.91934585571289,1826000
2017-06-23,42.599998474121094,42.84000015258789,41.83000183105469,41.93000030517578,34.61391830444336,2095900
2017-06-26,42.060001373291016,42.599998474121094,41.900001525878906,42.34000015258789,34.95237350463867,1468500
2017-06-27,42.560001373291016,43.08000183105469,42.5,42.540000915527344,35.11748504638672,2057500
2017-06-28,42.779998779296875,43.4900016784668,42.779998779296875,42.970001220703125,35.47244644165039,3828500
2017-06-29,44.40999984741211,44.849998474121094,43.380001068115234,43.9900016784668,36.31447982788086,4443800
2017-06-30,44.13999938964844,44.209999084472656,43.40999984741211,43.90999984741211,36.248443603515625,2047500
2017-07-03,44.2400016784668,45.09000015258789,43.970001220703125,44.72999954223633,36.92536544799805,1435300
2017-07-05,44.7599983215332,44.83000183105469,44.119998931884766,44.7400016784668,36.93362045288086,2217900
2017-07-06,44.7599983215332,44.869998931884766,44.06999969482422,44.119998931884766,36.421791076660156,2077400
2017-07-07,44.31999969482422,44.5,43.779998779296875,44.439998626708984,36.68596649169922,1476000
2017-07-10,44.369998931884766,44.849998474121094,44.130001068115234,44.65999984741211,36.867576599121094,2232100
2017-07-11,44.68000030517578,45.2599983215332,44.47999954223633,45.20000076293945,37.313350677490234,5772900
2017-07-12,45.119998931884766,45.279998779296875,44.45000076293945,44.790000915527344,36.974891662597656,2243400
2017-07-13,44.900001525878906,45.119998931884766,44.689998626708984,45.0,37.14823913574219,1855000
2017-07-14,44.34000015258789,44.91999816894531,43.939998626708984,44.720001220703125,36.91710662841797,1827200
2017-07-17,44.65999984741211,44.790000915527344,44.13999938964844,44.34000015258789,36.60340881347656,3500400
2017-07-18,43.97999954223633,44.279998779296875,43.59000015258789,44.08000183105469,36.38877487182617,2276900
2017-07-19,44.06999969482422,44.38999938964844,43.689998626708984,43.97999954223633,36.30622100830078,1614900
2017-07-20,43.95000076293945,44.25,43.599998474121094,43.84000015258789,36.19064712524414,1578000
2017-07-21,43.54999923706055,44.09000015258789,43.36000061035156,43.540000915527344,35.9429931640625,2170000
2017-07-24,43.54999923706055,44.36000061035156,43.54999923706055,44.31999969482422,36.58689498901367,1829400
2017-07-25,45.189998626708984,45.36000061035156,44.5,44.650001525878906,36.85932922363281,2768000
2017-07-26,46.0,46.290000915527344,45.2400016784668,45.66999816894531,37.701332092285156,4601300
2017-07-27,45.86000061035156,45.86000061035156,44.68000030517578,45.13999938964844,37.26382064819336,4096000
2017-07-28,45.11000061035156,45.439998626708984,44.810001373291016,45.2599983215332,37.36288070678711,2179800
2017-07-31,45.38999938964844,45.65999984741211,45.25,45.31999969482422,37.412418365478516,2723400
2017-08-01,45.5099983215332,45.58000183105469,44.9900016784668,45.380001068115234,37.46194839477539,3371700
2017-08-02,45.290000915527344,45.7400016784668,45.060001373291016,45.720001220703125,37.74262237548828,2222600
2017-08-03,45.65999984741211,45.849998474121094,45.310001373291016,45.4900016784668,37.55275344848633,2479100
2017-08-04,45.939998626708984,46.43000030517578,45.75,46.119998931884766,38.07282257080078,2118800
2017-08-07,45.79999923706055,46.09000015258789,45.47999954223633,45.7599983215332,37.775630950927734,1998400
2017-08-08,45.59000015258789,46.459999084472656,45.41999816894531,45.810001373291016,37.81692123413086,2354800
2017-08-09,45.439998626708984,45.61000061035156,45.029998779296875,45.290000915527344,37.38764572143555,2224300
2017-08-10,45.22999954223633,45.22999954223633,44.209999084472656,44.439998626708984,36.68596649169922,2714000
2017-08-11,44.68000030517578,44.939998626708984,43.880001068115234,44.11000061035156,36.41353988647461,1898100
2017-08-14,44.599998474121094,45.13999938964844,44.20000076293945,44.9900016784668,37.139991760253906,1539300
2017-08-15,45.529998779296875,45.77000045776367,45.099998474121094,45.130001068115234,37.35519790649414,1235600
2017-08-16,45.88999938964844,45.900001525878906,45.0099983215332,45.119998931884766,37.346923828125,1506900
2017-08-17,44.970001220703125,45.15999984741211,43.7599983215332,43.849998474121094,36.295711517333984,1696900
2017-08-18,43.77000045776367,44.20000076293945,43.45000076293945,43.91999816894531,36.3536491394043,1482900
2017-08-21,43.849998474121094,43.880001068115234,43.290000915527344,43.540000915527344,36.03911590576172,1497100
2017-08-22,43.709999084472656,44.02000045776367,43.619998931884766,43.9900016784668,36.411598205566406,1347700
2017-08-23,43.61000061035156,44.349998474121094,43.599998474121094,43.93000030517578,36.36193084716797,1497200
2017-08-24,44.209999084472656,44.459999084472656,43.97999954223633,44.380001068115234,36.73440170288086,1215900
2017-08-25,44.41999816894531,44.900001525878906,44.33000183105469,44.70000076293945,36.99928665161133,1381300
2017-08-28,44.84000015258789,45.02000045776367,44.060001373291016,44.279998779296875,36.651634216308594,1772000
2017-08-29,43.66999816894531,43.869998931884766,43.2599983215332,43.709999084472656,36.17982482910156,2427300
2017-08-30,43.7400016784668,44.119998931884766,43.58000183105469,43.81999969482422,36.2708854675293,1536000
2017-08-31,43.93000030517578,44.15999984741211,43.599998474121094,43.65999984741211,36.13844299316406,1648900
2017-09-01,43.689998626708984,44.599998474121094,43.63999938964844,44.31999969482422,36.68474197387695,1481900
2017-09-05,44.0,44.02000045776367,42.68000030517578,42.7599983215332,35.393489837646484,2286700
2017-09-06,42.939998626708984,43.09000015258789,42.2400016784668,42.61000061035156,35.26933288574219,2455900
2017-09-07,42.5099983215332,42.560001373291016,41.22999954223633,41.33000183105469,34.20985412597656,2812500
2017-09-08,41.59000015258789,41.91999816894531,41.310001373291016,41.63999938964844,34.466434478759766,2230200
2017-09-11,42.04999923706055,42.88999938964844,42.0099983215332,42.72999954223633,35.368648529052734,3184300
2017-09-12,42.90999984741211,43.630001068115234,42.75,43.33000183105469,35.865291595458984,2852100
2017-09-13,43.20000076293945,43.209999084472656,42.470001220703125,43.04999923706055,35.63352584838867,4222500
2017-09-14,42.9900016784668,43.529998779296875,42.540000915527344,42.65999984741211,35.310726165771484,3067600
2017-09-15,42.29999923706055,43.310001373291016,42.220001220703125,43.279998779296875,35.823909759521484,3177200
2017-09-18,43.43000030517578,44.11000061035156,43.20000076293945,43.959999084472656,36.38677215576172,3128900
2017-09-19,44.029998779296875,44.470001220703125,43.88999938964844,44.40999984741211,36.75923538208008,2181100
2017-09-20,44.439998626708984,45.20000076293945,43.849998474121094,45.11000061035156,37.338645935058594,2740700
2017-09-21,45.150001525878906,45.540000915527344,44.90999984741211,45.36000061035156,37.54557418823242,1959500
2017-09-22,45.16999816894531,45.189998626708984,44.810001373291016,45.119998931884766,37.346923828125,1173000
2017-09-25,44.939998626708984,45.81999969482422,44.88999938964844,45.45000076293945,37.62007522583008,2240300
2017-09-26,45.599998474121094,45.97999954223633,45.38999938964844,45.84000015258789,37.94289016723633,1800900
2017-09-27,46.38999938964844,46.970001220703125,46.08000183105469,46.59000015258789,38.56367874145508,2590800
2017-09-28,46.900001525878906,46.970001220703125,46.38999938964844,46.939998626708984,38.8533821105957,2423300
2017-09-29,46.970001220703125,47.70000076293945,46.70000076293945,47.18000030517578,39.052040100097656,1982600
2017-10-02,46.650001525878906,47.34000015258789,46.34000015258789,47.279998779296875,39.13480758666992,2236700
2017-10-03,47.220001220703125,47.34000015258789,46.630001068115234,46.93000030517578,38.84510040283203,1829300
2017-10-04,46.93000030517578,47.04999923706055,46.630001068115234,46.689998626708984,38.646446228027344,1023600
2017-10-05,46.81999969482422,47.790000915527344,46.560001373291016,47.65999984741211,39.449344635009766,1849400
2017-10-06,47.869998931884766,48.2599983215332,47.41999816894531,47.880001068115234,39.631439208984375,2316100
2017-10-09,47.970001220703125,47.970001220703125,47.31999969482422,47.34000015258789,39.184471130371094,1281100
2017-10-10,47.34000015258789,47.75,47.189998626708984,47.709999084472656,39.490726470947266,1455600
2017-10-11,47.599998474121094,47.650001525878906,47.09000015258789,47.279998779296875,39.13480758666992,1507300
2017-10-12,47.5,47.619998931884766,46.68000030517578,46.720001220703125,38.67127990722656,1623200
2017-10-13,46.45000076293945,46.88999938964844,46.150001525878906,46.599998474121094,38.57195281982422,1204700
2017-10-16,46.5,46.90999984741211,46.470001220703125,46.790000915527344,38.729225158691406,1063400
2017-10-17,46.90999984741211,46.970001220703125,45.959999084472656,45.9900016784668,38.067047119140625,1324600
2017-10-18,46.22999954223633,46.43000030517578,45.790000915527344,46.16999816894531,38.216026306152344,2649200
2017-10-19,45.70000076293945,46.2400016784668,45.279998779296875,46.04999923706055,38.116703033447266,2174100
2017-10-20,46.77000045776367,46.97999954223633,46.54999923706055,46.7599983215332,38.70439147949219,2134400
2017-10-23,46.84000015258789,47.0,46.2400016784668,46.38999938964844,38.39813232421875,2156900
2017-10-24,45.25,47.150001525878906,45.060001373291016,46.349998474121094,38.36502456665039,3804700
2017-10-25,46.400001525878906,46.880001068115234,45.52000045776367,45.9900016784668,38.067047119140625,3037800
2017-10-26,46.20000076293945,46.97999954223633,46.029998779296875,46.93000030517578,38.84510040283203,2528500
2017-10-27,46.81999969482422,47.29999923706055,46.70000076293945,47.11000061035156,38.99409103393555,2395500
2017-10-30,46.81999969482422,47.33000183105469,46.54999923706055,46.79999923706055,38.73750305175781,2139500
2017-10-31,46.68000030517578,47.06999969482422,46.439998626708984,46.459999084472656,38.45606994628906,1445300
2017-11-01,46.709999084472656,47.060001373291016,46.15999984741211,46.220001220703125,38.257415771484375,1400100
2017-11-02,46.16999816894531,46.91999816894531,45.9900016784668,46.849998474121094,38.77888488769531,1496000
2017-11-03,46.77000045776367,47.130001068115234,46.369998931884766,46.810001373291016,38.74578094482422,1249300
2017-11-06,46.75,46.84000015258789,46.09000015258789,46.45000076293945,38.44779586791992,1505000
2017-11-07,46.439998626708984,46.540000915527344,44.790000915527344,44.880001068115234,37.14826583862305,2413000
2017-11-08,44.720001220703125,44.91999816894531,44.15999984741211,44.540000915527344,36.866851806640625,2940600
2017-11-09,44.209999084472656,44.68000030517578,43.66999816894531,43.970001220703125,36.39503860473633,2076100
2017-11-10,44.099998474121094,44.41999816894531,43.83000183105469,43.93000030517578,36.36193084716797,2049000
2017-11-13,43.650001525878906,45.529998779296875,43.5,45.43000030517578,37.6035041809082,3651300
2017-11-14,45.119998931884766,47.09000015258789,45.099998474121094,46.4900016784668,38.61691665649414,4487100
2017-11-15,45.9900016784668,46.95000076293945,45.63999938964844,46.5,38.625213623046875,2180700
2017-11-16,46.720001220703125,46.9900016784668,46.060001373291016,46.11000061035156,38.30126190185547,2136300
2017-11-17,45.90999984741211,46.459999084472656,45.630001068115234,46.29999923706055,38.45909118652344,1291000
2017-11-20,46.459999084472656,47.15999984741211,46.209999084472656,47.099998474121094,39.123600006103516,2387100
2017-11-21,47.34000015258789,47.34000015258789,46.709999084472656,46.88999938964844,38.94916534423828,1619400
2017-11-22,47.04999923706055,47.04999923706055,46.349998474121094,46.349998474121094,38.50062561035156,1204200
2017-11-24,46.650001525878906,46.84000015258789,46.310001373291016,46.349998474121094,38.50062561035156,688600
2017-11-27,46.25,46.689998626708984,46.06999969482422,46.41999816894531,38.55876159667969,1717500
2017-11-28,46.619998931884766,48.13999938964844,46.529998779296875,48.09000015258789,39.945953369140625,3198100
2017-11-29,48.560001373291016,49.95000076293945,48.5,49.4900016784668,41.108856201171875,3982500
2017-11-30,49.93000030517578,50.5099983215332,49.400001525878906,49.54999923706055,41.158695220947266,3451700
2017-12-01,49.52000045776367,50.34000015258789,48.279998779296875,50.08000183105469,41.598941802978516,4038800
2017-12-04,51.040000915527344,52.15999984741211,50.5099983215332,51.7400016784668,42.97782897949219,3789700
2017-12-05,52.02000045776367,52.20000076293945,50.77000045776367,50.880001068115234,42.26346206665039,2436800
2017-12-06,50.45000076293945,50.709999084472656,49.86000061035156,49.91999816894531,41.46603012084961,3233800
2017-12-07,49.90999984741211,50.86000061035156,49.599998474121094,50.470001220703125,41.92290115356445,2414600
2017-12-08,50.880001068115234,51.029998779296875,50.40999984741211,50.93000030517578,42.304996490478516,1653400
2017-12-11,50.900001525878906,51.060001373291016,49.79999923706055,49.939998626708984,41.48265075683594,1857000
2017-12-12,50.029998779296875,50.61000061035156,49.88999938964844,50.459999084472656,41.914588928222656,2432700
2017-12-13,50.61000061035156,50.81999969482422,49.54999923706055,49.7599983215332,41.3331298828125,2193600
2017-12-14,49.90999984741211,50.25,49.130001068115234,49.220001220703125,40.88459014892578,2788900
2017-12-15,49.29999923706055,50.720001220703125,49.220001220703125,50.0099983215332,41.540794372558594,4481600
2017-12-18,50.5,51.22999954223633,50.5,50.97999954223633,42.34653091430664,2616500
2017-12-19,51.18000030517578,51.34000015258789,50.7400016784668,50.88999938964844,42.271766662597656,1336400
2017-12-20,51.43000030517578,51.52000045776367,50.209999084472656,50.72999954223633,42.13886260986328,1701200
2017-12-21,51.119998931884766,51.630001068115234,50.900001525878906,51.459999084472656,42.74524688720703,1607200
2017-12-22,51.5,51.59000015258789,50.90999984741211,51.33000183105469,42.63725662231445,879900
2017-12-26,51.25,51.970001220703125,50.65999984741211,50.86000061035156,42.24684524536133,808100
2017-12-27,50.779998779296875,50.88999938964844,50.459999084472656,50.709999084472656,42.12226104736328,694600
2017-12-28,50.91999816894531,51.369998931884766,50.529998779296875,51.34000015258789,42.645565032958984,976400
2017-12-29,51.279998779296875,51.54999923706055,50.810001373291016,50.83000183105469,42.221923828125,1261800
2018-01-02,52.16999816894531,52.16999816894531,50.15999984741211,50.70000076293945,42.11394119262695,2387100
2018-01-03,50.689998626708984,50.849998474121094,50.279998779296875,50.63999938964844,42.0640983581543,1575700
2018-01-04,51.02000045776367,51.630001068115234,50.54999923706055,50.849998474121094,42.23854446411133,3309200
2018-01-05,51.11000061035156,51.20000076293945,50.470001220703125,50.869998931884766,42.25515365600586,1212200
2018-01-08,50.869998931884766,51.0,50.47999954223633,50.619998931884766,42.04749298095703,1697700
2018-01-09,50.869998931884766,52.13999938964844,50.650001525878906,51.810001373291016,43.035972595214844,1888100
2018-01-10,51.849998474121094,53.06999969482422,51.84000015258789,52.349998474121094,43.484519958496094,2790500
2018-01-11,52.59000015258789,53.22999954223633,52.380001068115234,53.11000061035156,44.11580276489258,1242800
2018-01-12,53.380001068115234,53.77000045776367,53.04999923706055,53.279998779296875,44.257022857666016,1634400
2018-01-16,53.65999984741211,53.869998931884766,52.5099983215332,52.900001525878906,43.94137954711914,1512100
2018-01-17,53.150001525878906,53.540000915527344,52.33000183105469,53.31999969482422,44.290252685546875,1351100
2018-01-18,53.369998931884766,53.54999923706055,52.689998626708984,52.86000061035156,43.90814971923828,1393500
2018-01-19,52.630001068115234,53.75,52.630001068115234,53.72999954223633,44.63080978393555,2438900
2018-01-22,53.77000045776367,54.220001220703125,53.29999923706055,54.15999984741211,44.98799514770508,2546900
2018-01-23,53.970001220703125,54.880001068115234,53.150001525878906,54.16999816894531,44.99630355834961,2941400
2018-01-24,54.369998931884766,54.4900016784668,53.060001373291016,53.7400016784668,44.63912582397461,2260300
2018-01-25,53.869998931884766,53.95000076293945,52.75,53.02000045776367,44.041053771972656,1964700
2018-01-26,53.369998931884766,54.06999969482422,52.959999084472656,54.02000045776367,44.8717041015625,1676700
2018-01-29,54.0,55.02000045776367,53.849998474121094,54.189998626708984,45.01291275024414,2841300
2018-01-30,53.709999084472656,54.59000015258789,53.709999084472656,53.93000030517578,44.79693603515625,2444700
2018-01-31,53.959999084472656,54.86000061035156,53.869998931884766,54.029998779296875,44.880008697509766,2243800
2018-02-01,53.790000915527344,55.0,53.59000015258789,54.97999954223633,45.66912841796875,3541700
2018-02-02,54.77000045776367,55.61000061035156,53.97999954223633,54.150001525878906,44.97969055175781,4533600
2018-02-05,53.540000915527344,54.15999984741211,51.220001220703125,51.650001525878906,42.9030647277832,3305300
2018-02-06,50.40999984741211,52.7599983215332,49.7599983215332,52.52000045776367,43.6257209777832,3682500
2018-02-07,52.22999954223633,54.31999969482422,52.220001220703125,54.02000045776367,44.8717041015625,6427300
2018-02-08,54.02000045776367,54.33000183105469,50.70000076293945,50.709999084472656,42.12226104736328,3213100
2018-02-09,51.599998474121094,52.04999923706055,49.9900016784668,51.63999938964844,42.89476013183594,2791700
2018-02-12,52.06999969482422,52.5099983215332,51.290000915527344,52.060001373291016,43.24363708496094,2571300
2018-02-13,51.59000015258789,52.18000030517578,51.5099983215332,51.959999084472656,43.16057205200195,1767100
2018-02-14,52.38999938964844,54.77000045776367,51.81999969482422,54.5099983215332,45.453678131103516,4791300
2018-02-15,54.959999084472656,55.060001373291016,54.2599983215332,54.77000045776367,45.67047882080078,2250000
2018-02-16,54.61000061035156,55.36000061035156,54.5,55.06999969482422,45.920631408691406,2343100
2018-02-20,54.86000061035156,55.400001525878906,54.59000015258789,54.970001220703125,45.837257385253906,2093200
2018-02-21,55.040000915527344,56.56999969482422,54.70000076293945,55.86000061035156,46.57938766479492,2644800
2018-02-22,56.099998474121094,56.22999954223633,54.5099983215332,54.720001220703125,45.62879180908203,1836000
2018-02-23,54.869998931884766,55.70000076293945,54.68000030517578,55.68000030517578,46.42930221557617,2001600
2018-02-26,56.099998474121094,56.310001373291016,55.369998931884766,56.290000915527344,46.93795394897461,1938100
2018-02-27,56.29999923706055,57.06999969482422,55.7400016784668,55.7400016784668,46.479331970214844,1715700
2018-02-28,55.90999984741211,56.310001373291016,54.939998626708984,54.970001220703125,45.837257385253906,3168400
2018-03-01,55.11000061035156,55.65999984741211,54.099998474121094,54.380001068115234,45.345272064208984,2848500
2018-03-02,54.13999938964844,54.95000076293945,53.400001525878906,54.810001373291016,45.70383834838867,2226700
2018-03-05,54.38999938964844,55.9900016784668,53.970001220703125,55.709999084472656,46.454307556152344,4642700
2018-03-06,55.81999969482422,56.56999969482422,55.25,56.540000915527344,47.14641189575195,1600400
2018-03-07,55.83000183105469,57.08000183105469,55.83000183105469,56.93000030517578,47.471614837646484,1405400
2018-03-08,56.90999984741211,57.130001068115234,55.22999954223633,56.099998474121094,46.779502868652344,2060000
2018-03-09,56.75,57.04999923706055,56.310001373291016,57.040000915527344,47.56333923339844,1883100
2018-03-12,57.040000915527344,57.290000915527344,55.79999923706055,56.58000183105469,47.17976760864258,3135800
2018-03-13,57.040000915527344,57.290000915527344,55.459999084472656,55.75,46.48765563964844,2462000
2018-03-14,55.970001220703125,55.970001220703125,54.4900016784668,54.779998779296875,45.67881393432617,1828200
2018-03-15,55.56999969482422,55.56999969482422,54.470001220703125,54.75,45.65380096435547,2291600
2018-03-16,55.0,55.79999923706055,54.91999816894531,55.52000045776367,46.295867919921875,5493300
2018-03-19,55.31999969482422,55.77000045776367,54.34000015258789,54.9900016784668,45.853939056396484,1669500
2018-03-20,55.349998474121094,55.470001220703125,54.470001220703125,54.79999923706055,45.69549560546875,2864300
2018-03-21,54.939998626708984,55.779998779296875,54.38999938964844,55.099998474121094,45.94565200805664,2028900
2018-03-22,54.529998779296875,54.70000076293945,52.970001220703125,53.06999969482422,44.2529182434082,2809700
2018-03-23,53.220001220703125,53.369998931884766,51.16999816894531,51.22999954223633,42.7186164855957,3401200
2018-03-26,52.20000076293945,53.40999984741211,51.900001525878906,53.2400016784668,44.394676208496094,2457800
2018-03-27,53.25,53.709999084472656,51.619998931884766,52.02000045776367,43.37736511230469,2262400
2018-03-28,52.099998474121094,52.630001068115234,51.54999923706055,52.16999816894531,43.50244903564453,1968600
2018-03-29,52.40999984741211,53.029998779296875,51.97999954223633,52.72999954223633,43.96940994262695,1747400
2018-04-02,52.63999938964844,52.79999923706055,50.84000015258789,51.369998931884766,42.835357666015625,2250200
2018-04-03,51.77000045776367,52.34000015258789,51.31999969482422,51.939998626708984,43.31066131591797,2431700
2018-04-04,51.02000045776367,53.0099983215332,50.939998626708984,52.849998474121094,44.06947326660156,2105400
2018-04-05,53.16999816894531,53.459999084472656,52.619998931884766,52.88999938964844,44.102821350097656,1545900
2018-04-06,52.36000061035156,52.9900016784668,50.900001525878906,51.439998626708984,42.893733978271484,2475600
2018-04-09,51.939998626708984,52.90999984741211,51.61000061035156,51.630001068115234,43.05216979980469,1601500
2018-04-10,52.45000076293945,52.720001220703125,51.790000915527344,52.400001525878906,43.69423294067383,1635900
2018-04-11,51.81999969482422,52.65999984741211,51.68000030517578,52.13999938964844,43.47743606567383,1981000
2018-04-12,52.5099983215332,54.43000030517578,52.459999084472656,54.130001068115234,45.136810302734375,2284800
2018-04-13,54.4900016784668,54.560001373291016,52.65999984741211,52.849998474121094,44.06947326660156,2365500
2018-04-16,53.25,53.70000076293945,52.7400016784668,53.310001373291016,44.453041076660156,1459100
2018-04-17,53.619998931884766,53.619998931884766,51.560001373291016,51.91999816894531,43.29397964477539,2023200
2018-04-18,52.130001068115234,52.630001068115234,51.72999954223633,52.08000183105469,43.42740249633789,2701000
2018-04-19,52.029998779296875,53.369998931884766,51.93000030517578,53.209999084472656,44.369659423828125,2154800
2018-04-20,53.25,54.04999923706055,53.25,53.79999923706055,44.86163330078125,2493000
2018-04-23,54.04999923706055,54.380001068115234,53.70000076293945,54.2599983215332,45.245216369628906,2963900
2018-04-24,56.95000076293945,56.95000076293945,54.599998474121094,55.09000015258789,45.937320709228516,4341700
2018-04-25,54.95000076293945,55.91999816894531,54.04999923706055,55.2599983215332,46.079063415527344,3530200
2018-04-26,55.119998931884766,55.540000915527344,54.7599983215332,55.06999969482422,45.920631408691406,1621100
2018-04-27,55.349998474121094,56.0,55.02000045776367,55.599998474121094,46.36258316040039,1682200
2018-04-30,55.75,56.310001373291016,54.7400016784668,54.75,45.65380096435547,2115100
2018-05-01,54.560001373291016,55.5,54.08000183105469,55.04999923706055,45.90394973754883,2102500
2018-05-02,54.90999984741211,56.119998931884766,54.5099983215332,55.189998626708984,46.020694732666016,3247100
2018-05-03,54.88999938964844,55.380001068115234,53.97999954223633,54.45000076293945,45.403648376464844,2587000
2018-05-04,54.06999969482422,55.93000030517578,53.7599983215332,55.459999084472656,46.245845794677734,2144200
2018-05-07,55.54999923706055,56.029998779296875,54.93000030517578,55.5099983215332,46.28752517700195,1774000
2018-05-08,55.5099983215332,56.869998931884766,55.4900016784668,55.95000076293945,46.65443801879883,3088400
2018-05-09,56.369998931884766,57.52000045776367,56.040000915527344,57.279998779296875,47.76346969604492,2355800
2018-05-10,57.20000076293945,58.130001068115234,56.93000030517578,57.779998779296875,48.18039321899414,2069100
2018-05-11,57.91999816894531,58.279998779296875,57.560001373291016,57.810001373291016,48.205413818359375,1436300
2018-05-14,58.060001373291016,58.18000030517578,57.290000915527344,57.61000061035156,48.03864669799805,1273700
2018-05-15,57.439998626708984,58.27000045776367,57.15999984741211,57.83000183105469,48.22209548950195,2223500
2018-05-16,57.4900016784668,57.93000030517578,57.22999954223633,57.7599983215332,48.36443328857422,1351600
2018-05-17,57.61000061035156,58.459999084472656,57.27000045776367,58.29999923706055,48.81659698486328,1615600
2018-05-18,58.18000030517578,58.279998779296875,57.72999954223633,57.77000045776367,48.372802734375,996500
2018-05-21,58.209999084472656,58.63999938964844,57.810001373291016,57.959999084472656,48.531898498535156,1337300
2018-05-22,58.13999938964844,59.189998626708984,57.970001220703125,58.540000915527344,49.017555236816406,1886100
2018-05-23,58.349998474121094,58.65999984741211,57.58000183105469,58.0099983215332,48.57377243041992,1634200
2018-05-24,58.09000015258789,58.130001068115234,56.900001525878906,57.86000061035156,48.448177337646484,1819000
2018-05-25,57.400001525878906,57.68000030517578,56.88999938964844,57.04999923706055,47.769927978515625,1696100
2018-05-29,56.5,56.83000183105469,54.599998474121094,54.91999816894531,45.98640441894531,3153800
2018-05-30,55.959999084472656,55.959999084472656,55.040000915527344,55.529998779296875,46.4971809387207,2217800
2018-05-31,55.47999954223633,55.54999923706055,54.65999984741211,54.810001373291016,45.89430236816406,2223200
2018-06-01,55.709999084472656,56.060001373291016,55.34000015258789,55.65999984741211,46.60602951049805,1660200
2018-06-04,55.689998626708984,56.150001525878906,55.47999954223633,56.09000015258789,46.96609878540039,1293800
2018-06-05,55.84000015258789,56.11000061035156,55.0099983215332,55.779998779296875,46.70651626586914,1546600
2018-06-06,56.099998474121094,57.38999938964844,56.04999923706055,57.150001525878906,47.853668212890625,1948100
2018-06-07,57.2599983215332,57.599998474121094,56.5,56.959999084472656,47.69457244873047,1677500
2018-06-08,56.959999084472656,57.33000183105469,56.650001525878906,57.189998626708984,47.88715362548828,1519800
2018-06-11,57.349998474121094,57.540000915527344,56.439998626708984,56.56999969482422,47.36800765991211,1907500
2018-06-12,56.84000015258789,57.02000045776367,56.029998779296875,56.349998474121094,47.18379211425781,1450000
2018-06-13,56.5099983215332,57.040000915527344,55.72999954223633,56.0,46.8907356262207,2080400
2018-06-14,56.02000045776367,56.2599983215332,55.18000030517578,55.45000076293945,46.430198669433594,1854400
2018-06-15,55.0099983215332,55.459999084472656,54.2599983215332,55.279998779296875,46.2878532409668,2710500
2018-06-18,54.959999084472656,55.7400016784668,54.61000061035156,55.599998474121094,46.555789947509766,1562600
2018-06-19,54.939998626708984,55.959999084472656,54.7400016784668,55.900001525878906,46.807003021240234,1732600
2018-06-20,56.29999923706055,56.72999954223633,56.08000183105469,56.16999816894531,47.033077239990234,1495300
2018-06-21,56.0099983215332,56.650001525878906,55.70000076293945,56.5099983215332,47.317771911621094,1727100
2018-06-22,57.029998779296875,57.25,55.38999938964844,55.5099983215332,46.48042678833008,2127200
2018-06-25,55.459999084472656,55.459999084472656,53.84000015258789,54.630001068115234,45.74359130859375,2231700
2018-06-26,54.65999984741211,54.849998474121094,53.400001525878906,54.029998779296875,45.24118423461914,2113300
2018-06-27,54.06999969482422,54.36000061035156,52.88999938964844,53.04999923706055,44.42059326171875,1896800
2018-06-28,53.20000076293945,53.66999816894531,52.650001525878906,53.16999816894531,44.52107238769531,1909200
2018-06-29,53.5,54.220001220703125,52.68000030517578,52.689998626708984,44.11915969848633,2740900
2018-07-02,52.43000030517578,53.09000015258789,52.2400016784668,52.959999084472656,44.34523391723633,2197500
2018-07-03,52.970001220703125,53.470001220703125,52.25,52.33000183105469,43.817710876464844,886700
2018-07-05,52.779998779296875,52.939998626708984,52.11000061035156,52.380001068115234,43.859580993652344,1625200
2018-07-06,52.25,52.880001068115234,51.83000183105469,52.58000183105469,44.02704620361328,1476500
2018-07-09,52.93000030517578,54.02000045776367,52.70000076293945,53.93000030517578,45.15744400024414,1937700
2018-07-10,54.349998474121094,54.52000045776367,53.22999954223633,53.41999816894531,44.73040771484375,2453100
2018-07-11,53.2400016784668,53.790000915527344,52.97999954223633,53.130001068115234,44.487586975097656,1756200
2018-07-12,54.9900016784668,54.9900016784668,52.099998474121094,52.54999923706055,44.001922607421875,1874300
2018-07-13,52.400001525878906,52.470001220703125,51.59000015258789,51.7599983215332,43.340431213378906,2433100
2018-07-16,51.810001373291016,52.560001373291016,51.810001373291016,52.38999938964844,43.86794662475586,1925300
2018-07-17,52.36000061035156,53.290000915527344,52.36000061035156,53.060001373291016,44.428958892822266,2228800
2018-07-18,53.040000915527344,54.34000015258789,53.040000915527344,54.13999938964844,45.33328628540039,2878800
2018-07-19,54.400001525878906,54.470001220703125,53.09000015258789,53.20000076293945,44.54619598388672,2399700
2018-07-20,53.16999816894531,53.400001525878906,52.560001373291016,53.0099983215332,44.3870964050293,2394400
2018-07-23,53.150001525878906,54.22999954223633,53.08000183105469,53.79999923706055,45.0485954284668,2607300
2018-07-24,51.900001525878906,53.279998779296875,51.54999923706055,52.25,43.750728607177734,4974300
2018-07-25,52.0099983215332,52.529998779296875,51.220001220703125,51.52000045776367,43.13947296142578,5145000
2018-07-26,51.58000183105469,52.459999084472656,50.75,51.689998626708984,43.28181076049805,2061400
2018-07-27,51.869998931884766,52.45000076293945,51.310001373291016,51.68000030517578,43.273441314697266,3058600
2018-07-30,51.81999969482422,52.47999954223633,51.66999816894531,52.380001068115234,43.859580993652344,3955600
2018-07-31,52.439998626708984,52.599998474121094,51.369998931884766,51.70000076293945,43.290184020996094,2968400
2018-08-01,51.93000030517578,53.5099983215332,51.93000030517578,52.810001373291016,44.21963119506836,3497100
2018-08-02,52.619998931884766,53.86000061035156,52.31999969482422,53.529998779296875,44.822509765625,3180600
2018-08-03,53.52000045776367,53.84000015258789,53.04999923706055,53.34000015258789,44.663421630859375,1803600
2018-08-06,53.25,53.58000183105469,52.77000045776367,53.22999954223633,44.57132339477539,1787200
2018-08-07,53.33000183105469,54.08000183105469,53.2400016784668,53.380001068115234,44.6969108581543,1799400
2018-08-08,53.36000061035156,53.86000061035156,53.04999923706055,53.68000030517578,44.94811248779297,1539500
2018-08-09,53.540000915527344,53.790000915527344,53.09000015258789,53.150001525878906,44.50433349609375,780500
2018-08-10,52.58000183105469,53.34000015258789,52.5,53.060001373291016,44.428958892822266,1788600
2018-08-13,53.060001373291016,53.27000045776367,52.540000915527344,52.56999969482422,44.0186767578125,1429500
2018-08-14,52.79999923706055,53.68000030517578,52.63999938964844,53.56999969482422,44.85600662231445,2577300
2018-08-15,52.869998931884766,53.22999954223633,52.5,52.720001220703125,44.39288330078125,2054100
2018-08-16,52.790000915527344,54.040000915527344,52.779998779296875,53.7400016784668,45.251766204833984,1522800
2018-08-17,53.54999923706055,53.97999954223633,53.0099983215332,53.72999954223633,45.243350982666016,1321200
2018-08-20,53.7400016784668,54.189998626708984,53.540000915527344,53.97999954223633,45.453861236572266,1542200
2018-08-21,54.189998626708984,54.7599983215332,53.97999954223633,54.220001220703125,45.65595626831055,1649600
2018-08-22,53.95000076293945,54.209999084472656,53.0099983215332,54.06999969482422,45.52964782714844,651800
2018-08-23,53.959999084472656,54.029998779296875,53.369998931884766,53.58000183105469,45.117042541503906,1084800
2018-08-24,53.810001373291016,53.93000030517578,53.380001068115234,53.41999816894531,44.9823112487793,780900
2018-08-27,53.72999954223633,54.13999938964844,53.52000045776367,53.66999816894531,45.19282531738281,1326300
2018-08-28,53.939998626708984,53.97999954223633,53.31999969482422,53.52000045776367,45.066524505615234,1244300
2018-08-29,53.5099983215332,53.959999084472656,53.119998931884766,53.68000030517578,45.20124816894531,2068600
2018-08-30,53.47999954223633,53.709999084472656,53.119998931884766,53.16999816894531,44.77180099487305,2648900
2018-08-31,53.029998779296875,53.349998474121094,52.880001068115234,53.290000915527344,44.872840881347656,1644100
2018-09-04,53.349998474121094,54.0,53.18000030517578,53.91999816894531,45.40333938598633,1987500
2018-09-05,53.88999938964844,54.369998931884766,53.66999816894531,53.83000183105469,45.327552795410156,1213500
2018-09-06,53.810001373291016,53.939998626708984,53.290000915527344,53.31999969482422,44.89811325073242,1100800
2018-09-07,53.15999984741211,53.36000061035156,52.5,52.7599983215332,44.42656326293945,2152000
2018-09-10,52.900001525878906,53.29999923706055,52.79999923706055,52.93000030517578,44.5697135925293,1352100
2018-09-11,52.9900016784668,53.52000045776367,52.84000015258789,53.16999816894531,44.77180099487305,1048100
2018-09-12,53.099998474121094,53.13999938964844,52.060001373291016,52.25,43.99711990356445,1543700
2018-09-13,52.40999984741211,52.58000183105469,51.529998779296875,51.61000061035156,43.45819854736328,1871100
2018-09-14,51.72999954223633,52.5,51.529998779296875,52.209999084472656,43.96343231201172,1741800
2018-09-17,52.25,52.279998779296875,51.45000076293945,51.709999084472656,43.54240417480469,1567900
2018-09-18,51.7599983215332,51.7599983215332,51.2400016784668,51.5099983215332,43.374000549316406,1701200
2018-09-19,51.4900016784668,52.349998474121094,51.400001525878906,52.08000183105469,43.85396957397461,1761100
2018-09-20,52.279998779296875,52.81999969482422,52.09000015258789,52.5,44.2076301574707,2199600
2018-09-21,52.40999984741211,52.70000076293945,52.09000015258789,52.56999969482422,44.266571044921875,5125800
2018-09-24,52.439998626708984,52.5099983215332,51.66999816894531,51.900001525878906,43.7024040222168,1668400
2018-09-25,52.0,52.2599983215332,51.72999954223633,51.810001373291016,43.626617431640625,1265900
2018-09-26,52.0,52.060001373291016,50.81999969482422,50.959999084472656,42.91087341308594,1700700
2018-09-27,50.9900016784668,50.9900016784668,50.2599983215332,50.29999923706055,42.35511779785156,1569300
2018-09-28,49.959999084472656,50.34000015258789,49.790000915527344,50.150001525878906,42.22880935668945,1871900
2018-10-01,50.38999938964844,50.529998779296875,49.31999969482422,49.56999969482422,41.74041748046875,2262000
2018-10-02,49.83000183105469,49.959999084472656,49.16999816894531,49.43000030517578,41.622535705566406,1616500
2018-10-03,49.86000061035156,51.04999923706055,49.630001068115234,50.779998779296875,42.75929260253906,2217200
2018-10-04,50.95000076293945,51.9900016784668,50.88999938964844,51.529998779296875,43.39083480834961,2040000
2018-10-05,51.5,51.869998931884766,50.900001525878906,51.16999816894531,43.087703704833984,1728700
2018-10-08,51.130001068115234,52.2400016784668,50.90999984741211,52.09000015258789,43.86238479614258,2125500
2018-10-09,51.90999984741211,52.0099983215332,51.45000076293945,51.66999816894531,43.50872802734375,1524600
2018-10-10,51.849998474121094,52.2599983215332,50.790000915527344,50.81999969482422,42.79298782348633,2224400
2018-10-11,50.5099983215332,50.81999969482422,49.11000061035156,49.18000030517578,41.41202163696289,3110400
2018-10-12,49.7400016784668,50.22999954223633,47.150001525878906,48.220001220703125,40.60365676879883,3752000
2018-10-15,48.119998931884766,48.7400016784668,47.95000076293945,48.0,40.418399810791016,2052000
2018-10-16,48.27000045776367,48.279998779296875,47.47999954223633,48.16999816894531,40.561553955078125,2728900
2018-10-17,47.93000030517578,48.880001068115234,47.41999816894531,48.439998626708984,40.788902282714844,2642600
2018-10-18,48.27000045776367,48.65999984741211,47.27000045776367,47.349998474121094,39.87105941772461,3445200
2018-10-19,47.22999954223633,47.93000030517578,46.79999923706055,46.970001220703125,39.55110168457031,3083700
2018-10-22,47.15999984741211,47.2400016784668,45.20000076293945,45.349998474121094,38.18696594238281,3468000
2018-10-23,47.529998779296875,47.72999954223633,45.86000061035156,47.18000030517578,39.72792434692383,4688300
2018-10-24,47.189998626708984,47.33000183105469,45.529998779296875,45.619998931884766,38.414329528808594,4266600
2018-10-25,45.88999938964844,47.540000915527344,45.88999938964844,47.150001525878906,39.702659606933594,3108900
2018-10-26,46.650001525878906,47.310001373291016,46.119998931884766,46.560001373291016,39.20584487915039,3596100
2018-10-29,47.54999923706055,47.959999084472656,46.5,47.040000915527344,39.61003875732422,4494600
2018-10-30,47.2599983215332,47.439998626708984,46.38999938964844,46.900001525878906,39.492149353027344,5212400
2018-10-31,47.41999816894531,48.2400016784668,47.02000045776367,47.04999923706055,39.61845397949219,5025400
2018-11-01,47.220001220703125,47.900001525878906,47.20000076293945,47.58000183105469,40.06474304199219,4362700
2018-11-02,48.130001068115234,48.849998474121094,47.86000061035156,48.16999816894531,40.561553955078125,2389600
2018-11-05,48.29999923706055,48.95000076293945,48.220001220703125,48.65999984741211,40.974151611328125,2282600
2018-11-06,48.40999984741211,49.43000030517578,48.209999084472656,49.189998626708984,41.42044448852539,2650000
2018-11-07,49.689998626708984,49.79999923706055,48.349998474121094,49.709999084472656,41.858306884765625,2606900
2018-11-08,49.529998779296875,50.849998474121094,49.369998931884766,50.41999816894531,42.456153869628906,3506900
2018-11-09,50.2599983215332,50.939998626708984,49.75,50.15999984741211,42.23723220825195,2155900
2018-11-12,50.0,50.43000030517578,49.34000015258789,49.439998626708984,41.63095474243164,1922900
2018-11-13,49.189998626708984,50.11000061035156,48.900001525878906,48.939998626708984,41.461509704589844,3595900
2018-11-14,49.18000030517578,49.5,47.45000076293945,47.849998474121094,40.53807830810547,3548300
2018-11-15,47.470001220703125,48.40999984741211,47.13999938964844,48.349998474121094,40.961673736572266,2334400
2018-11-16,47.970001220703125,48.959999084472656,47.810001373291016,48.43000030517578,41.02945327758789,3324400
2018-11-19,48.459999084472656,49.189998626708984,48.220001220703125,48.5,41.08875274658203,2257300
2018-11-20,48.220001220703125,48.470001220703125,47.31999969482422,47.380001068115234,40.1399040222168,2292400
2018-11-21,47.470001220703125,48.13999938964844,46.88999938964844,47.11000061035156,39.911155700683594,1676200
2018-11-23,46.77000045776367,47.5,46.459999084472656,47.02000045776367,39.83491134643555,924000
2018-11-26,47.54999923706055,48.4900016784668,47.369998931884766,48.06999969482422,40.724456787109375,1664400
2018-11-27,48.18000030517578,48.43000030517578,47.65999984741211,47.91999816894531,40.597381591796875,1442600
2018-11-28,47.900001525878906,48.47999954223633,47.2400016784668,48.310001373291016,40.927791595458984,1336000
2018-11-29,47.880001068115234,48.5099983215332,47.7400016784668,48.209999084472656,40.843074798583984,1177100
2018-11-30,48.09000015258789,48.939998626708984,47.95000076293945,48.65999984741211,41.224300384521484,4656300
2018-12-03,49.16999816894531,49.470001220703125,48.099998474121094,48.38999938964844,40.99555969238281,2529000
2018-12-04,48.25,48.369998931884766,45.220001220703125,45.88999938964844,38.877593994140625,3636700
2018-12-06,45.029998779296875,45.939998626708984,44.54999923706055,45.88999938964844,38.877593994140625,3103200
2018-12-07,45.83000183105469,46.43000030517578,44.83000183105469,45.11000061035156,38.21677017211914,2035700
2018-12-10,44.790000915527344,45.06999969482422,43.70000076293945,44.22999954223633,37.471248626708984,2821700
2018-12-11,44.77000045776367,45.0,43.290000915527344,43.45000076293945,36.81044387817383,2828000
2018-12-12,44.18000030517578,44.220001220703125,43.459999084472656,43.720001220703125,37.039180755615234,4743300
2018-12-13,43.939998626708984,43.9900016784668,42.400001525878906,42.5,36.00560760498047,3764800
2018-12-14,42.06999969482422,42.7400016784668,41.40999984741211,41.540000915527344,35.19230270385742,3918200
2018-12-17,41.310001373291016,42.220001220703125,41.04999923706055,41.189998626708984,34.89579391479492,3884300
2018-12-18,41.470001220703125,41.900001525878906,40.400001525878906,40.7599983215332,34.53148651123047,3384900
2018-12-19,40.849998474121094,41.5099983215332,39.900001525878906,40.130001068115234,33.99776840209961,3597700
2018-12-20,39.83000183105469,40.5,39.43000030517578,39.7400016784668,33.667362213134766,3223800
2018-12-21,39.75,40.310001373291016,38.90999984741211,39.060001373291016,33.09127426147461,3817800
2018-12-24,38.77000045776367,39.20000076293945,38.189998626708984,38.5099983215332,32.62531661987305,1504800
2018-12-26,38.61000061035156,40.52000045776367,38.08000183105469,40.5099983215332,34.31969451904297,2969800
2018-12-27,39.849998474121094,40.459999084472656,39.18000030517578,40.459999084472656,34.277339935302734,2534200
2018-12-28,40.66999816894531,41.029998779296875,40.09000015258789,40.43000030517578,34.25192642211914,2558600
2018-12-31,40.4900016784668,40.959999084472656,39.939998626708984,40.7400016784668,34.514556884765625,2575600
2019-01-02,40.029998779296875,41.61000061035156,40.029998779296875,41.58000183105469,35.22618865966797,2234100
2019-01-03,41.529998779296875,42.13999938964844,41.20000076293945,41.349998474121094,35.03133010864258,2078400
2019-01-04,42.130001068115234,42.810001373291016,41.880001068115234,42.619998931884766,36.10726547241211,2370500
2019-01-07,42.27000045776367,43.38999938964844,42.099998474121094,42.790000915527344,36.25129318237305,2459700
2019-01-08,43.310001373291016,43.33000183105469,42.459999084472656,43.18000030517578,36.581695556640625,2819200
2019-01-09,43.33000183105469,43.95000076293945,42.97999954223633,43.54999923706055,36.89516067504883,2700300
2019-01-10,43.439998626708984,43.95000076293945,43.18000030517578,43.7599983215332,37.07307815551758,2063000
2019-01-11,43.47999954223633,44.13999938964844,43.2599983215332,43.9900016784668,37.267921447753906,2074100
2019-01-14,43.66999816894531,44.560001373291016,43.540000915527344,44.31999969482422,37.54750061035156,2116200
2019-01-15,44.150001525878906,44.83000183105469,43.779998779296875,44.810001373291016,37.962623596191406,1748000
2019-01-16,45.13999938964844,45.91999816894531,44.970001220703125,45.75,38.75897979736328,2826500
2019-01-17,45.540000915527344,46.630001068115234,45.150001525878906,46.59000015258789,39.47062683105469,3989600
2019-01-18,46.849998474121094,47.209999084472656,46.06999969482422,47.04999923706055,39.860328674316406,4259600
2019-01-22,46.79999923706055,46.959999084472656,46.18000030517578,46.529998779296875,39.41979217529297,4301100
2019-01-23,47.400001525878906,48.4900016784668,46.720001220703125,48.11000061035156,40.75835418701172,5894200
2019-01-24,47.77000045776367,48.7400016784668,47.709999084472656,48.599998474121094,41.17346954345703,3144700
2019-01-25,48.810001373291016,49.20000076293945,48.54999923706055,48.68000030517578,41.24124526977539,2842500
2019-01-28,48.279998779296875,48.95000076293945,48.11000061035156,48.79999923706055,41.34291076660156,2613100
2019-01-29,48.779998779296875,49.189998626708984,48.220001220703125,48.25,40.87696075439453,1810200
2019-01-30,48.400001525878906,48.630001068115234,47.91999816894531,47.97999954223633,40.64821243286133,2328600
2019-01-31,47.7400016784668,48.0,46.81999969482422,47.59000015258789,40.317806243896484,3905100
2019-02-01,47.79999923706055,48.380001068115234,47.45000076293945,48.290000915527344,40.91083908081055,2423300
2019-02-04,48.36000061035156,49.060001373291016,48.0099983215332,49.0099983215332,41.52082061767578,2684900
2019-02-05,48.95000076293945,49.189998626708984,48.25,48.83000183105469,41.36833190917969,3755200
2019-02-06,48.59000015258789,49.08000183105469,48.52000045776367,48.97999954223633,41.49540710449219,2015400
2019-02-07,49.66999816894531,50.22999954223633,49.02000045776367,49.29999923706055,41.766510009765625,3289800
2019-02-08,49.060001373291016,49.27000045776367,48.349998474121094,49.040000915527344,41.546241760253906,2887100
2019-02-11,49.29999923706055,49.650001525878906,49.13999938964844,49.41999816894531,41.86817169189453,1826100
2019-02-12,49.79999923706055,50.220001220703125,49.56999969482422,49.88999938964844,42.266353607177734,2656200
2019-02-13,49.689998626708984,50.0,49.310001373291016,49.54999923706055,42.23225021362305,2270100
2019-02-14,49.220001220703125,49.290000915527344,48.599998474121094,48.93000030517578,41.703826904296875,2709100
2019-02-15,49.2400016784668,50.150001525878906,48.130001068115234,50.11000061035156,42.70954895019531,2744500
2019-02-19,49.72999954223633,50.86000061035156,49.70000076293945,50.720001220703125,43.229469299316406,1770100
2019-02-20,50.689998626708984,51.33000183105469,50.41999816894531,51.279998779296875,43.706756591796875,1856000
2019-02-21,50.77000045776367,51.16999816894531,50.68000030517578,50.900001525878906,43.38287353515625,3094700
2019-02-22,50.93000030517578,51.209999084472656,50.720001220703125,51.16999816894531,43.613006591796875,2407400
2019-02-25,51.41999816894531,51.720001220703125,50.95000076293945,50.9900016784668,43.459590911865234,1897700
2019-02-26,50.79999923706055,51.11000061035156,50.38999938964844,50.41999816894531,42.97376251220703,2086100
2019-02-27,50.540000915527344,51.22999954223633,50.2599983215332,51.08000183105469,43.53630065917969,2716500
2019-02-28,51.099998474121094,51.38999938964844,51.0,51.099998474121094,43.5533447265625,1968000
2019-03-01,51.439998626708984,51.810001373291016,50.720001220703125,51.16999816894531,43.613006591796875,2025500
2019-03-04,51.22999954223633,51.70000076293945,50.439998626708984,50.86000061035156,43.34879684448242,1964100
2019-03-05,50.869998931884766,51.2400016784668,49.97999954223633,50.790000915527344,43.28913116455078,2534800
2019-03-06,50.720001220703125,50.790000915527344,49.529998779296875,49.66999816894531,42.334537506103516,1939000
2019-03-07,49.5099983215332,49.560001373291016,48.459999084472656,48.709999084472656,41.51630401611328,2057900
2019-03-08,48.279998779296875,48.84000015258789,48.150001525878906,48.70000076293945,41.507789611816406,1664000
2019-03-11,48.90999984741211,49.25,48.529998779296875,48.86000061035156,41.64414978027344,2260900
2019-03-12,49.0,49.20000076293945,48.529998779296875,48.91999816894531,41.69530487060547,2306500
2019-03-13,49.16999816894531,49.2599983215332,48.77000045776367,49.119998931884766,41.865753173828125,1968700
2019-03-14,49.20000076293945,49.380001068115234,48.83000183105469,49.08000183105469,41.831668853759766,2441400
2019-03-15,48.93000030517578,49.66999816894531,48.93000030517578,49.15999984741211,41.89984893798828,2966100
2019-03-18,49.2400016784668,50.15999984741211,49.2400016784668,50.040000915527344,42.649898529052734,2248300
2019-03-19,50.34000015258789,50.540000915527344,48.880001068115234,48.970001220703125,41.7379150390625,1880900
2019-03-20,48.720001220703125,49.0099983215332,47.099998474121094,47.11000061035156,40.15260314941406,2461500
2019-03-21,46.83000183105469,46.90999984741211,46.0,46.04999923706055,39.2491569519043,3905500
2019-03-22,45.470001220703125,45.599998474121094,43.18000030517578,43.63999938964844,37.1950798034668,5935000
2019-03-25,43.689998626708984,44.16999816894531,43.34000015258789,43.75,37.288818359375,3720000
2019-03-26,43.91999816894531,44.97999954223633,43.91999816894531,44.97999954223633,38.33717727661133,4080400
2019-03-27,44.959999084472656,45.060001373291016,44.5099983215332,44.869998931884766,38.243412017822266,2302300
2019-03-28,44.91999816894531,45.400001525878906,44.66999816894531,45.369998931884766,38.669578552246094,1643500
2019-03-29,45.79999923706055,45.86000061035156,45.150001525878906,45.40999984741211,38.703670501708984,1950500
2019-04-01,45.709999084472656,46.84000015258789,45.709999084472656,46.720001220703125,39.8202018737793,2747100
2019-04-02,46.4900016784668,47.27000045776367,46.43000030517578,46.93000030517578,39.99918746948242,2357800
2019-04-03,47.54999923706055,47.93000030517578,47.029998779296875,47.18000030517578,40.2122688293457,2755300
2019-04-04,46.25,47.779998779296875,46.25,47.68000030517578,40.638427734375,2259600
2019-04-05,47.709999084472656,47.900001525878906,47.27000045776367,47.56999969482422,40.54467010498047,1972500
2019-04-08,47.40999984741211,48.040000915527344,47.31999969482422,47.619998931884766,40.5872917175293,1499200
2019-04-09,47.45000076293945,47.56999969482422,46.77000045776367,46.900001525878906,39.97361373901367,1572900
2019-04-10,46.97999954223633,47.20000076293945,46.41999816894531,47.13999938964844,40.17817687988281,1263100
2019-04-11,47.43000030517578,47.91999816894531,47.13999938964844,47.5,40.48500442504883,1481000
2019-04-12,48.20000076293945,48.900001525878906,47.650001525878906,48.41999816894531,41.269142150878906,2264400
2019-04-15,48.38999938964844,48.43000030517578,47.5,47.650001525878906,40.612857818603516,1295600
2019-04-16,47.79999923706055,48.349998474121094,47.15999984741211,48.2599983215332,41.13276672363281,1722600
2019-04-17,48.5099983215332,48.54999923706055,47.86000061035156,48.36000061035156,41.2180061340332,1754900
2019-04-18,48.31999969482422,48.33000183105469,47.220001220703125,47.29999923706055,40.31454086303711,2392700
2019-04-22,47.09000015258789,47.34000015258789,46.650001525878906,46.709999084472656,39.81167984008789,2964400
2019-04-23,46.619998931884766,49.08000183105469,46.619998931884766,48.84000015258789,41.62710189819336,3857600
2019-04-24,48.790000915527344,48.790000915527344,47.52000045776367,48.400001525878906,41.25209045410156,1955900
2019-04-25,48.209999084472656,48.720001220703125,47.90999984741211,48.36000061035156,41.2180061340332,1275100
2019-04-26,48.36000061035156,48.810001373291016,48.0099983215332,48.75,41.5504150390625,1013800
2019-04-29,48.91999816894531,49.84000015258789,48.91999816894531,49.41999816894531,42.1214599609375,1836200
2019-04-30,49.380001068115234,49.52000045776367,48.869998931884766,49.33000183105469,42.04475021362305,1775500
2019-05-01,49.34000015258789,49.86000061035156,48.5,48.58000183105469,41.40550994873047,1732500
2019-05-02,48.619998931884766,49.63999938964844,48.619998931884766,49.47999954223633,42.17258834838867,1560500
2019-05-03,49.72999954223633,50.20000076293945,49.65999984741211,50.04999923706055,42.658416748046875,1698200
2019-05-06,49.189998626708984,49.97999954223633,49.11000061035156,49.68000030517578,42.34306335449219,1632500
2019-05-07,49.119998931884766,49.18000030517578,48.459999084472656,48.709999084472656,41.51630401611328,1936400
2019-05-08,48.459999084472656,48.7599983215332,48.15999984741211,48.189998626708984,41.07310485839844,1665600
2019-05-09,47.61000061035156,48.45000076293945,47.310001373291016,48.2400016784668,41.11572265625,1889000
2019-05-10,47.93000030517578,48.66999816894531,47.599998474121094,48.439998626708984,41.28618621826172,1676200
2019-05-13,47.45000076293945,47.790000915527344,45.91999816894531,46.029998779296875,39.23210144042969,2551800
2019-05-14,46.119998931884766,47.029998779296875,45.91999816894531,46.439998626708984,39.5815544128418,2510300
2019-05-15,45.59000015258789,45.810001373291016,44.7400016784668,45.130001068115234,38.71511459350586,2629700
2019-05-16,45.16999816894531,46.029998779296875,45.16999816894531,45.56999969482422,39.09257125854492,1639700
2019-05-17,45.150001525878906,45.880001068115234,45.029998779296875,45.099998474121094,38.68937683105469,2112100
2019-05-20,45.040000915527344,45.540000915527344,44.63999938964844,44.900001525878906,38.5178108215332,1730700
2019-05-21,45.349998474121094,45.91999816894531,45.16999816894531,45.779998779296875,39.27272033691406,2491900
2019-05-22,45.470001220703125,45.66999816894531,44.81999969482422,45.41999816894531,38.96389389038086,1985800
2019-05-23,44.970001220703125,45.400001525878906,44.369998931884766,44.93000030517578,38.54354476928711,3335100
2019-05-24,45.20000076293945,45.45000076293945,45.040000915527344,45.34000015258789,38.895267486572266,1468400
2019-05-28,45.18000030517578,45.52000045776367,44.220001220703125,44.25,37.960205078125,3367100
2019-05-29,43.939998626708984,44.72999954223633,43.59000015258789,44.61000061035156,38.26902770996094,1968000
2019-05-30,44.630001068115234,44.91999816894531,43.619998931884766,43.959999084472656,37.71142578125,1291300
2019-05-31,43.41999816894531,43.4900016784668,42.939998626708984,43.06999969482422,36.947940826416016,2510800
2019-06-03,42.93000030517578,43.720001220703125,42.79999923706055,43.31999969482422,37.162391662597656,2009500
2019-06-04,44.02000045776367,45.0,43.959999084472656,44.400001525878906,38.08888244628906,2669300
2019-06-05,44.470001220703125,44.5099983215332,43.58000183105469,44.18000030517578,37.900150299072266,1886700
2019-06-06,44.099998474121094,44.41999816894531,43.68000030517578,44.2400016784668,37.951622009277344,1898200
2019-06-07,44.16999816894531,44.16999816894531,43.4900016784668,43.63999938964844,37.43691635131836,2360400
2019-06-10,44.11000061035156,44.540000915527344,43.81999969482422,43.84000015258789,37.60848617553711,1866300
2019-06-11,44.220001220703125,44.70000076293945,44.209999084472656,44.41999816894531,38.10603713989258,2591600
2019-06-12,44.459999084472656,44.56999969482422,43.86000061035156,44.16999816894531,37.89156723022461,1547300
2019-06-13,44.33000183105469,44.869998931884766,44.220001220703125,44.72999954223633,38.371978759765625,1978300
2019-06-14,44.709999084472656,45.0,44.09000015258789,44.880001068115234,38.50065231323242,1421300
2019-06-17,44.880001068115234,45.09000015258789,43.84000015258789,44.040000915527344,37.780052185058594,1452700
2019-06-18,44.0,45.22999954223633,43.689998626708984,45.040000915527344,38.63790512084961,2115000
2019-06-19,45.2400016784668,45.75,44.33000183105469,44.36000061035156,38.054569244384766,1725900
2019-06-20,44.599998474121094,44.849998474121094,43.45000076293945,44.400001525878906,38.08888244628906,1866200
2019-06-21,44.34000015258789,44.970001220703125,44.34000015258789,44.43000030517578,38.1146240234375,3085700
2019-06-24,44.4900016784668,44.97999954223633,44.060001373291016,44.119998931884766,37.84867477416992,1404100
2019-06-25,44.2400016784668,44.2400016784668,43.349998474121094,43.9900016784668,37.737159729003906,1412500
2019-06-26,44.130001068115234,44.77000045776367,44.130001068115234,44.380001068115234,38.07172393798828,1460200
2019-06-27,44.45000076293945,45.09000015258789,44.45000076293945,45.0,38.60360336303711,1442300
2019-06-28,45.529998779296875,46.029998779296875,45.119998931884766,45.97999954223633,39.44428634643555,2737100
2019-07-01,46.33000183105469,46.810001373291016,46.029998779296875,46.33000183105469,39.74455642700195,1528100
2019-07-02,46.04999923706055,46.27000045776367,44.84000015258789,44.849998474121094,38.47491455078125,1757300
2019-07-03,45.0,45.439998626708984,44.779998779296875,45.369998931884766,38.920997619628906,1033700
2019-07-05,45.7599983215332,46.369998931884766,45.59000015258789,46.209999084472656,39.6416015625,1456800
2019-07-08,45.79999923706055,45.95000076293945,45.25,45.31999969482422,38.878116607666016,2010200
2019-07-09,45.060001373291016,45.97999954223633,45.060001373291016,45.93000030517578,39.401405334472656,1558800
2019-07-10,45.84000015258789,45.97999954223633,45.22999954223633,45.279998779296875,38.84379959106445,1404700
2019-07-11,45.33000183105469,45.97999954223633,45.099998474121094,45.84000015258789,39.3242073059082,1500800
2019-07-12,46.130001068115234,46.540000915527344,45.689998626708984,46.380001068115234,39.78743362426758,1565400
2019-07-15,46.279998779296875,46.279998779296875,45.189998626708984,45.369998931884766,38.920997619628906,1415200
2019-07-16,45.56999969482422,45.63999938964844,45.099998474121094,45.4900016784668,39.02395248413086,1508700
2019-07-17,45.40999984741211,45.439998626708984,44.63999938964844,44.880001068115234,38.50065231323242,1443200
2019-07-18,44.93000030517578,45.68000030517578,44.61000061035156,45.540000915527344,39.06683349609375,1512400
2019-07-19,45.220001220703125,46.290000915527344,45.130001068115234,46.099998474121094,39.54723358154297,3144500
2019-07-22,45.93000030517578,46.27000045776367,45.11000061035156,45.22999954223633,38.8009033203125,2792800
2019-07-23,42.150001525878906,43.09000015258789,41.95000076293945,42.83000183105469,36.74203872680664,7886900
2019-07-24,42.70000076293945,43.560001373291016,42.34000015258789,43.5099983215332,37.32539367675781,4132000
2019-07-25,43.56999969482422,44.63999938964844,43.22999954223633,44.25,37.960205078125,4082300
2019-07-26,44.29999923706055,45.220001220703125,43.77000045776367,45.15999984741211,38.740848541259766,3137300
2019-07-29,45.099998474121094,45.54999923706055,44.540000915527344,44.650001525878906,38.3033447265625,2314400
2019-07-30,44.400001525878906,45.4900016784668,44.31999969482422,45.47999954223633,39.01537322998047,1863600
2019-07-31,45.400001525878906,45.5099983215332,44.40999984741211,45.06999969482422,38.66364669799805,3208200
2019-08-01,44.849998474121094,45.18000030517578,42.86000061035156,42.939998626708984,36.836402893066406,3149300
2019-08-02,42.849998474121094,43.22999954223633,42.11000061035156,42.54999923706055,36.5018424987793,2946700
2019-08-05,41.650001525878906,41.93000030517578,40.65999984741211,41.18000030517578,35.326576232910156,3966700
2019-08-06,41.59000015258789,42.11000061035156,40.970001220703125,42.02000045776367,36.047176361083984,3297400
2019-08-07,41.11000061035156,41.88999938964844,40.54999923706055,41.31999969482422,35.44667053222656,3519600
2019-08-08,41.720001220703125,42.34000015258789,41.45000076293945,42.130001068115234,36.14155197143555,2259500
2019-08-09,41.810001373291016,42.18000030517578,41.529998779296875,41.849998474121094,35.901344299316406,1617700
2019-08-12,41.33000183105469,41.5099983215332,40.880001068115234,41.029998779296875,35.197906494140625,2143200
2019-08-13,40.86000061035156,42.0099983215332,40.79999923706055,41.2400016784668,35.3780517578125,2474300
2019-08-14,39.959999084472656,40.31999969482422,39.54999923706055,39.650001525878906,34.29681396484375,2953300
2019-08-15,39.709999084472656,40.04999923706055,39.119998931884766,39.20000076293945,33.907569885253906,2818200
2019-08-16,39.52000045776367,40.33000183105469,39.43000030517578,40.20000076293945,34.77255630493164,2268700
2019-08-19,40.77000045776367,41.06999969482422,40.58000183105469,40.880001068115234,35.360748291015625,1895700
2019-08-20,40.45000076293945,40.720001220703125,40.36000061035156,40.47999954223633,35.01475143432617,2101000
2019-08-21,40.90999984741211,41.13999938964844,40.58000183105469,40.93000030517578,35.403995513916016,2475100
2019-08-22,41.34000015258789,41.439998626708984,40.880001068115234,41.13999938964844,35.58564376831055,2197800
2019-08-23,40.93000030517578,41.40999984741211,39.900001525878906,40.029998779296875,34.62551498413086,3474300
2019-08-26,40.369998931884766,40.400001525878906,39.810001373291016,40.20000076293945,34.77255630493164,2471500
2019-08-27,40.41999816894531,40.90999984741211,39.150001525878906,39.4900016784668,34.158416748046875,2961200
2019-08-28,39.22999954223633,40.13999938964844,39.11000061035156,40.02000045776367,34.61686325073242,2023200
2019-08-29,40.40999984741211,41.130001068115234,40.38999938964844,40.77000045776367,35.26559829711914,1797500
2019-08-30,41.099998474121094,41.45000076293945,40.81999969482422,41.09000015258789,35.542396545410156,1490800
2019-09-03,40.779998779296875,40.779998779296875,39.7400016784668,39.790000915527344,34.41791534423828,2579900
2019-09-04,40.08000183105469,40.25,39.650001525878906,40.0099983215332,34.60820388793945,2230800
2019-09-05,40.75,41.72999954223633,40.66999816894531,41.13999938964844,35.58564376831055,2210600
2019-09-06,41.06999969482422,41.310001373291016,40.79999923706055,40.939998626708984,35.41265106201172,1737200
2019-09-09,41.38999938964844,42.56999969482422,40.970001220703125,42.369998931884766,36.64957809448242,3143900
2019-09-10,42.720001220703125,43.689998626708984,42.54999923706055,43.65999984741211,37.76541519165039,3048300
2019-09-11,43.66999816894531,44.2400016784668,42.90999984741211,44.150001525878906,38.18926239013672,2356900
2019-09-12,43.790000915527344,44.709999084472656,43.20000076293945,44.630001068115234,38.60445785522461,1862400
2019-09-13,45.06999969482422,45.41999816894531,44.630001068115234,44.77000045776367,38.72555160522461,2510800
2019-09-16,44.45000076293945,45.2400016784668,44.130001068115234,45.18000030517578,39.08020782470703,1948600
2019-09-17,44.900001525878906,44.900001525878906,44.15999984741211,44.540000915527344,38.526615142822266,1313300
2019-09-18,44.400001525878906,45.29999923706055,44.09000015258789,45.08000183105469,38.993709564208984,1799800
2019-09-19,45.130001068115234,45.2599983215332,44.540000915527344,44.58000183105469,38.561214447021484,2276600
2019-09-20,44.849998474121094,44.959999084472656,44.27000045776367,44.5099983215332,38.50065994262695,3212000
2019-09-23,44.36000061035156,44.529998779296875,43.900001525878906,44.29999923706055,38.31901550292969,1220000
2019-09-24,44.25,44.58000183105469,43.349998474121094,43.77000045776367,37.86056900024414,2012400
2019-09-25,43.72999954223633,44.439998626708984,43.720001220703125,44.369998931884766,38.37956237792969,1133800
2019-09-26,44.290000915527344,44.380001068115234,43.93000030517578,43.959999084472656,38.02491760253906,858700
2019-09-27,44.40999984741211,44.900001525878906,43.93000030517578,44.36000061035156,38.370914459228516,1332100
2019-09-30,44.56999969482422,44.779998779296875,44.16999816894531,44.52000045776367,38.509315490722656,1236700
2019-10-01,44.77000045776367,45.02000045776367,42.86000061035156,42.970001220703125,37.1685791015625,1644500
2019-10-02,42.619998931884766,42.869998931884766,41.90999984741211,42.2599983215332,36.5544319152832,1861200
2019-10-03,42.220001220703125,42.689998626708984,41.61000061035156,42.689998626708984,36.92638397216797,2215300
2019-10-04,42.599998474121094,43.2599983215332,42.16999816894531,43.20000076293945,37.36752700805664,1205400
2019-10-07,43.189998626708984,43.7599983215332,43.0,43.439998626708984,37.57512283325195,1058700
2019-10-08,42.22999954223633,42.68000030517578,42.0,42.209999084472656,36.51118469238281,2271300
2019-10-09,42.4900016784668,42.650001525878906,42.189998626708984,42.41999816894531,36.692832946777344,1265600
2019-10-10,42.619998931884766,43.529998779296875,42.52000045776367,43.209999084472656,37.37617874145508,1306100
2019-10-11,43.720001220703125,44.599998474121094,43.709999084472656,44.09000015258789,38.137367248535156,1676100
2019-10-14,43.869998931884766,44.20000076293945,43.5099983215332,44.150001525878906,38.18926239013672,1044200
2019-10-15,44.41999816894531,45.27000045776367,44.060001373291016,44.7599983215332,38.71690368652344,1525100
2019-10-16,44.880001068115234,45.09000015258789,44.45000076293945,44.65999984741211,38.630409240722656,1970100
2019-10-17,44.95000076293945,44.959999084472656,43.9900016784668,44.040000915527344,38.0941162109375,2441100
2019-10-18,44.11000061035156,44.86000061035156,43.83000183105469,44.720001220703125,38.68230056762695,3451800
2019-10-21,45.189998626708984,45.689998626708984,45.0,45.66999816894531,39.50404357910156,2781300
2019-10-22,48.5,48.900001525878906,46.810001373291016,48.08000183105469,41.58867263793945,5290300
2019-10-23,48.040000915527344,48.380001068115234,47.279998779296875,47.939998626708984,41.467567443847656,1964500
2019-10-24,47.959999084472656,48.040000915527344,47.40999984741211,47.5099983215332,41.09562683105469,1532500
2019-10-25,47.459999084472656,48.369998931884766,47.43000030517578,47.95000076293945,41.476219177246094,1572200
2019-10-28,48.18000030517578,48.97999954223633,48.04999923706055,48.79999923706055,42.211463928222656,1961900
2019-10-29,48.58000183105469,49.5099983215332,48.58000183105469,49.380001068115234,42.71315383911133,2419800
2019-10-30,49.279998779296875,49.599998474121094,48.7599983215332,49.220001220703125,42.574764251708984,2003500
2019-10-31,48.83000183105469,49.06999969482422,47.97999954223633,48.470001220703125,41.926021575927734,1898200
2019-11-01,48.91999816894531,49.349998474121094,48.68000030517578,49.349998474121094,42.68720626831055,1669300
2019-11-04,49.91999816894531,50.380001068115234,49.599998474121094,50.209999084472656,43.43109893798828,1949000
2019-11-05,50.310001373291016,51.08000183105469,50.290000915527344,50.709999084472656,43.86359786987305,9683300
2019-11-06,50.5099983215332,50.58000183105469,49.86000061035156,50.369998931884766,43.56949234008789,3335600
2019-11-07,50.61000061035156,51.54999923706055,50.52000045776367,51.040000915527344,44.1490478515625,2931500
2019-11-08,50.7400016784668,51.34000015258789,50.61000061035156,51.06999969482422,44.17498779296875,3922400
2019-11-11,50.63999938964844,51.099998474121094,50.52000045776367,50.97999954223633,44.097145080566406,1471600
2019-11-12,51.0099983215332,51.060001373291016,50.5,50.720001220703125,43.87223815917969,1883100
2019-11-13,49.81999969482422,50.0,49.369998931884766,49.630001068115234,43.2191276550293,1784600
2019-11-14,49.36000061035156,49.540000915527344,49.02000045776367,49.5,43.10591125488281,1804300
2019-11-15,49.619998931884766,49.790000915527344,49.47999954223633,49.54999923706055,43.14945983886719,1282500
2019-11-18,49.56999969482422,49.56999969482422,49.040000915527344,49.310001373291016,42.94046401977539,1509100
2019-11-19,49.5099983215332,49.709999084472656,49.2599983215332,49.29999923706055,42.9317512512207,1341600
2019-11-20,48.900001525878906,49.220001220703125,48.540000915527344,48.88999938964844,42.57471466064453,2294400
2019-11-21,49.09000015258789,49.29999923706055,48.529998779296875,49.13999938964844,42.79241943359375,1735000
2019-11-22,49.08000183105469,50.16999816894531,49.08000183105469,49.959999084472656,43.50649642944336,2589400
2019-11-25,50.15999984741211,50.439998626708984,49.79999923706055,50.16999816894531,43.68936538696289,1454400
2019-11-26,50.0,50.0,49.56999969482422,49.65999984741211,43.2452392578125,1238900
2019-11-27,49.93000030517578,50.13999938964844,49.75,50.06999969482422,43.6022834777832,1097500
2019-11-29,49.939998626708984,50.11000061035156,49.70000076293945,49.779998779296875,43.3497428894043,520600
2019-12-02,50.20000076293945,50.310001373291016,49.43000030517578,49.5,43.10591125488281,1243700
2019-12-03,48.75,49.0,48.029998779296875,48.56999969482422,42.29604721069336,1416100
2019-12-04,48.790000915527344,49.380001068115234,48.63999938964844,49.11000061035156,42.76629638671875,1130100
2019-12-05,49.439998626708984,49.56999969482422,49.04999923706055,49.29999923706055,42.9317512512207,1271600
2019-12-06,50.029998779296875,50.470001220703125,49.689998626708984,49.709999084472656,43.288795471191406,1805000
2019-12-09,49.720001220703125,49.84000015258789,49.529998779296875,49.65999984741211,43.2452392578125,1170800
2019-12-10,49.66999816894531,50.09000015258789,49.369998931884766,49.90999984741211,43.46295928955078,1463500
2019-12-11,50.04999923706055,50.25,49.61000061035156,49.84000015258789,43.40199279785156,1156900
2019-12-12,49.959999084472656,51.86000061035156,49.900001525878906,51.810001373291016,45.11752700805664,2483200
2019-12-13,51.720001220703125,52.0,50.88999938964844,51.150001525878906,44.54278564453125,1243400
2019-12-16,51.59000015258789,51.97999954223633,51.150001525878906,51.189998626708984,44.577613830566406,4604400
2019-12-17,51.02000045776367,51.689998626708984,50.90999984741211,51.5099983215332,44.85627365112305,2093900
2019-12-18,51.599998474121094,51.72999954223633,51.06999969482422,51.349998474121094,44.71694564819336,1539100
2019-12-19,51.34000015258789,51.599998474121094,51.22999954223633,51.4900016784668,44.838863372802734,1518300
2019-12-20,51.77000045776367,51.970001220703125,51.290000915527344,51.630001068115234,44.96078109741211,5758400
2019-12-23,51.68000030517578,51.7400016784668,51.220001220703125,51.34000015258789,44.70823669433594,938000
2019-12-24,51.54999923706055,51.59000015258789,51.290000915527344,51.529998779296875,44.87369918823242,312600
2019-12-26,51.47999954223633,51.709999084472656,50.5099983215332,51.65999984741211,44.98689651489258,586400
2019-12-27,51.86000061035156,51.86000061035156,51.36000061035156,51.5,44.84756851196289,921600
2019-12-30,51.810001373291016,52.08000183105469,51.29999923706055,51.77000045776367,45.08268737792969,1511600
2019-12-31,51.61000061035156,52.040000915527344,51.61000061035156,51.91999816894531,45.21330642700195,1246900
2020-01-02,52.36000061035156,52.47999954223633,51.790000915527344,52.439998626708984,45.66614532470703,1528700
2020-01-03,51.40999984741211,51.88999938964844,51.15999984741211,51.70000076293945,45.021732330322266,1215800
2020-01-06,51.08000183105469,51.68000030517578,50.810001373291016,51.06999969482422,44.473121643066406,1217500
2020-01-07,50.790000915527344,51.130001068115234,50.61000061035156,50.7599983215332,44.203155517578125,1450900
2020-01-08,50.900001525878906,51.4900016784668,50.72999954223633,51.2599983215332,44.6385612487793,2396000
2020-01-09,51.59000015258789,51.65999984741211,51.220001220703125,51.599998474121094,44.93464279174805,1384200
2020-01-10,51.54999923706055,51.54999923706055,50.61000061035156,50.66999816894531,44.12478256225586,1724700
2020-01-13,50.88999938964844,51.04999923706055,50.459999084472656,51.02000045776367,44.42957305908203,2454700
2020-01-14,50.9900016784668,51.63999938964844,50.7599983215332,51.41999816894531,44.77790069580078,1252700
2020-01-15,50.86000061035156,50.86000061035156,50.119998931884766,50.369998931884766,43.8635368347168,2017200
2020-01-16,50.709999084472656,51.2400016784668,50.4900016784668,50.7400016784668,44.18574523925781,1800100
2020-01-17,50.91999816894531,51.209999084472656,50.5,50.7400016784668,44.18574523925781,1835000
2020-01-21,50.58000183105469,50.58000183105469,49.849998474121094,49.900001525878906,43.454246520996094,3193600
2020-01-22,47.65999984741211,48.560001373291016,47.189998626708984,47.84000015258789,41.66033935546875,4964000
2020-01-23,47.72999954223633,47.9900016784668,47.25,47.790000915527344,41.61680221557617,3236300
2020-01-24,47.880001068115234,47.880001068115234,46.2400016784668,46.630001068115234,40.60664367675781,2591400
2020-01-27,45.779998779296875,46.689998626708984,45.61000061035156,46.459999084472656,40.45860290527344,3088200
2020-01-28,47.0,47.40999984741211,46.68000030517578,47.09000015258789,41.00722885131836,2034600
2020-01-29,47.16999816894531,47.43000030517578,46.33000183105469,46.369998931884766,40.380226135253906,1681600
2020-01-30,46.130001068115234,46.810001373291016,45.709999084472656,46.7599983215332,40.719852447509766,1318100
2020-01-31,46.290000915527344,46.34000015258789,45.400001525878906,45.4900016784668,39.61389923095703,1880800
2020-02-03,45.849998474121094,46.33000183105469,45.619998931884766,46.11000061035156,40.1538200378418,2642600
2020-02-04,46.75,47.29999923706055,46.59000015258789,46.68000030517578,40.65018081665039,2292300
2020-02-05,47.2400016784668,48.15999984741211,47.16999816894531,48.0099983215332,41.808380126953125,2326100
2020-02-06,48.209999084472656,48.40999984741211,46.939998626708984,47.0099983215332,40.93755340576172,2144200
2020-02-07,46.84000015258789,46.84000015258789,45.95000076293945,46.22999954223633,40.25830841064453,2611800
2020-02-10,45.70000076293945,46.029998779296875,45.290000915527344,45.650001525878906,39.753231048583984,2411600
2020-02-11,45.81999969482422,46.810001373291016,45.72999954223633,46.279998779296875,40.30186080932617,2381100
2020-02-12,46.119998931884766,46.54999923706055,45.869998931884766,46.11000061035156,40.45098876953125,1434900
2020-02-13,45.7400016784668,46.4900016784668,45.720001220703125,46.439998626708984,40.74049377441406,1293400
2020-02-14,46.20000076293945,46.5,46.13999938964844,46.2599983215332,40.58257293701172,1147600
2020-02-18,46.02000045776367,46.209999084472656,44.9900016784668,45.09000015258789,39.556175231933594,2467800
2020-02-19,45.27000045776367,45.86000061035156,45.09000015258789,45.810001373291016,40.187808990478516,1655300
2020-02-20,45.630001068115234,46.41999816894531,45.630001068115234,46.25,40.57381057739258,1973900
2020-02-21,45.79999923706055,46.040000915527344,45.0099983215332,45.43000030517578,39.85444641113281,2009900
2020-02-24,44.209999084472656,44.56999969482422,43.279998779296875,43.7599983215332,38.389404296875,2329900
2020-02-25,43.90999984741211,44.529998779296875,42.2400016784668,42.380001068115234,37.178768157958984,2790700
2020-02-26,42.790000915527344,42.93000030517578,41.650001525878906,41.81999969482422,36.68749237060547,2394300
2020-02-27,40.95000076293945,42.22999954223633,40.2400016784668,40.59000015258789,35.60844802856445,2469500
2020-02-28,39.22999954223633,40.720001220703125,39.099998474121094,39.95000076293945,35.04700469970703,4248000
2020-03-02,39.66999816894531,41.310001373291016,38.81999969482422,41.29999923706055,36.23131561279297,5006700
2020-03-03,40.97999954223633,41.34000015258789,38.52000045776367,38.900001525878906,34.1258659362793,3920700
2020-03-04,39.29999923706055,39.29999923706055,37.58000183105469,38.47999954223633,33.75741195678711,4440500
2020-03-05,37.439998626708984,37.439998626708984,35.83000183105469,36.099998474121094,31.66950035095215,5762900
2020-03-06,34.439998626708984,36.189998626708984,34.209999084472656,35.279998779296875,30.95013427734375,5930900
2020-03-09,33.0,33.369998931884766,30.81999969482422,31.030000686645508,27.22173500061035,9843600
2020-03-10,32.400001525878906,32.66999816894531,30.75,32.2400016784668,28.283231735229492,4999100
2020-03-11,31.229999542236328,31.690000534057617,29.600000381469727,29.950000762939453,26.27428436279297,7693300
2020-03-12,27.829999923706055,29.8700008392334,27.229999542236328,27.600000381469727,24.21269416809082,9309100
2020-03-13,29.510000228881836,29.84000015258789,27.670000076293945,29.420000076293945,25.809329986572266,10178300
2020-03-16,25.889999389648438,28.690000534057617,25.270000457763672,26.559999465942383,23.30033302307129,6062100
2020-03-17,27.309999465942383,28.489999771118164,25.860000610351562,28.049999237060547,24.607465744018555,5471200
2020-03-18,26.260000228881836,28.31999969482422,25.850000381469727,27.469999313354492,24.098648071289062,6266800
2020-03-19,26.90999984741211,28.020000457763672,26.110000610351562,27.25,23.90564727783203,5534600
2020-03-20,27.3700008392334,27.65999984741211,25.399999618530273,25.579999923706055,22.44060516357422,6262000
2020-03-23,25.899999618530273,26.049999237060547,23.579999923706055,24.079999923706055,21.12470054626465,6227600
2020-03-24,25.239999771118164,25.760000228881836,24.459999084472656,25.18000030517578,22.089698791503906,5638100
2020-03-25,25.399999618530273,26.719999313354492,24.639999389648438,25.850000381469727,22.677467346191406,7585400
2020-03-26,25.950000762939453,27.510000228881836,25.950000762939453,27.3700008392334,24.010921478271484,5722200
2020-03-27,26.450000762939453,28.260000228881836,26.350000381469727,27.579999923706055,24.195148468017578,4017800
2020-03-30,27.540000915527344,27.780000686645508,26.729999542236328,27.520000457763672,24.142513275146484,4279700
2020-03-31,27.229999542236328,27.520000457763672,26.510000228881836,26.760000228881836,23.475786209106445,3945900
2020-04-01,25.8700008392334,26.290000915527344,25.020000457763672,25.31999969482422,22.21251678466797,3837200
2020-04-02,25.0,26.600000381469727,25.0,25.389999389648438,22.27392578125,2672100
2020-04-03,25.209999084472656,26.010000228881836,24.40999984741211,24.68000030517578,21.65106201171875,2785100
2020-04-06,25.739999771118164,27.09000015258789,25.56999969482422,26.93000030517578,23.624919891357422,3579700
2020-04-07,28.100000381469727,29.280000686645508,27.790000915527344,28.040000915527344,24.598695755004883,4383300
2020-04-08,28.239999771118164,29.56999969482422,27.989999771118164,29.440000534057617,25.826873779296875,3181400
2020-04-09,30.0,31.09000015258789,29.84000015258789,31.0,27.195419311523438,5445500
2020-04-13,30.809999465942383,30.989999771118164,29.700000762939453,30.079999923706055,26.388328552246094,3218900
2020-04-14,30.56999969482422,30.93000030517578,29.1200008392334,29.540000915527344,25.914602279663086,3253900
2020-04-15,28.360000610351562,28.700000762939453,27.90999984741211,28.010000228881836,24.572376251220703,4055100
2020-04-16,27.8700008392334,27.920000076293945,26.6200008392334,26.940000534057617,23.633697509765625,4420900
2020-04-17,28.010000228881836,29.190000534057617,27.81999969482422,29.079999923706055,25.511056900024414,3782800
2020-04-20,28.649999618530273,29.899999618530273,28.020000457763672,29.270000457763672,25.677738189697266,3178600
2020-04-21,28.43000030517578,29.420000076293945,27.920000076293945,28.649999618530273,25.13382911682129,3716200
2020-04-22,29.229999542236328,29.5,28.520000457763672,28.899999618530273,25.353147506713867,2313200
2020-04-23,29.229999542236328,29.8700008392334,29.049999237060547,29.190000534057617,25.60755729675293,2443500
2020-04-24,29.399999618530273,29.739999771118164,28.760000228881836,29.459999084472656,25.844419479370117,3075200
2020-04-27,29.729999542236328,31.1200008392334,29.510000228881836,30.790000915527344,27.01119041442871,3588700
2020-04-28,31.420000076293945,31.81999969482422,31.049999237060547,31.329999923706055,27.48491668701172,3669500
2020-04-29,32.0099983215332,32.84000015258789,31.739999771118164,32.13999938964844,28.195505142211914,4516300
2020-04-30,31.5,32.029998779296875,31.18000030517578,31.610000610351562,27.730554580688477,2726900
2020-05-01,31.25,31.600000381469727,30.530000686645508,30.899999618530273,27.10769271850586,4477600
2020-05-04,30.520000457763672,30.860000610351562,30.18000030517578,30.670000076293945,26.905916213989258,3109600
2020-05-05,31.110000610351562,31.389999389648438,30.149999618530273,30.18000030517578,26.47605323791504,3344100
2020-05-06,30.510000228881836,30.600000381469727,29.489999771118164,29.8799991607666,26.212875366210938,3038700
2020-05-07,29.90999984741211,30.709999084472656,29.459999084472656,29.56999969482422,26.239490509033203,2763500
2020-05-08,30.280000686645508,30.84000015258789,29.950000762939453,30.719999313354492,27.259963989257812,2618300
2020-05-11,30.3700008392334,30.43000030517578,29.200000762939453,29.209999084472656,25.92003631591797,2221700
2020-05-12,29.350000381469727,29.440000534057617,27.770000457763672,27.829999923706055,24.69546890258789,2498300
2020-05-13,27.540000915527344,27.649999618530273,25.84000015258789,26.309999465942383,23.34667205810547,2770000
2020-05-14,25.610000610351562,27.690000534057617,25.06999969482422,27.540000915527344,24.438140869140625,3819800
2020-05-15,27.420000076293945,27.6200008392334,26.809999465942383,27.020000457763672,23.976707458496094,2205200
2020-05-18,28.079999923706055,30.3799991607666,28.079999923706055,30.239999771118164,26.834028244018555,2856100
2020-05-19,29.93000030517578,30.079999923706055,29.020000457763672,29.219999313354492,25.928911209106445,2383500
2020-05-20,30.520000457763672,31.489999771118164,30.200000762939453,31.1200008392334,27.61491584777832,3791500
2020-05-21,30.84000015258789,31.68000030517578,30.6200008392334,30.729999542236328,27.268840789794922,2854200
2020-05-22,30.889999389648438,31.100000381469727,29.899999618530273,30.190000534057617,26.789661407470703,2111700
2020-05-26,31.559999465942383,33.5,31.530000686645508,32.93000030517578,29.22105598449707,3348000
2020-05-27,34.65999984741211,35.189998626708984,33.4900016784668,35.08000183105469,31.12889862060547,3103100
2020-05-28,35.310001373291016,35.310001373291016,33.70000076293945,34.02000045776367,30.18828010559082,3302200
2020-05-29,33.209999084472656,33.900001525878906,32.869998931884766,32.90999984741211,29.203304290771484,4209400
2020-06-01,33.15999984741211,33.91999816894531,32.77000045776367,33.41999816894531,29.655860900878906,1559500
2020-06-02,34.0,34.34000015258789,33.150001525878906,33.45000076293945,29.68248748779297,1810900
2020-06-03,34.33000183105469,35.720001220703125,34.11000061035156,35.4900016784668,31.492719650268555,2201100
2020-06-04,35.40999984741211,37.22999954223633,34.93000030517578,37.22999954223633,33.036739349365234,2386000
2020-06-05,40.40999984741211,40.970001220703125,38.31999969482422,38.61000061035156,34.26130294799805,3206600
2020-06-08,39.91999816894531,40.70000076293945,39.2400016784668,40.56999969482422,36.000553131103516,2572600
2020-06-09,39.16999816894531,39.599998474121094,38.31999969482422,39.310001373291016,34.882469177246094,2842600
2020-06-10,38.7599983215332,38.970001220703125,36.75,36.7599983215332,32.61967468261719,3287200
2020-06-11,34.7400016784668,35.040000915527344,33.560001373291016,33.66999816894531,29.87770652770996,3902800
2020-06-12,34.9900016784668,35.34000015258789,33.59000015258789,34.880001068115234,30.95142364501953,3695200
2020-06-15,33.38999938964844,36.310001373291016,33.25,36.099998474121094,32.03401184082031,2985700
2020-06-16,37.70000076293945,37.939998626708984,35.970001220703125,36.970001220703125,32.8060302734375,2628000
2020-06-17,37.060001373291016,37.22999954223633,35.880001068115234,35.93000030517578,31.883155822753906,1974300
2020-06-18,35.209999084472656,36.65999984741211,35.02000045776367,36.130001068115234,32.06062698364258,2270800
2020-06-19,36.88999938964844,36.88999938964844,35.09000015258789,36.08000183105469,32.016265869140625,6586900
2020-06-22,35.91999816894531,36.290000915527344,35.2599983215332,35.7400016784668,31.714557647705078,1745900
2020-06-23,36.38999938964844,36.7400016784668,35.459999084472656,35.47999954223633,31.483842849731445,1626300
2020-06-24,35.0,35.0,33.18000030517578,33.220001220703125,29.4783878326416,2875700
2020-06-25,32.90999984741211,34.400001525878906,32.90999984741211,34.25,30.392375946044922,1668700
2020-06-26,33.54999923706055,33.61000061035156,32.209999084472656,32.290000915527344,28.653139114379883,2411700
2020-06-29,32.93000030517578,33.5099983215332,32.52000045776367,33.04999923706055,29.327537536621094,1533500
2020-06-30,33.0099983215332,34.25,32.810001373291016,34.0,30.1705322265625,1592200
2020-07-01,33.93000030517578,34.060001373291016,32.47999954223633,32.54999923706055,28.883852005004883,1365700
2020-07-02,33.31999969482422,33.810001373291016,32.2599983215332,32.40999984741211,28.75962257385254,1605900
2020-07-06,33.220001220703125,33.779998779296875,32.459999084472656,32.900001525878906,29.194433212280273,1263600
2020-07-07,32.380001068115234,32.88999938964844,31.420000076293945,31.540000915527344,27.987611770629883,1758400
2020-07-08,31.3799991607666,32.02000045776367,30.940000534057617,31.68000030517578,28.111841201782227,2125100
2020-07-09,31.290000915527344,31.600000381469727,30.1200008392334,30.440000534057617,27.011505126953125,1783900
2020-07-10,30.3700008392334,32.22999954223633,30.329999923706055,32.209999084472656,28.58214569091797,1652800
2020-07-13,32.7599983215332,33.2599983215332,31.75,32.880001068115234,29.17668342590332,2348200
2020-07-14,32.86000061035156,32.93000030517578,31.670000076293945,32.02000045776367,28.413543701171875,1944700
2020-07-15,32.72999954223633,33.70000076293945,32.459999084472656,33.529998779296875,29.753475189208984,1611800
2020-07-16,33.13999938964844,34.13999938964844,32.90999984741211,33.38999938964844,29.629243850708008,1162400
2020-07-17,33.2400016784668,33.650001525878906,32.459999084472656,32.560001373291016,28.89272689819336,2325300
2020-07-20,32.34000015258789,32.529998779296875,31.6299991607666,32.02000045776367,28.413543701171875,2314700
2020-07-21,31.899999618530273,33.880001068115234,31.709999084472656,33.7400016784668,29.939821243286133,3300900
2020-07-22,33.290000915527344,33.779998779296875,32.9900016784668,33.279998779296875,29.53162956237793,1909200
2020-07-23,33.400001525878906,34.290000915527344,33.279998779296875,34.02000045776367,30.18828010559082,1574600
2020-07-24,34.25,34.4900016784668,33.619998931884766,33.630001068115234,29.84221076965332,1520100
2020-07-27,33.38999938964844,33.5,32.369998931884766,32.40999984741211,28.75962257385254,1470800
2020-07-28,32.31999969482422,32.75,32.189998626708984,32.2599983215332,28.626510620117188,1196500
2020-07-29,32.130001068115234,33.41999816894531,31.860000610351562,33.369998931884766,29.611486434936523,1866100
2020-07-30,32.709999084472656,32.810001373291016,31.670000076293945,32.779998779296875,29.087947845458984,1336000
2020-07-31,32.599998474121094,32.689998626708984,31.940000534057617,32.470001220703125,28.812864303588867,1442500
2020-08-03,32.599998474121094,32.7400016784668,32.040000915527344,32.45000076293945,28.795114517211914,1555400
2020-08-04,32.27000045776367,32.47999954223633,31.920000076293945,32.22999954223633,28.599891662597656,1095400
2020-08-05,32.61000061035156,33.130001068115234,32.400001525878906,33.06999969482422,29.345285415649414,1402400
2020-08-06,32.75,33.04999923706055,32.34000015258789,32.56999969482422,28.90160369873047,1130200
2020-08-07,32.31999969482422,33.790000915527344,32.02000045776367,33.790000915527344,29.984188079833984,1032800
2020-08-10,33.970001220703125,35.08000183105469,33.90999984741211,34.70000076293945,30.791698455810547,1694000
2020-08-11,35.52000045776367,36.5099983215332,35.189998626708984,35.38999938964844,31.40397834777832,1696700
2020-08-12,35.61000061035156,35.7599983215332,33.91999816894531,34.689998626708984,31.0814266204834,1489900
2020-08-13,34.22999954223633,35.0,33.9900016784668,34.2599983215332,30.69615364074707,867500
2020-08-14,33.81999969482422,34.939998626708984,33.779998779296875,34.4900016784668,30.902236938476562,836700
2020-08-17,34.209999084472656,34.380001068115234,33.65999984741211,33.880001068115234,30.355695724487305,1283700
2020-08-18,33.880001068115234,34.2400016784668,32.68000030517578,32.7400016784668,29.334274291992188,1209700
2020-08-19,32.939998626708984,33.470001220703125,32.61000061035156,32.90999984741211,29.486589431762695,1691800
2020-08-20,32.45000076293945,32.599998474121094,31.8799991607666,32.130001068115234,28.787729263305664,1379700
2020-08-21,32.08000183105469,32.33000183105469,31.329999923706055,31.59000015258789,28.303903579711914,2072400
2020-08-24,31.709999084472656,33.060001373291016,31.540000915527344,33.040000915527344,29.603069305419922,1651300
2020-08-25,33.439998626708984,33.81999969482422,32.540000915527344,33.060001373291016,29.620986938476562,1395600
2020-08-26,33.16999816894531,33.16999816894531,32.27000045776367,32.279998779296875,28.92212677001953,1082000
2020-08-27,32.33000183105469,33.58000183105469,32.310001373291016,33.290000915527344,29.827064514160156,1866300
2020-08-28,33.34000015258789,33.5,32.7599983215332,33.02000045776367,29.585147857666016,1423700
2020-08-31,33.060001373291016,33.060001373291016,32.119998931884766,32.15999984741211,28.814607620239258,1905700
2020-09-01,31.860000610351562,32.779998779296875,31.600000381469727,32.189998626708984,28.84148406982422,1583700
2020-09-02,32.130001068115234,32.599998474121094,31.709999084472656,32.38999938964844,29.020679473876953,1567700
2020-09-03,32.689998626708984,33.939998626708984,32.310001373291016,32.4900016784668,29.110280990600586,2044900
2020-09-04,33.54999923706055,33.970001220703125,32.810001373291016,33.68000030517578,30.176496505737305,1913700
2020-09-08,33.150001525878906,33.439998626708984,31.809999465942383,32.220001220703125,28.868371963500977,2326700
2020-09-09,32.65999984741211,32.65999984741211,31.809999465942383,32.119998931884766,28.77876853942871,1364600
2020-09-10,32.400001525878906,32.66999816894531,31.059999465942383,31.1200008392334,27.882795333862305,1693500
2020-09-11,31.079999923706055,31.549999237060547,30.850000381469727,31.489999771118164,28.214305877685547,1256100
2020-09-14,31.56999969482422,32.66999816894531,31.56999969482422,32.27000045776367,28.91316795349121,1013700
2020-09-15,32.2400016784668,32.2400016784668,31.100000381469727,31.15999984741211,27.91863250732422,1564900
2020-09-16,31.1299991607666,32.369998931884766,30.799999237060547,31.809999465942383,28.501018524169922,1801600
2020-09-17,31.3700008392334,31.850000381469727,31.239999771118164,31.520000457763672,28.241180419921875,1138300
2020-09-18,31.280000686645508,31.75,31.030000686645508,31.420000076293945,28.15158462524414,2507800
2020-09-21,30.690000534057617,30.950000762939453,29.489999771118164,29.809999465942383,26.709062576293945,1536100
2020-09-22,29.65999984741211,30.110000610351562,28.510000228881836,28.6200008392334,25.642850875854492,1860300
2020-09-23,28.780000686645508,29.389999389648438,28.190000534057617,28.25,25.31134033203125,1524500
2020-09-24,28.270000457763672,28.8799991607666,27.68000030517578,28.219999313354492,25.284461975097656,1255400
2020-09-25,27.81999969482422,28.540000915527344,27.549999237060547,28.450000762939453,25.490535736083984,1546600
2020-09-28,28.989999771118164,29.639999389648438,28.829999923706055,29.3799991607666,26.323789596557617,1478700
2020-09-29,29.219999313354492,29.559999465942383,28.540000915527344,28.969999313354492,25.956439971923828,1437200
2020-09-30,29.079999923706055,29.56999969482422,28.8700008392334,29.219999313354492,26.180435180664062,1911600
2020-10-01,29.219999313354492,29.56999969482422,28.790000915527344,29.1200008392334,26.09084129333496,1515200
2020-10-02,28.760000228881836,29.959999084472656,28.56999969482422,29.850000381469727,26.744903564453125,3176100
2020-10-05,30.389999389648438,31.489999771118164,30.389999389648438,31.280000686645508,28.026147842407227,1567900
2020-10-06,31.65999984741211,32.34000015258789,30.809999465942383,30.899999618530273,27.68567657470703,1621700
2020-10-07,31.270000457763672,32.27000045776367,31.270000457763672,32.150001525878906,28.805648803710938,1319000
2020-10-08,32.22999954223633,32.33000183105469,31.6299991607666,32.13999938964844,28.796688079833984,992400
2020-10-09,32.31999969482422,32.5,31.469999313354492,31.579999923706055,28.294940948486328,910200
2020-10-12,31.540000915527344,31.899999618530273,31.420000076293945,31.829999923706055,28.51893424987793,980500
2020-10-13,31.600000381469727,31.670000076293945,30.510000228881836,30.530000686645508,27.35416603088379,1123200
2020-10-14,30.65999984741211,31.0,30.209999084472656,30.229999542236328,27.085371017456055,1348800
2020-10-15,29.829999923706055,31.18000030517578,29.829999923706055,31.170000076293945,27.92759132385254,1852700
2020-10-16,31.100000381469727,31.329999923706055,30.459999084472656,31.139999389648438,27.900714874267578,1831200
2020-10-19,31.360000610351562,31.520000457763672,30.219999313354492,30.219999313354492,27.076412200927734,1515600
2020-10-20,31.579999923706055,31.579999923706055,30.010000228881836,30.520000457763672,27.345205307006836,2618700
2020-10-21,30.329999923706055,31.110000610351562,30.040000915527344,30.059999465942383,26.93305778503418,1875900
2020-10-22,30.25,32.349998474121094,30.059999465942383,32.25,28.89524269104004,2436700
2020-10-23,32.61000061035156,33.31999969482422,32.029998779296875,33.20000076293945,29.746427536010742,3093000
2020-10-26,32.88999938964844,32.88999938964844,32.0,32.459999084472656,29.083404541015625,2216400
2020-10-27,32.119998931884766,32.630001068115234,31.079999923706055,31.079999923706055,27.84695053100586,1786100
2020-10-28,30.290000915527344,31.139999389648438,30.270000457763672,30.600000381469727,27.41688346862793,1982000
2020-10-29,30.34000015258789,31.719999313354492,29.829999923706055,31.559999465942383,28.277021408081055,1885900
2020-10-30,31.329999923706055,32.310001373291016,31.239999771118164,32.27000045776367,28.91316795349121,1732100
2020-11-02,32.720001220703125,33.349998474121094,31.90999984741211,33.220001220703125,29.764347076416016,1210900
2020-11-03,33.619998931884766,34.70000076293945,33.529998779296875,34.459999084472656,30.875356674194336,1876800
2020-11-04,32.34000015258789,32.84000015258789,30.610000610351562,30.940000534057617,27.72151756286621,4176300
2020-11-05,31.149999618530273,32.810001373291016,31.100000381469727,32.58000183105469,29.190916061401367,2332900
2020-11-06,32.91999816894531,33.209999084472656,31.719999313354492,31.950000762939453,28.62645149230957,1756000
2020-11-09,35.0,40.900001525878906,34.959999084472656,39.58000183105469,35.46274948120117,5289500
2020-11-10,39.630001068115234,39.880001068115234,38.459999084472656,38.97999954223633,35.227779388427734,2506200
2020-11-11,38.779998779296875,39.0,36.4900016784668,37.2400016784668,33.6552734375,2713900
2020-11-12,36.2400016784668,36.939998626708984,35.7400016784668,36.33000183105469,32.8328742980957,1748400
2020-11-13,36.75,37.790000915527344,36.349998474121094,37.47999954223633,33.87217712402344,1486400
2020-11-16,40.34000015258789,40.779998779296875,38.90999984741211,39.75,35.92366409301758,2138000
2020-11-17,38.7400016784668,39.709999084472656,38.439998626708984,39.599998474121094,35.78809356689453,1812900
2020-11-18,39.959999084472656,40.13999938964844,38.93000030517578,38.939998626708984,35.191627502441406,1552500
2020-11-19,38.349998474121094,38.70000076293945,37.720001220703125,38.38999938964844,34.694583892822266,1993500
2020-11-20,38.0099983215332,38.540000915527344,37.66999816894531,38.279998779296875,34.59516525268555,2011400
2020-11-23,38.95000076293945,39.63999938964844,38.720001220703125,39.560001373291016,35.751953125,1872500
2020-11-24,40.439998626708984,42.2400016784668,40.060001373291016,41.86000061035156,37.83055114746094,2578600
2020-11-25,40.880001068115234,41.04999923706055,40.310001373291016,40.95000076293945,37.008140563964844,2633900
2020-11-27,40.439998626708984,41.02000045776367,39.29999923706055,39.459999084472656,35.66157531738281,2027900
2020-11-30,39.36000061035156,39.79999923706055,38.439998626708984,38.59000015258789,34.87532424926758,12464100
2020-12-01,39.529998779296875,40.15999984741211,39.040000915527344,40.06999969482422,36.212860107421875,2455800
2020-12-02,40.0,41.650001525878906,39.959999084472656,41.599998474121094,37.595584869384766,3058500
2020-12-03,41.77000045776367,42.75,41.5099983215332,42.41999816894531,38.336647033691406,2379800
2020-12-04,44.150001525878906,44.29999923706055,43.0,44.02000045776367,39.782630920410156,2967900
2020-12-07,43.939998626708984,43.939998626708984,42.83000183105469,42.90999984741211,38.77947998046875,1731200
2020-12-08,41.900001525878906,43.189998626708984,41.810001373291016,42.959999084472656,38.824668884277344,1507600
2020-12-09,43.439998626708984,43.849998474121094,42.630001068115234,42.720001220703125,38.60777282714844,1662200
2020-12-10,42.16999816894531,42.880001068115234,41.900001525878906,42.63999938964844,38.53546905517578,1051400
2020-12-11,41.380001068115234,42.11000061035156,41.27000045776367,41.68000030517578,37.667884826660156,1673200
2020-12-14,42.5099983215332,42.58000183105469,40.689998626708984,40.709999084472656,36.791255950927734,1531300
2020-12-15,41.2400016784668,41.619998931884766,40.540000915527344,41.61000061035156,37.604618072509766,1477600
2020-12-16,41.619998931884766,42.040000915527344,41.150001525878906,41.869998931884766,37.8395881652832,1681600
2020-12-17,41.91999816894531,42.220001220703125,41.11000061035156,41.869998931884766,37.8395881652832,1435000
2020-12-18,41.619998931884766,41.86000061035156,40.7599983215332,41.08000183105469,37.125633239746094,3031000
2020-12-21,41.2599983215332,42.560001373291016,40.880001068115234,42.43000030517578,38.34568786621094,2265100
2020-12-22,42.5099983215332,42.86000061035156,42.029998779296875,42.040000915527344,37.99322509765625,1077800
2020-12-23,42.290000915527344,43.70000076293945,42.290000915527344,43.5099983215332,39.32172393798828,706800
2020-12-24,43.619998931884766,43.619998931884766,42.65999984741211,43.34000015258789,39.16808319091797,327700
2020-12-28,43.65999984741211,44.13999938964844,43.2599983215332,43.36000061035156,39.1861572265625,835600
2020-12-29,43.38999938964844,43.38999938964844,42.619998931884766,42.77000045776367,38.6529541015625,1084100
2020-12-30,42.77000045776367,43.470001220703125,42.77000045776367,43.220001220703125,39.05963897705078,728400
2020-12-31,43.20000076293945,43.619998931884766,42.7400016784668,43.439998626708984,39.25845718383789,736300
2021-01-04,43.08000183105469,43.61000061035156,42.119998931884766,42.93000030517578,38.79756546020508,1625200
2021-01-05,42.880001068115234,43.849998474121094,42.540000915527344,43.61000061035156,39.4120979309082,1349500
2021-01-06,45.810001373291016,49.040000915527344,45.34000015258789,48.5099983215332,43.84041976928711,3269500
2021-01-07,49.2400016784668,51.099998474121094,48.95000076293945,49.9900016784668,45.1779670715332,2333900
2021-01-08,49.91999816894531,49.91999816894531,47.63999938964844,48.720001220703125,44.030208587646484,2201000
2021-01-11,48.2599983215332,49.959999084472656,47.61000061035156,49.869998931884766,45.06950378417969,1082800
2021-01-12,50.0,51.15999984741211,49.0,50.36000061035156,45.51234436035156,1352100
2021-01-13,49.97999954223633,50.27000045776367,49.25,49.790000915527344,44.99721145629883,1011800
2021-01-14,50.5099983215332,51.220001220703125,50.09000015258789,50.91999816894531,46.018436431884766,1067600
2021-01-15,49.97999954223633,50.45000076293945,48.84000015258789,49.13999938964844,44.4097785949707,1450900
2021-01-19,49.209999084472656,49.540000915527344,48.599998474121094,49.33000183105469,44.58149337768555,1574800
2021-01-20,49.5,49.5,47.75,48.29999923706055,43.65064239501953,2056400
2021-01-21,48.599998474121094,49.0,47.29999923706055,47.38999938964844,42.82823944091797,1252800
2021-01-22,46.709999084472656,48.15999984741211,46.61000061035156,48.119998931884766,43.48796844482422,1514500
2021-01-25,47.470001220703125,47.790000915527344,46.25,47.209999084472656,42.66556167602539,1281900
2021-01-26,47.790000915527344,47.81999969482422,46.029998779296875,46.04999923706055,41.61722183227539,1413200
2021-01-27,44.66999816894531,45.099998474121094,43.720001220703125,43.810001373291016,39.59284210205078,2091800
2021-01-28,44.72999954223633,45.5,44.27000045776367,45.16999816894531,40.821929931640625,1608300
2021-01-29,45.290000915527344,45.540000915527344,43.63999938964844,44.13999938964844,39.89107894897461,1497000
2021-02-01,44.43000030517578,44.83000183105469,44.02000045776367,44.70000076293945,40.39717102050781,1300300
2021-02-02,45.279998779296875,46.470001220703125,45.0,45.79999923706055,41.39128112792969,1391600
2021-02-03,45.59000015258789,46.4900016784668,45.380001068115234,46.029998779296875,41.59914779663086,1840400
2021-02-04,46.400001525878906,48.47999954223633,46.16999816894531,48.220001220703125,43.57835006713867,1468900
2021-02-05,48.630001068115234,48.849998474121094,47.61000061035156,47.72999954223633,43.13550567626953,1327900
2021-02-08,48.150001525878906,48.709999084472656,47.81999969482422,48.650001525878906,43.966941833496094,1105200
2021-02-09,49.11000061035156,49.70000076293945,48.369998931884766,49.59000015258789,44.816463470458984,1567000
2021-02-10,49.849998474121094,50.650001525878906,48.84000015258789,49.58000183105469,44.807430267333984,1616400
2021-02-11,49.09000015258789,49.650001525878906,48.18000030517578,48.90999984741211,44.20191955566406,1052700
2021-02-12,48.689998626708984,49.869998931884766,48.689998626708984,49.58000183105469,44.807430267333984,1114500
2021-02-16,50.11000061035156,51.810001373291016,49.959999084472656,51.29999923706055,46.361854553222656,1472800
2021-02-17,50.880001068115234,51.5099983215332,50.400001525878906,50.63999938964844,46.07072830200195,836200
2021-02-18,50.0099983215332,50.68000030517578,49.529998779296875,50.029998779296875,45.51577377319336,1083700
2021-02-19,50.599998474121094,51.93000030517578,50.599998474121094,51.70000076293945,47.035091400146484,1166400
2021-02-22,51.689998626708984,54.290000915527344,51.68000030517578,53.36000061035156,48.54530715942383,1854300
2021-02-23,53.93000030517578,54.369998931884766,53.09000015258789,54.16999816894531,49.2822151184082,1159100
2021-02-24,54.060001373291016,57.33000183105469,54.060001373291016,56.779998779296875,51.65671920776367,1662000
2021-02-25,57.15999984741211,57.70000076293945,54.349998474121094,54.56999969482422,49.6461296081543,1648500
2021-02-26,54.099998474121094,54.45000076293945,52.15999984741211,53.16999816894531,48.37244415283203,1710500
2021-03-01,53.83000183105469,55.25,53.790000915527344,54.790000915527344,49.846275329589844,1283500
2021-03-02,54.38999938964844,55.02000045776367,54.04999923706055,54.2400016784668,49.34590530395508,1027900
2021-03-03,54.2599983215332,56.29999923706055,54.099998474121094,54.2400016784668,49.34590530395508,1552700
2021-03-04,54.70000076293945,55.709999084472656,52.47999954223633,53.959999084472656,49.09116744995117,1568700
2021-03-05,55.36000061035156,56.880001068115234,53.43000030517578,55.790000915527344,50.75605010986328,2239500
2021-03-08,56.619998931884766,58.349998474121094,56.08000183105469,57.619998931884766,52.42092514038086,1431000
2021-03-09,56.439998626708984,57.4900016784668,54.72999954223633,56.45000076293945,51.356502532958984,1653300
2021-03-10,56.45000076293945,57.810001373291016,56.029998779296875,57.63999938964844,52.439117431640625,1333900
2021-03-11,56.27000045776367,58.060001373291016,55.97999954223633,57.4900016784668,52.30265426635742,1086600
2021-03-12,58.59000015258789,59.369998931884766,58.16999816894531,59.060001373291016,53.73099899291992,1386400
2021-03-15,58.91999816894531,58.91999816894531,56.84000015258789,57.720001220703125,52.511898040771484,1261700
2021-03-16,57.16999816894531,57.16999816894531,55.5099983215332,56.400001525878906,51.311004638671875,1075800
2021-03-17,57.369998931884766,58.36000061035156,56.16999816894531,56.75,51.629425048828125,1281800
2021-03-18,58.0099983215332,60.220001220703125,56.93000030517578,57.29999923706055,52.12979507446289,1816500
2021-03-19,56.5,57.650001525878906,55.650001525878906,56.45000076293945,51.356502532958984,4998100
2021-03-22,56.349998474121094,56.70000076293945,54.310001373291016,55.279998779296875,50.29206466674805,1539400
2021-03-23,54.790000915527344,55.220001220703125,53.18000030517578,53.58000183105469,48.74545669555664,1647400
2021-03-24,54.0099983215332,55.04999923706055,52.95000076293945,53.0099983215332,48.22688674926758,1539000
2021-03-25,52.900001525878906,54.9900016784668,52.18000030517578,54.7400016784668,49.80079650878906,1194300
2021-03-26,55.54999923706055,55.959999084472656,54.66999816894531,55.849998474121094,50.810638427734375,1257900
2021-03-29,54.939998626708984,55.400001525878906,53.25,53.88999938964844,49.02748489379883,1059700
2021-03-30,54.439998626708984,56.130001068115234,54.400001525878906,55.90999984741211,50.865211486816406,1225500
2021-03-31,55.2400016784668,55.970001220703125,54.939998626708984,54.959999084472656,50.000938415527344,1210800
2021-04-01,54.54999923706055,55.43000030517578,54.15999984741211,55.40999984741211,50.41033935546875,1157100
2021-04-05,56.0,56.36000061035156,54.900001525878906,55.33000183105469,50.33755111694336,1069500
2021-04-06,56.709999084472656,56.709999084472656,54.7400016784668,55.43000030517578,50.42852783203125,907300
2021-04-07,55.720001220703125,56.0099983215332,55.20000076293945,55.54999923706055,50.537696838378906,659000
2021-04-08,55.0,55.220001220703125,53.9900016784668,55.0,50.037330627441406,1319500
2021-04-09,55.810001373291016,56.29999923706055,55.36000061035156,55.939998626708984,50.892513275146484,981800
2021-04-12,55.900001525878906,56.720001220703125,55.900001525878906,56.58000183105469,51.47476577758789,914100
2021-04-13,55.959999084472656,56.34000015258789,54.88999938964844,55.529998779296875,50.51951217651367,1203100
2021-04-14,55.380001068115234,56.970001220703125,55.369998931884766,56.2400016784668,51.16544723510742,1033900
2021-04-15,56.45000076293945,56.45000076293945,54.7599983215332,55.810001373291016,50.77423858642578,1553700
2021-04-16,56.380001068115234,57.099998474121094,55.849998474121094,56.119998931884766,51.056270599365234,1122400
2021-04-19,56.22999954223633,57.029998779296875,55.560001373291016,56.0,50.94709777832031,1340900
2021-04-20,55.130001068115234,55.16999816894531,51.709999084472656,52.349998474121094,47.626434326171875,3262600
2021-04-21,52.08000183105469,53.720001220703125,51.630001068115234,53.650001525878906,48.809139251708984,1669000
2021-04-22,53.689998626708984,53.869998931884766,52.5,52.560001373291016,47.81749725341797,1461500
2021-04-23,52.40999984741211,54.72999954223633,52.2400016784668,54.27000045776367,49.373191833496094,2023000
2021-04-26,54.599998474121094,55.16999816894531,54.279998779296875,54.61000061035156,49.68252182006836,1228700
2021-04-27,54.70000076293945,55.20000076293945,54.47999954223633,55.150001525878906,50.17379379272461,1391800
2021-04-28,55.15999984741211,55.75,54.81999969482422,55.25,50.264766693115234,1113700
2021-04-29,56.150001525878906,56.720001220703125,55.779998779296875,56.36000061035156,51.27461624145508,1232100
2021-04-30,55.95000076293945,56.77000045776367,55.68000030517578,55.79999923706055,50.765140533447266,1338300
2021-05-03,56.45000076293945,56.619998931884766,55.18000030517578,55.84000015258789,50.80152893066406,1159700
2021-05-04,55.77000045776367,57.369998931884766,55.0,57.369998931884766,52.193485260009766,1592700
2021-05-05,57.380001068115234,58.75,56.709999084472656,58.220001220703125,52.96678924560547,1280500
2021-05-06,58.65999984741211,59.209999084472656,57.630001068115234,59.18000030517578,53.84016418457031,1266800
2021-05-07,57.58000183105469,59.380001068115234,57.31999969482422,59.27000045776367,53.92205047607422,1322800
2021-05-10,59.869998931884766,60.439998626708984,58.900001525878906,58.91999816894531,53.60361862182617,1255500
2021-05-11,58.56999969482422,60.189998626708984,58.29999923706055,58.540000915527344,53.25791549682617,1559000
2021-05-12,58.869998931884766,59.310001373291016,56.95000076293945,57.150001525878906,52.29707717895508,1338000
2021-05-13,56.209999084472656,59.380001068115234,56.099998474121094,59.08000183105469,54.06319046020508,1073700
2021-05-14,59.31999969482422,60.36000061035156,58.720001220703125,60.20000076293945,55.088077545166016,1015100
2021-05-17,58.08000183105469,60.40999984741211,58.040000915527344,60.27000045776367,55.152137756347656,1214900
2021-05-18,60.08000183105469,60.650001525878906,58.20000076293945,58.25,53.30366897583008,1647800
2021-05-19,57.970001220703125,57.970001220703125,56.18000030517578,57.41999816894531,52.54414367675781,1726800
2021-05-20,57.029998779296875,57.459999084472656,56.09000015258789,57.040000915527344,52.196414947509766,1297600
2021-05-21,57.099998474121094,58.66999816894531,57.099998474121094,58.099998474121094,53.166404724121094,1776400
2021-05-24,58.0099983215332,58.06999969482422,57.279998779296875,57.529998779296875,52.64480209350586,911200
2021-05-25,57.849998474121094,58.380001068115234,55.880001068115234,56.02000045776367,51.26302719116211,1375100
2021-05-26,55.95000076293945,56.84000015258789,55.65999984741211,56.720001220703125,51.903587341308594,1050400
2021-05-27,57.54999923706055,57.9900016784668,57.22999954223633,57.869998931884766,52.9559326171875,1009000
2021-05-28,57.75,57.959999084472656,57.099998474121094,57.880001068115234,52.965087890625,903500
2021-06-01,58.290000915527344,58.72999954223633,57.790000915527344,58.130001068115234,53.193851470947266,750000
2021-06-02,58.650001525878906,58.650001525878906,57.5,58.18000030517578,53.23960876464844,751800
2021-06-03,58.31999969482422,59.2599983215332,58.0099983215332,58.290000915527344,53.34027099609375,1216300
2021-06-04,58.29999923706055,58.29999923706055,57.02000045776367,58.130001068115234,53.193851470947266,641500
2021-06-07,58.43000030517578,58.459999084472656,57.72999954223633,57.810001373291016,52.90103530883789,918600
2021-06-08,57.31999969482422,58.0,56.22999954223633,57.79999923706055,52.89188003540039,986700
2021-06-09,57.09000015258789,57.41999816894531,56.189998626708984,56.619998931884766,51.812076568603516,924800
2021-06-10,57.720001220703125,57.7400016784668,55.029998779296875,55.08000183105469,50.40284729003906,944600
2021-06-11,55.540000915527344,55.790000915527344,54.959999084472656,55.27000045776367,50.576717376708984,963700
2021-06-14,55.16999816894531,55.560001373291016,53.709999084472656,54.02000045776367,49.432857513427734,909000
2021-06-15,54.130001068115234,54.84000015258789,53.65999984741211,54.52000045776367,49.89040756225586,1032600
2021-06-16,54.15999984741211,55.810001373291016,53.40999984741211,55.130001068115234,50.44860076904297,1620800
2021-06-17,55.70000076293945,55.790000915527344,51.52000045776367,51.619998931884766,47.23665237426758,1730800
2021-06-18,50.66999816894531,51.189998626708984,49.790000915527344,50.29999923706055,46.02874755859375,3206800
2021-06-21,50.5,52.77000045776367,50.5,52.68000030517578,48.20664596557617,2082200
2021-06-22,52.7400016784668,53.130001068115234,51.66999816894531,52.81999969482422,48.334754943847656,1254500
2021-06-23,53.11000061035156,53.4900016784668,52.779998779296875,53.13999938964844,48.627586364746094,1133900
2021-06-24,53.47999954223633,54.43000030517578,52.83000183105469,54.209999084472656,49.606727600097656,1346500
2021-06-25,54.2400016784668,55.84000015258789,53.97999954223633,55.47999954223633,50.768890380859375,2221400
2021-06-28,55.470001220703125,55.470001220703125,53.150001525878906,53.45000076293945,48.911258697509766,1049800
2021-06-29,53.939998626708984,54.41999816894531,52.45000076293945,52.70000076293945,48.22494888305664,714900
2021-06-30,52.27000045776367,53.09000015258789,52.25,52.86000061035156,48.37136459350586,998100
2021-07-01,53.689998626708984,54.02000045776367,52.91999816894531,53.81999969482422,49.24983596801758,1021100
2021-07-02,53.5,53.709999084472656,53.15999984741211,53.2599983215332,48.737396240234375,799300
2021-07-06,53.02000045776367,53.02000045776367,51.099998474121094,51.720001220703125,47.32816696166992,902400
2021-07-07,50.9900016784668,51.970001220703125,50.77000045776367,51.310001373291016,46.952980041503906,1139800
2021-07-08,50.11000061035156,50.70000076293945,49.38999938964844,49.84000015258789,45.60780715942383,1690100
2021-07-09,51.16999816894531,52.349998474121094,50.970001220703125,52.290000915527344,47.84976577758789,1504200
2021-07-12,51.529998779296875,52.70000076293945,50.7400016784668,52.59000015258789,48.12429428100586,1183100
2021-07-13,52.54999923706055,52.630001068115234,51.22999954223633,51.40999984741211,47.04448699951172,1062200
2021-07-14,51.47999954223633,52.400001525878906,50.439998626708984,51.36000061035156,46.99873352050781,1119300
2021-07-15,50.720001220703125,52.209999084472656,50.279998779296875,51.66999816894531,47.282405853271484,1138700
2021-07-16,51.9900016784668,51.9900016784668,49.400001525878906,49.599998474121094,45.38819122314453,1533200
2021-07-19,48.27000045776367,48.63999938964844,47.060001373291016,47.70000076293945,43.6495246887207,2170000
2021-07-20,48.459999084472656,51.61000061035156,48.060001373291016,50.20000076293945,45.93722915649414,3870400
2021-07-21,50.77000045776367,52.75,50.40999984741211,51.63999938964844,47.25495910644531,2099100
2021-07-22,51.470001220703125,51.470001220703125,50.029998779296875,50.31999969482422,46.04705047607422,1283400
2021-07-23,51.09000015258789,51.63999938964844,50.459999084472656,50.86000061035156,46.54119110107422,1082300
2021-07-26,50.939998626708984,51.970001220703125,50.939998626708984,51.47999954223633,47.10854721069336,1252700
2021-07-27,50.95000076293945,51.709999084472656,50.45000076293945,51.68000030517578,47.29156494140625,1424300
2021-07-28,51.97999954223633,52.81999969482422,51.310001373291016,52.36000061035156,47.913818359375,1518000
2021-07-29,52.95000076293945,53.619998931884766,52.20000076293945,52.84000015258789,48.353057861328125,1429400
2021-07-30,52.75,53.5,52.0099983215332,52.150001525878906,47.72164535522461,1283700
2021-08-02,52.349998474121094,53.939998626708984,51.58000183105469,51.630001068115234,47.24580764770508,1104300
2021-08-03,52.099998474121094,53.040000915527344,50.79999923706055,52.7400016784668,48.26155471801758,938600
2021-08-04,51.939998626708984,53.20000076293945,51.58000183105469,52.22999954223633,47.794864654541016,1059500
2021-08-05,52.650001525878906,53.400001525878906,52.630001068115234,53.119998931884766,48.60927963256836,1074900
2021-08-06,54.029998779296875,55.7599983215332,54.029998779296875,54.9900016784668,50.320491790771484,1641200
2021-08-09,54.619998931884766,55.400001525878906,54.15999984741211,54.54999923706055,49.91785430908203,1327500
2021-08-10,54.029998779296875,55.54999923706055,53.70000076293945,55.31999969482422,50.622467041015625,1185100
2021-08-11,54.869998931884766,55.97999954223633,54.2400016784668,55.959999084472656,51.562313079833984,1240800
2021-08-12,56.18000030517578,56.459999084472656,55.47999954223633,55.939998626708984,51.54388427734375,664100
2021-08-13,56.310001373291016,56.349998474121094,55.25,55.40999984741211,51.05553436279297,631500
2021-08-16,54.880001068115234,55.33000183105469,54.31999969482422,55.040000915527344,50.71461486816406,791800
2021-08-17,54.47999954223633,54.970001220703125,53.33000183105469,54.36000061035156,50.088043212890625,883800
2021-08-18,54.040000915527344,54.81999969482422,53.58000183105469,53.63999938964844,49.42462921142578,908100
2021-08-19,52.9900016784668,53.54999923706055,52.5099983215332,53.16999816894531,48.99156951904297,1051000
2021-08-20,53.02000045776367,54.029998779296875,52.75,53.869998931884766,49.63656234741211,1342400
2021-08-23,54.36000061035156,55.02000045776367,54.34000015258789,54.849998474121094,50.53954315185547,752000
2021-08-24,55.0,55.849998474121094,55.0,55.79999923706055,51.414886474609375,785000
2021-08-25,56.150001525878906,57.369998931884766,55.880001068115234,56.7400016784668,52.28101348876953,914100
2021-08-26,56.97999954223633,57.16999816894531,55.650001525878906,55.75,51.36880874633789,1068700
2021-08-27,56.31999969482422,58.619998931884766,55.970001220703125,58.54999923706055,53.948768615722656,2410600
2021-08-30,57.84000015258789,58.150001525878906,57.06999969482422,57.20000076293945,52.70486068725586,1777400
2021-08-31,57.43000030517578,58.27000045776367,57.13999938964844,57.900001525878906,53.349857330322266,1658000
2021-09-01,57.25,58.0,56.95000076293945,57.16999816894531,52.67721939086914,1305900
2021-09-02,57.220001220703125,57.86000061035156,56.95000076293945,57.150001525878906,52.65879821777344,792700
2021-09-03,57.33000183105469,57.86000061035156,56.779998779296875,57.119998931884766,52.63115310668945,1291000
2021-09-07,57.380001068115234,58.349998474121094,57.2599983215332,57.5,52.98128890991211,1060300
2021-09-08,57.310001373291016,57.72999954223633,56.43000030517578,56.5,52.059871673583984,1142200
2021-09-09,56.40999984741211,58.290000915527344,56.22999954223633,57.560001373291016,53.03657150268555,1433300
2021-09-10,57.79999923706055,58.290000915527344,57.15999984741211,57.380001068115234,52.8707160949707,1281400
2021-09-13,58.119998931884766,58.77000045776367,57.560001373291016,58.310001373291016,53.727630615234375,1264000
2021-09-14,58.34000015258789,58.939998626708984,56.65999984741211,56.86000061035156,52.3915901184082,1374400
2021-09-15,58.0099983215332,58.290000915527344,57.02000045776367,57.97999954223633,53.42356872558594,1262300
2021-09-16,58.27000045776367,58.7599983215332,57.540000915527344,57.70000076293945,53.16557312011719,996300
2021-09-17,57.4900016784668,58.310001373291016,56.83000183105469,57.09000015258789,52.60350799560547,2383800
2021-09-20,55.349998474121094,55.75,54.369998931884766,55.66999816894531,51.295101165771484,1411900
2021-09-21,56.91999816894531,56.91999816894531,54.9900016784668,55.369998931884766,51.0186767578125,1198500
2021-09-22,56.099998474121094,57.63999938964844,56.099998474121094,56.90999984741211,52.437660217285156,1457000
2021-09-23,57.52000045776367,60.02000045776367,57.52000045776367,59.36000061035156,54.69511795043945,1789100
2021-09-24,59.18000030517578,60.65999984741211,59.18000030517578,60.25,55.51517868041992,981200
2021-09-27,61.060001373291016,63.13999938964844,61.060001373291016,62.88999938964844,57.94771194458008,1362900
2021-09-28,63.040000915527344,63.47999954223633,62.38999938964844,62.7400016784668,57.80949783325195,1128400
2021-09-29,62.72999954223633,63.970001220703125,62.41999816894531,63.7400016784668,58.73091506958008,1425200
2021-09-30,64.0,64.0,61.720001220703125,61.88999938964844,57.02629852294922,1462600
2021-10-01,62.20000076293945,64.11000061035156,62.04999923706055,63.650001525878906,58.64798355102539,1270700
2021-10-04,63.47999954223633,64.43000030517578,63.439998626708984,63.79999923706055,58.786190032958984,1170700
2021-10-05,64.45999908447266,64.6500015258789,63.290000915527344,63.459999084472656,58.47291564941406,1380400
2021-10-06,62.97999954223633,63.04999923706055,61.25,62.79999923706055,57.864776611328125,1084600
2021-10-07,63.369998931884766,63.84000015258789,62.65999984741211,63.06999969482422,58.11355972290039,1060700
2021-10-08,62.93000030517578,63.90999984741211,62.84000015258789,63.470001220703125,58.48213195800781,679600
2021-10-11,64.08000183105469,64.41000366210938,62.400001525878906,62.439998626708984,57.53307342529297,800900
2021-10-12,62.18000030517578,62.779998779296875,61.779998779296875,62.709999084472656,57.78185272216797,1083000
2021-10-13,62.7400016784668,62.7400016784668,60.650001525878906,62.13999938964844,57.25664520263672,970600
2021-10-14,62.970001220703125,63.02000045776367,62.040000915527344,62.63999938964844,57.71735382080078,904600
2021-10-15,63.43000030517578,63.59000015258789,62.040000915527344,62.13999938964844,57.25664520263672,1473800
2021-10-18,61.95000076293945,63.189998626708984,61.95000076293945,62.22999954223633,57.33958053588867,1288200
2021-10-19,61.40999984741211,63.33000183105469,60.47999954223633,63.25,58.2794189453125,2185200
2021-10-20,62.84000015258789,65.12999725341797,62.7400016784668,65.0999984741211,59.98403549194336,1518300
2021-10-21,65.01000213623047,65.29000091552734,63.33000183105469,64.56999969482422,59.495689392089844,988500
2021-10-22,64.87000274658203,66.63999938964844,64.70999908447266,66.38999938964844,61.17265701293945,1524100
2021-10-25,66.88999938964844,66.98999786376953,65.55999755859375,66.12000274658203,60.92387771606445,1144200
2021-10-26,66.30999755859375,66.58999633789062,65.2300033569336,65.29000091552734,60.15910339355469,1004100
2021-10-27,64.48999786376953,64.73999786376953,62.849998474121094,62.880001068115234,57.93849563598633,1457900
2021-10-28,63.06999969482422,63.84000015258789,62.369998931884766,62.869998931884766,57.92927932739258,1803800
2021-10-29,63.119998931884766,63.790000915527344,62.91999816894531,62.9900016784668,58.039859771728516,1151500
2021-11-01,63.54999923706055,64.91999816894531,63.40999984741211,64.19000244140625,59.14554214477539,1344000
2021-11-02,64.01000213623047,64.63999938964844,63.650001525878906,63.93000030517578,58.90597915649414,1014200
2021-11-03,63.54999923706055,66.23999786376953,63.22999954223633,65.77999877929688,60.610591888427734,1670700
2021-11-04,65.77999877929688,65.77999877929688,63.81999969482422,64.29000091552734,59.23768615722656,1537600
2021-11-05,64.45999908447266,65.8499984741211,64.30000305175781,64.80999755859375,59.716819763183594,1064800
2021-11-08,65.05999755859375,66.12999725341797,64.81999969482422,65.36000061035156,60.223602294921875,939500
2021-11-09,64.31999969482422,65.30999755859375,63.380001068115234,65.1500015258789,60.38116455078125,1306800
2021-11-10,65.18000030517578,65.79000091552734,64.68000030517578,65.06999969482422,60.307010650634766,1288100
2021-11-11,65.18000030517578,66.45999908447266,65.0199966430664,65.88999938964844,61.066986083984375,884200
2021-11-12,65.7300033569336,66.0999984741211,64.94999694824219,65.4800033569336,60.687007904052734,796900
2021-11-15,65.77999877929688,66.55999755859375,65.61000061035156,66.3499984741211,61.493316650390625,845600
2021-11-16,66.25,67.06999969482422,65.94999694824219,66.44000244140625,61.57673645019531,1183300
2021-11-17,66.80000305175781,66.98999786376953,65.47000122070312,66.29000091552734,61.43770980834961,1119400
2021-11-18,66.33999633789062,66.79000091552734,65.77999877929688,66.22000122070312,61.37284469604492,1130300
2021-11-19,64.87999725341797,65.95999908447266,64.0999984741211,65.41000366210938,60.622127532958984,1372500
2021-11-22,65.7300033569336,67.55999755859375,65.11000061035156,66.25,61.4006462097168,972600
2021-11-23,66.86000061035156,67.75,66.55000305175781,67.61000061035156,62.661094665527344,933200
2021-11-24,67.47000122070312,68.25,67.27999877929688,67.48999786376953,62.54987716674805,977900
2021-11-26,64.7300033569336,64.87999725341797,62.81999969482422,64.16999816894531,59.47289276123047,1524700
2021-11-29,65.36000061035156,65.66999816894531,63.83000183105469,64.91000366210938,60.15872573852539,1662400
2021-11-30,63.540000915527344,64.27999877929688,62.709999084472656,63.08000183105469,58.46267318725586,1722600
2021-12-01,64.4000015258789,65.2699966430664,62.349998474121094,62.369998931884766,57.804649353027344,2476900
2021-12-02,62.9900016784668,64.45999908447266,62.400001525878906,64.05000305175781,59.36167907714844,1745400
2021-12-03,64.4000015258789,64.4000015258789,61.2400016784668,61.90999984741211,57.378318786621094,1407900
2021-12-06,63.119998931884766,65.05000305175781,62.63999938964844,63.869998931884766,59.194847106933594,1760000
2021-12-07,64.44999694824219,65.01000213623047,63.939998626708984,64.44000244140625,59.7231330871582,942000
2021-12-08,64.56999969482422,64.75,63.08000183105469,63.36000061035156,58.72218322753906,985100
2021-12-09,63.02000045776367,64.18000030517578,62.470001220703125,63.0099983215332,58.397796630859375,1246300
2021-12-10,63.43000030517578,63.709999084472656,62.189998626708984,63.209999084472656,58.58316421508789,538200
2021-12-13,62.91999816894531,63.25,61.040000915527344,61.16999816894531,56.692481994628906,1380700
2021-12-14,61.25,62.4900016784668,61.119998931884766,62.27000045776367,57.711971282958984,1633300
2021-12-15,62.43000030517578,63.15999984741211,61.52000045776367,62.7599983215332,58.16610336303711,1389600
2021-12-16,63.599998474121094,64.30000305175781,62.779998779296875,63.470001220703125,58.82413101196289,1583400
2021-12-17,63.36000061035156,63.36000061035156,60.90999984741211,61.20000076293945,56.72029113769531,3901400
2021-12-20,60.22999954223633,60.22999954223633,58.18000030517578,59.400001525878906,55.05204391479492,1478800
2021-12-21,60.22999954223633,61.79999923706055,60.22999954223633,61.650001525878906,57.137351989746094,975200
2021-12-22,61.290000915527344,62.060001373291016,61.060001373291016,61.86000061035156,57.331974029541016,818600
2021-12-23,62.41999816894531,63.09000015258789,62.209999084472656,62.36000061035156,57.795379638671875,572000
2021-12-27,62.41999816894531,63.060001373291016,61.720001220703125,63.0099983215332,58.397796630859375,495500
2021-12-28,62.810001373291016,63.529998779296875,62.630001068115234,63.11000061035156,58.490478515625,497200
2021-12-29,63.279998779296875,63.88999938964844,62.7400016784668,63.45000076293945,58.80559539794922,691600
2021-12-30,63.45000076293945,64.12000274658203,63.06999969482422,63.130001068115234,58.50901794433594,413100
2021-12-31,62.869998931884766,63.41999816894531,62.54999923706055,63.15999984741211,58.53681945800781,552900
