Date,Open,High,Low,Close,Adj Close,Volume
2000-01-03,8.916666984558105,10.0,8.666666984558105,9.125,9.124436378479004,1176750
2000-01-04,9.083333015441895,9.333333015441895,8.666666984558105,8.875,8.874451637268066,345300
2000-01-05,8.75,8.875,8.333333015441895,8.833333015441895,8.83278751373291,628800
2000-01-06,8.791666984558105,9.0,8.5,8.75,8.749459266662598,374100
2000-01-07,8.666666984558105,9.041666984558105,8.375,9.0,8.999444007873535,482850
2000-01-10,9.208333015441895,9.416666984558105,9.0,9.166666984558105,9.16610050201416,315000
2000-01-11,9.25,9.416666984558105,8.916666984558105,8.958333015441895,8.957779884338379,393300
2000-01-12,9.083333015441895,9.291666984558105,8.583333015441895,8.666666984558105,8.666131973266602,260700
2000-01-13,8.833333015441895,9.666666984558105,8.833333015441895,9.291666984558105,9.291092872619629,942300
2000-01-14,9.75,9.833333015441895,9.333333015441895,9.541666984558105,9.541077613830566,526950
2000-01-18,9.5625,9.666666984558105,9.333333015441895,9.333333015441895,9.332756996154785,385200
2000-01-19,9.458333015441895,9.583333015441895,8.833333015441895,8.875,8.874451637268066,409350
2000-01-20,8.875,9.291666984558105,8.833333015441895,8.875,8.874451637268066,441300
2000-01-21,8.979166984558105,9.166666984558105,7.9166669845581055,7.9166669845581055,7.916178226470947,1096350
2000-01-24,8.333333015441895,8.5,7.25,7.5,7.499536991119385,1423500
2000-01-25,7.7083330154418945,7.875,7.25,7.5833330154418945,7.582864761352539,901800
2000-01-26,7.7083330154418945,8.364583015441895,7.5833330154418945,8.0,7.999505996704102,969600
2000-01-27,8.333333015441895,8.708333015441895,7.875,8.010416984558105,8.00992202758789,1024950
2000-01-28,8.666666984558105,8.833333015441895,7.75,7.875,7.874513626098633,798600
2000-01-31,8.0625,8.333333015441895,7.5,8.291666984558105,8.291154861450195,585750
2000-02-01,8.166666984558105,8.625,7.6666669845581055,8.0,7.999505996704102,466950
2000-02-02,8.25,8.333333015441895,7.8333330154418945,8.0,7.999505996704102,388200
2000-02-03,8.166666984558105,8.166666984558105,7.6458330154418945,7.875,7.874513626098633,550050
2000-02-04,8.0,8.166666984558105,7.75,8.083333015441895,8.082834243774414,652650
2000-02-07,8.208333015441895,8.333333015441895,8.0,8.0,7.999505996704102,322650
2000-02-08,8.041666984558105,8.833333015441895,8.041666984558105,8.75,8.749459266662598,1106850
2000-02-09,8.833333015441895,9.333333015441895,8.791666984558105,9.291666984558105,9.291092872619629,1259250
2000-02-10,9.541666984558105,9.833333015441895,9.333333015441895,9.416666984558105,9.416085243225098,1100700
2000-02-11,9.583333015441895,9.583333015441895,9.083333015441895,9.166666984558105,9.16610050201416,382050
2000-02-14,9.270833015441895,9.333333015441895,8.666666984558105,8.958333015441895,8.957779884338379,238050
2000-02-15,8.875,8.875,8.5,8.791666984558105,8.79112434387207,248250
2000-02-16,8.791666984558105,9.25,8.583333015441895,9.25,9.249428749084473,291900
2000-02-17,9.166666984558105,9.333333015441895,8.458333015441895,8.708333015441895,8.707795143127441,555150
2000-02-18,8.916666984558105,9.208333015441895,8.583333015441895,8.75,8.749459266662598,327750
2000-02-22,8.666666984558105,8.916666984558105,8.416666984558105,8.875,8.874451637268066,357450
2000-02-23,9.0,9.541666984558105,8.75,9.416666984558105,9.416085243225098,802500
2000-02-24,9.5,9.583333015441895,8.5,8.666666984558105,8.666131973266602,683550
2000-02-25,9.0,9.0,8.5,8.583333015441895,8.582802772521973,427350
2000-02-28,8.625,8.708333015441895,7.8333330154418945,8.25,8.249490737915039,565500
2000-02-29,8.166666984558105,8.479166984558105,7.9166669845581055,8.291666984558105,8.291154861450195,491850
2000-03-01,8.416666984558105,9.541666984558105,8.25,9.333333015441895,9.332756996154785,1511250
2000-03-02,9.458333015441895,10.208333015441895,9.458333015441895,9.916666984558105,9.916054725646973,2132550
2000-03-03,10.083333015441895,10.666666984558105,10.083333015441895,10.5,10.499351501464844,2141700
2000-03-06,10.708333015441895,11.0,10.416666984558105,10.458333015441895,10.457687377929688,1209150
2000-03-07,10.666666984558105,11.0,10.416666984558105,10.9375,10.936824798583984,1604250
2000-03-08,11.25,12.0,11.25,11.958333015441895,11.957594871520996,3354450
2000-03-09,12.25,12.541666984558105,10.666666984558105,12.416666984558105,12.415900230407715,4187850
2000-03-10,12.5,12.625,10.666666984558105,10.75,10.749336242675781,4932150
2000-03-13,10.583333015441895,11.333333015441895,10.125,11.083333015441895,11.082648277282715,1130250
2000-03-14,11.0,11.333333015441895,9.375,10.041666984558105,10.041047096252441,875100
2000-03-15,10.166666984558105,10.541666984558105,9.666666984558105,9.958333015441895,9.957717895507812,621000
2000-03-16,10.041666984558105,10.166666984558105,9.333333015441895,9.916666984558105,9.916054725646973,941550
2000-03-17,10.458333015441895,10.5,9.791666984558105,10.0,9.999382019042969,678150
2000-03-20,10.1875,10.25,9.75,9.791666984558105,9.791062355041504,456900
2000-03-21,9.958333015441895,10.5,9.416666984558105,10.333333015441895,10.332695007324219,682200
2000-03-22,10.5,10.583333015441895,9.791666984558105,10.333333015441895,10.332695007324219,473100
2000-03-23,10.333333015441895,10.375,9.666666984558105,9.75,9.749398231506348,921300
2000-03-24,9.75,9.75,8.833333015441895,8.916666984558105,8.916116714477539,1123650
2000-03-27,8.916666984558105,9.5,8.833333015441895,9.166666984558105,9.16610050201416,416550
2000-03-28,9.333333015441895,9.375,8.833333015441895,9.0,8.999444007873535,699900
2000-03-29,8.958333015441895,9.166666984558105,8.791666984558105,8.958333015441895,8.957779884338379,533850
2000-03-30,8.75,9.083333015441895,8.166666984558105,8.291666984558105,8.291154861450195,689100
2000-03-31,8.375,9.041666984558105,8.333333015441895,8.833333015441895,8.83278751373291,825150
2000-04-03,8.75,8.958333015441895,8.333333015441895,8.625,8.624467849731445,361800
2000-04-04,8.666666984558105,8.666666984558105,5.8333330154418945,8.0,7.999505996704102,1374900
2000-04-05,7.75,8.666666984558105,7.5,8.416666984558105,8.416147232055664,593100
2000-04-06,8.583333015441895,8.666666984558105,8.375,8.625,8.624467849731445,561900
2000-04-07,8.625,8.833333015441895,8.041666984558105,8.083333015441895,8.082834243774414,570450
2000-04-10,8.25,8.25,6.875,7.0833330154418945,7.082895755767822,653850
2000-04-11,7.2083330154418945,7.3333330154418945,6.4583330154418945,6.8333330154418945,6.832911014556885,964050
2000-04-12,7.3333330154418945,7.3333330154418945,6.3333330154418945,6.3333330154418945,6.332942008972168,829650
2000-04-13,6.7916669845581055,7.0416669845581055,6.25,6.4166669845581055,6.416270732879639,1062900
2000-04-14,6.4166669845581055,6.5,5.3333330154418945,5.5,5.499660491943359,1498200
2000-04-17,5.4791669845581055,6.2083330154418945,5.4166669845581055,5.8333330154418945,5.832973003387451,1057200
2000-04-18,6.1666669845581055,6.5833330154418945,6.0,6.5833330154418945,6.582926273345947,852300
2000-04-19,6.625,7.1666669845581055,6.4166669845581055,6.6666669845581055,6.666255474090576,787650
2000-04-20,6.7083330154418945,7.0,6.5,6.6666669845581055,6.666255474090576,303900
2000-04-24,6.6666669845581055,6.8333330154418945,6.1666669845581055,6.4166669845581055,6.416270732879639,209100
2000-04-25,6.3958330154418945,6.5,5.875,6.0,5.999629497528076,313800
2000-04-26,6.0416669845581055,6.3333330154418945,5.9166669845581055,6.0,5.999629497528076,335700
2000-04-27,5.9583330154418945,6.125,5.7916669845581055,6.0416669845581055,6.041294097900391,233100
2000-04-28,6.1666669845581055,6.4583330154418945,6.125,6.4166669845581055,6.416270732879639,225600
2000-05-01,6.4166669845581055,7.0416669845581055,6.375,6.9583330154418945,6.9579033851623535,491250
2000-05-02,6.7916669845581055,7.4166669845581055,6.7916669845581055,7.2916669845581055,7.291216850280762,673200
2000-05-03,6.9583330154418945,7.0416669845581055,6.75,7.0416669845581055,7.041232109069824,408300
2000-05-04,7.1458330154418945,7.1666669845581055,6.7916669845581055,7.0833330154418945,7.082895755767822,378300
2000-05-05,6.9583330154418945,7.5,6.9166669845581055,7.375,7.374544620513916,493950
2000-05-08,7.4166669845581055,7.4583330154418945,7.3333330154418945,7.3333330154418945,7.332880020141602,190500
2000-05-09,7.4166669845581055,7.4166669845581055,7.125,7.4166669845581055,7.4162092208862305,212850
2000-05-10,7.3333330154418945,7.4583330154418945,6.875,7.125,7.1245598793029785,356400
2000-05-11,7.1666669845581055,7.6666669845581055,7.0416669845581055,7.5833330154418945,7.582864761352539,277500
2000-05-12,7.625,7.6666669845581055,7.3333330154418945,7.5416669845581055,7.541201114654541,229350
2000-05-15,7.5416669845581055,7.9166669845581055,7.4166669845581055,7.8333330154418945,7.832849502563477,189150
2000-05-16,7.7916669845581055,8.291666984558105,7.7916669845581055,8.0,7.999505996704102,656100
2000-05-17,7.9583330154418945,8.583333015441895,7.7083330154418945,8.583333015441895,8.582802772521973,580200
2000-05-18,8.4375,8.833333015441895,8.291666984558105,8.416666984558105,8.416147232055664,488700
2000-05-19,7.9166669845581055,8.40625,7.5833330154418945,8.333333015441895,8.332818031311035,426150
2000-05-22,8.25,8.333333015441895,7.6666669845581055,8.208333015441895,8.207826614379883,367500
2000-05-23,8.25,8.333333015441895,7.75,7.8333330154418945,7.832849502563477,282300
2000-05-24,7.6666669845581055,7.6875,7.2916669845581055,7.5833330154418945,7.582864761352539,446850
2000-05-25,7.625,7.6666669845581055,6.8333330154418945,6.875,6.874575614929199,303750
2000-05-26,6.5416669845581055,6.8333330154418945,6.2083330154418945,6.5833330154418945,6.582926273345947,546150
2000-05-30,6.875,7.0,6.4166669845581055,6.6666669845581055,6.666255474090576,417750
2000-05-31,6.5416669845581055,6.5416669845581055,5.9166669845581055,6.0416669845581055,6.041294097900391,552150
2000-06-01,6.6458330154418945,7.0,6.3333330154418945,6.8333330154418945,6.832911014556885,700500
2000-06-02,7.3333330154418945,8.166666984558105,7.2916669845581055,7.7916669845581055,7.7911858558654785,1161300
2000-06-05,7.8333330154418945,8.333333015441895,7.6666669845581055,7.75,7.749521255493164,512400
2000-06-06,7.5833330154418945,7.7083330154418945,7.4166669845581055,7.4583330154418945,7.45787239074707,452400
2000-06-07,7.5,7.5833330154418945,7.1666669845581055,7.25,7.249552249908447,412200
2000-06-08,7.4583330154418945,7.7083330154418945,7.2083330154418945,7.3333330154418945,7.332880020141602,366150
2000-06-09,7.6875,7.9166669845581055,7.4583330154418945,7.5416669845581055,7.541201114654541,302100
2000-06-12,7.75,8.333333015441895,7.7291669845581055,8.208333015441895,8.207826614379883,713400
2000-06-13,8.25,8.333333015441895,7.9166669845581055,8.25,8.249490737915039,434850
2000-06-14,8.291666984558105,8.625,8.166666984558105,8.5,8.499475479125977,757950
2000-06-15,8.375,8.75,8.166666984558105,8.458333015441895,8.457810401916504,570000
2000-06-16,8.520833015441895,8.708333015441895,8.333333015441895,8.416666984558105,8.416147232055664,623400
2000-06-19,8.875,9.0,7.7083330154418945,7.875,7.874513626098633,2471250
2000-06-20,8.041666984558105,8.083333015441895,7.1666669845581055,7.2916669845581055,7.291216850280762,1165950
2000-06-21,7.5416669845581055,7.8333330154418945,7.4583330154418945,7.5833330154418945,7.582864761352539,789900
2000-06-22,7.625,7.7083330154418945,7.4583330154418945,7.5416669845581055,7.541201114654541,502050
2000-06-23,7.5625,7.6666669845581055,7.4583330154418945,7.625,7.6245293617248535,350700
2000-06-26,7.5833330154418945,7.7916669845581055,7.5,7.7083330154418945,7.707857131958008,415650
2000-06-27,7.7916669845581055,7.875,7.4166669845581055,7.4166669845581055,7.4162092208862305,329250
2000-06-28,7.5416669845581055,7.7916669845581055,7.5,7.75,7.749521255493164,429900
2000-06-29,7.7083330154418945,8.0,7.6666669845581055,7.75,7.749521255493164,347250
2000-06-30,7.7291669845581055,8.291666984558105,7.7291669845581055,8.083333015441895,8.082834243774414,1197150
2000-07-03,8.125,8.166666984558105,7.7916669845581055,8.083333015441895,8.082834243774414,327750
2000-07-05,8.083333015441895,8.25,7.7083330154418945,8.25,8.249490737915039,608700
2000-07-06,8.145833015441895,8.791666984558105,8.041666984558105,8.666666984558105,8.666131973266602,965850
2000-07-07,8.75,8.791666984558105,8.541666984558105,8.645833015441895,8.645298957824707,657600
2000-07-10,8.666666984558105,8.666666984558105,7.8333330154418945,7.9166669845581055,7.916178226470947,942450
2000-07-11,8.083333015441895,8.25,8.0,8.208333015441895,8.207826614379883,619950
2000-07-12,8.166666984558105,8.75,8.166666984558105,8.583333015441895,8.582802772521973,1128000
2000-07-13,8.625,8.666666984558105,7.3333330154418945,7.8333330154418945,7.832849502563477,1890600
2000-07-14,7.875,7.875,7.5833330154418945,7.6666669845581055,7.66619348526001,460200
2000-07-17,7.7083330154418945,7.7083330154418945,7.4583330154418945,7.5,7.499536991119385,608700
2000-07-18,7.5416669845581055,7.5833330154418945,7.375,7.5833330154418945,7.582864761352539,516300
2000-07-19,7.5,7.75,7.4166669845581055,7.4583330154418945,7.45787239074707,358050
2000-07-20,7.5,7.5625,6.9166669845581055,7.25,7.249552249908447,602400
2000-07-21,7.3333330154418945,7.4583330154418945,6.6666669845581055,6.7916669845581055,6.791247367858887,466200
2000-07-24,6.75,7.2083330154418945,6.625,6.625,6.624590873718262,549000
2000-07-25,6.75,6.8333330154418945,6.0833330154418945,6.6666669845581055,6.666255474090576,521400
2000-07-26,6.6666669845581055,7.1666669845581055,6.4166669845581055,7.1666669845581055,7.166224479675293,565800
2000-07-27,6.8333330154418945,7.0,6.6666669845581055,6.7083330154418945,6.707918643951416,293850
2000-07-28,6.7916669845581055,6.8125,6.2291669845581055,6.3333330154418945,6.332942008972168,415350
2000-07-31,6.375,6.6666669845581055,6.1666669845581055,6.625,6.624590873718262,413850
2000-08-01,6.5,6.7916669845581055,6.4166669845581055,6.5833330154418945,6.582926273345947,270600
2000-08-02,6.4375,6.875,6.4166669845581055,6.65625,6.655838966369629,610350
2000-08-03,6.625,6.75,6.1458330154418945,6.4791669845581055,6.478766918182373,610350
2000-08-04,6.3958330154418945,6.5,6.1145830154418945,6.1354169845581055,6.135037899017334,778800
2000-08-07,6.15625,6.2916669845581055,6.0,6.0833330154418945,6.0829572677612305,486900
2000-08-08,6.375,7.3333330154418945,6.375,7.2916669845581055,7.291216850280762,1693050
2000-08-09,7.5,7.5416669845581055,7.0416669845581055,7.2916669845581055,7.291216850280762,496350
2000-08-10,7.2916669845581055,7.375,7.0833330154418945,7.25,7.249552249908447,495450
2000-08-11,7.0833330154418945,7.1666669845581055,7.0,7.0416669845581055,7.041232109069824,431550
2000-08-14,7.0416669845581055,7.5,7.0416669845581055,7.3333330154418945,7.332880020141602,225900
2000-08-15,7.4583330154418945,7.7083330154418945,7.2916669845581055,7.5,7.499536991119385,228300
2000-08-16,7.5,7.75,7.3333330154418945,7.5,7.499536991119385,222450
2000-08-17,7.5416669845581055,7.75,7.5,7.5833330154418945,7.582864761352539,177450
2000-08-18,7.7291669845581055,7.75,7.3333330154418945,7.5,7.499536991119385,179100
2000-08-21,7.5208330154418945,7.7083330154418945,7.4583330154418945,7.6666669845581055,7.66619348526001,211800
2000-08-22,7.5833330154418945,7.9583330154418945,7.5416669845581055,7.9583330154418945,7.957841396331787,483450
2000-08-23,7.875,8.0,7.7916669845581055,7.8333330154418945,7.832849502563477,287550
2000-08-24,8.166666984558105,8.583333015441895,8.083333015441895,8.5,8.499475479125977,1796250
2000-08-25,8.625,9.416666984558105,8.166666984558105,9.125,9.124436378479004,2375550
2000-08-28,9.3125,9.708333015441895,6.6666669845581055,9.083333015441895,9.082772254943848,2020200
2000-08-29,9.104166984558105,9.291666984558105,8.833333015441895,9.083333015441895,9.082772254943848,460650
2000-08-30,9.208333015441895,9.333333015441895,9.041666984558105,9.208333015441895,9.207764625549316,451800
2000-08-31,9.083333015441895,9.333333015441895,8.75,9.239583015441895,9.239012718200684,330750
2000-09-01,9.291666984558105,9.416666984558105,9.083333015441895,9.291666984558105,9.291092872619629,382950
2000-09-05,9.25,9.625,9.0,9.5,9.49941349029541,522150
2000-09-06,9.541666984558105,10.833333015441895,9.5,10.833333015441895,10.832664489746094,2801100
2000-09-07,10.791666984558105,11.0,10.416666984558105,10.791666984558105,10.791000366210938,1334850
2000-09-08,10.583333015441895,10.75,10.25,10.666666984558105,10.666007995605469,682950
2000-09-11,10.583333015441895,10.666666984558105,10.083333015441895,10.666666984558105,10.666007995605469,831900
2000-09-12,10.458333015441895,10.666666984558105,10.333333015441895,10.583333015441895,10.582679748535156,538500
2000-09-13,10.5,10.583333015441895,10.166666984558105,10.375,10.374359130859375,492000
2000-09-14,10.416666984558105,10.75,10.375,10.583333015441895,10.582679748535156,655050
2000-09-15,10.625,10.666666984558105,10.416666984558105,10.666666984558105,10.666007995605469,431400
2000-09-18,10.5,10.666666984558105,10.166666984558105,10.541666984558105,10.541015625,870750
2000-09-19,10.4375,10.5,9.5,10.0,9.999382019042969,1127550
2000-09-20,9.979166984558105,10.041666984558105,9.583333015441895,10.041666984558105,10.041047096252441,558150
2000-09-21,10.041666984558105,10.041666984558105,9.291666984558105,9.375,9.374421119689941,791100
2000-09-22,8.875,9.791666984558105,8.875,9.552083015441895,9.551493644714355,611550
2000-09-25,9.583333015441895,9.666666984558105,9.041666984558105,9.458333015441895,9.457749366760254,331500
2000-09-26,9.520833015441895,9.520833015441895,8.833333015441895,8.958333015441895,8.957779884338379,407850
2000-09-27,9.0,9.083333015441895,6.9583330154418945,7.5,7.499536991119385,2258400
2000-09-28,7.625,8.541666984558105,7.5833330154418945,8.416666984558105,8.416147232055664,1170900
2000-09-29,8.5,8.5,8.125,8.375,8.374483108520508,375450
2000-10-02,8.270833015441895,8.75,8.083333015441895,8.166666984558105,8.166162490844727,256950
2000-10-03,8.083333015441895,8.541666984558105,7.75,7.875,7.874513626098633,434100
2000-10-04,7.9583330154418945,9.041666984558105,7.6666669845581055,8.333333015441895,8.332818031311035,719700
2000-10-05,8.21875,8.916666984558105,8.208333015441895,8.666666984558105,8.666131973266602,386700
2000-10-06,8.666666984558105,8.833333015441895,7.9166669845581055,8.416666984558105,8.416147232055664,299100
2000-10-09,8.083333015441895,8.333333015441895,7.9166669845581055,8.291666984558105,8.291154861450195,245400
2000-10-10,8.25,8.708333015441895,8.041666984558105,8.125,8.12449836730957,243450
2000-10-11,8.020833015441895,8.208333015441895,7.5416669845581055,7.75,7.749521255493164,547500
2000-10-12,7.90625,8.083333015441895,7.4583330154418945,7.4583330154418945,7.45787239074707,310950
2000-10-13,7.5104169845581055,7.8333330154418945,7.3333330154418945,7.8333330154418945,7.832849502563477,405000
2000-10-16,8.0,8.125,7.6666669845581055,7.875,7.874513626098633,136350
2000-10-17,7.9166669845581055,8.0,7.3333330154418945,7.4166669845581055,7.4162092208862305,189900
2000-10-18,7.3333330154418945,7.8333330154418945,6.9583330154418945,7.125,7.1245598793029785,381150
2000-10-19,7.65625,8.166666984558105,7.5,8.041666984558105,8.041170120239258,316200
2000-10-20,8.125,8.5,7.8333330154418945,8.458333015441895,8.457810401916504,258600
2000-10-23,8.625,9.0,8.416666984558105,8.625,8.624467849731445,432000
2000-10-24,8.833333015441895,8.875,8.5,8.666666984558105,8.666131973266602,523200
2000-10-25,8.604166984558105,8.75,8.333333015441895,8.333333015441895,8.332818031311035,253650
2000-10-26,8.291666984558105,8.375,7.9166669845581055,8.291666984558105,8.291154861450195,643500
2000-10-27,8.5,8.541666984558105,7.9166669845581055,8.166666984558105,8.166162490844727,488700
2000-10-30,8.041666984558105,8.25,7.9166669845581055,8.166666984558105,8.166162490844727,381000
2000-10-31,8.333333015441895,8.375,8.166666984558105,8.291666984558105,8.291154861450195,266400
2000-11-01,8.041666984558105,8.25,8.0,8.208333015441895,8.207826614379883,204150
2000-11-02,8.239583015441895,8.25,8.0,8.25,8.249490737915039,172650
2000-11-03,8.291666984558105,8.541666984558105,8.208333015441895,8.25,8.249490737915039,554400
2000-11-06,8.322916984558105,8.416666984558105,8.25,8.416666984558105,8.416147232055664,221550
2000-11-07,8.25,8.666666984558105,8.166666984558105,8.458333015441895,8.457810401916504,294600
2000-11-08,8.541666984558105,8.572916984558105,8.25,8.458333015441895,8.457810401916504,322800
2000-11-09,8.333333015441895,8.333333015441895,8.0,8.291666984558105,8.291154861450195,391350
2000-11-10,8.166666984558105,8.291666984558105,7.6666669845581055,7.7083330154418945,7.707857131958008,916650
2000-11-13,7.5,7.65625,6.5,7.3541669845581055,7.353713035583496,898350
2000-11-14,7.4791669845581055,7.625,7.3333330154418945,7.5,7.499536991119385,235500
2000-11-15,7.3020830154418945,7.75,7.2916669845581055,7.5833330154418945,7.582864761352539,221550
2000-11-16,7.75,7.75,7.3333330154418945,7.3333330154418945,7.332880020141602,275550
2000-11-17,7.375,7.4166669845581055,6.8333330154418945,7.0416669845581055,7.041232109069824,337800
2000-11-20,6.9166669845581055,7.0,6.3333330154418945,6.5,6.499598503112793,874050
2000-11-21,6.5416669845581055,6.5833330154418945,5.8333330154418945,5.875,5.874637126922607,906300
2000-11-22,5.625,6.2916669845581055,5.6041669845581055,6.0,5.999629497528076,707550
2000-11-24,6.09375,6.5,6.0,6.25,6.249614238739014,160950
2000-11-27,6.375,6.6666669845581055,5.9583330154418945,6.0416669845581055,6.041294097900391,569400
2000-11-28,6.03125,6.125,5.75,5.75,5.749644756317139,320850
2000-11-29,5.78125,6.6666669845581055,5.75,6.125,6.124621868133545,787500
2000-11-30,5.9375,6.5416669845581055,5.8958330154418945,6.4583330154418945,6.457934379577637,476550
2000-12-01,6.5,6.7916669845581055,6.25,6.5833330154418945,6.582926273345947,748050
2000-12-04,6.6875,6.7083330154418945,6.0833330154418945,6.25,6.249614238739014,307050
2000-12-05,6.3229169845581055,6.5416669845581055,6.2083330154418945,6.5416669845581055,6.541263103485107,388200
2000-12-06,6.5833330154418945,6.5833330154418945,6.25,6.3333330154418945,6.332942008972168,299550
2000-12-07,6.3333330154418945,6.4583330154418945,6.0,6.2083330154418945,6.207949638366699,357600
2000-12-08,6.2916669845581055,6.6666669845581055,6.1875,6.6666669845581055,6.666255474090576,197250
2000-12-11,6.71875,7.0,6.375,6.6666669845581055,6.666255474090576,463050
2000-12-12,6.7083330154418945,6.9583330154418945,6.6666669845581055,6.7916669845581055,6.791247367858887,212700
2000-12-13,6.8645830154418945,6.9583330154418945,6.5416669845581055,6.5833330154418945,6.582926273345947,733650
2000-12-14,6.75,7.0416669845581055,6.25,6.4583330154418945,6.457934379577637,448200
2000-12-15,6.5,6.5,6.0416669845581055,6.375,6.374606132507324,204300
2000-12-18,6.2916669845581055,6.375,5.8333330154418945,5.875,5.874637126922607,362400
2000-12-19,5.8333330154418945,6.3333330154418945,5.8333330154418945,6.2916669845581055,6.29127836227417,463800
2000-12-20,5.9583330154418945,6.1041669845581055,5.9166669845581055,6.1041669845581055,6.103790283203125,386250
2000-12-21,5.9166669845581055,6.5,5.8333330154418945,6.125,6.124621868133545,502650
2000-12-22,6.0833330154418945,6.4166669845581055,6.0833330154418945,6.3333330154418945,6.332942008972168,291150
2000-12-26,6.4791669845581055,6.625,6.4166669845581055,6.5833330154418945,6.582926273345947,320850
2000-12-27,6.6145830154418945,6.9166669845581055,6.5416669845581055,6.7083330154418945,6.707918643951416,460950
2000-12-28,6.875,7.5,6.5833330154418945,7.2916669845581055,7.291216850280762,615450
2000-12-29,7.4583330154418945,7.7916669845581055,7.375,7.6666669845581055,7.66619348526001,671400
2001-01-02,7.6979169845581055,7.7083330154418945,7.0,7.25,7.249552249908447,795150
2001-01-03,7.1666669845581055,7.5,7.1666669845581055,7.5,7.499536991119385,667350
2001-01-04,7.4895830154418945,7.9583330154418945,7.3333330154418945,7.625,7.6245293617248535,444900
2001-01-05,7.6979169845581055,7.7083330154418945,7.4166669845581055,7.4583330154418945,7.45787239074707,259200
2001-01-08,7.5416669845581055,7.5729169845581055,6.8333330154418945,7.0416669845581055,7.041232109069824,368850
2001-01-09,7.0,7.125,6.75,6.7916669845581055,6.791247367858887,377100
2001-01-10,6.7916669845581055,7.0833330154418945,6.75,7.0,6.999567985534668,291600
2001-01-11,7.0625,7.5,7.0,7.0,6.999567985534668,329400
2001-01-12,7.2916669845581055,7.9583330154418945,7.25,7.9166669845581055,7.916178226470947,1132200
2001-01-16,7.875,8.541666984558105,7.5,8.333333015441895,8.332818031311035,1795500
2001-01-17,8.447916984558105,8.75,7.8333330154418945,8.0,7.999505996704102,954300
2001-01-18,8.0,8.208333015441895,7.75,7.875,7.874513626098633,873450
2001-01-19,8.958333015441895,8.958333015441895,8.166666984558105,8.333333015441895,8.332818031311035,2078250
2001-01-22,8.5,8.583333015441895,8.0,8.166666984558105,8.166162490844727,1926000
2001-01-23,8.25,8.291666984558105,8.083333015441895,8.166666984558105,8.166162490844727,1091100
2001-01-24,8.166666984558105,8.208333015441895,7.5,8.041666984558105,8.041170120239258,2417700
2001-01-25,8.0,8.0,7.7083330154418945,7.7916669845581055,7.7911858558654785,451050
2001-01-26,7.7916669845581055,7.7916669845581055,7.2083330154418945,7.375,7.374544620513916,737250
2001-01-29,7.4166669845581055,7.4166669845581055,7.1666669845581055,7.3333330154418945,7.332880020141602,465150
2001-01-30,7.3125,7.7083330154418945,7.25,7.6666669845581055,7.66619348526001,639300
2001-01-31,7.75,8.208333015441895,7.75,8.125,8.12449836730957,1414500
2001-02-01,8.208333015441895,8.791666984558105,8.083333015441895,8.666666984558105,8.666131973266602,1499100
2001-02-02,8.916666984558105,8.916666984558105,8.416666984558105,8.5,8.499475479125977,621450
2001-02-05,8.427083015441895,8.458333015441895,8.083333015441895,8.208333015441895,8.207826614379883,510900
2001-02-06,8.166666984558105,8.625,8.166666984558105,8.208333015441895,8.207826614379883,539250
2001-02-07,8.208333015441895,8.5,8.166666984558105,8.458333015441895,8.457810401916504,527400
2001-02-08,8.46875,8.833333015441895,8.416666984558105,8.541666984558105,8.541139602661133,623100
2001-02-09,8.46875,8.666666984558105,8.458333015441895,8.541666984558105,8.541139602661133,1009950
2001-02-12,8.520833015441895,8.75,8.5,8.625,8.624467849731445,730950
2001-02-13,8.583333015441895,8.583333015441895,8.375,8.458333015441895,8.457810401916504,807750
2001-02-14,8.333333015441895,8.447916984558105,8.125,8.125,8.12449836730957,242850
2001-02-15,8.260416984558105,8.291666984558105,7.8333330154418945,8.125,8.12449836730957,857550
2001-02-16,8.0,8.166666984558105,7.8333330154418945,7.9166669845581055,7.916178226470947,391350
2001-02-20,8.0,8.041666984558105,7.3333330154418945,7.625,7.6245293617248535,721500
2001-02-21,7.5520830154418945,7.875,7.5416669845581055,7.7083330154418945,7.707857131958008,313650
2001-02-22,7.625,8.166666984558105,7.4166669845581055,7.875,7.874513626098633,477450
2001-02-23,7.7291669845581055,7.7916669845581055,7.3333330154418945,7.75,7.749521255493164,523050
2001-02-26,7.8333330154418945,8.208333015441895,7.6666669845581055,8.208333015441895,8.207826614379883,529350
2001-02-27,7.0416669845581055,7.7916669845581055,7.0416669845581055,7.75,7.749521255493164,914250
2001-02-28,7.71875,7.8333330154418945,7.5833330154418945,7.6666669845581055,7.66619348526001,720450
2001-03-01,7.5833330154418945,7.5833330154418945,7.2916669845581055,7.5416669845581055,7.541201114654541,648450
2001-03-02,7.5416669845581055,7.8333330154418945,7.3333330154418945,7.6666669845581055,7.66619348526001,580050
2001-03-05,7.5416669845581055,7.7083330154418945,7.5,7.7083330154418945,7.707857131958008,506400
2001-03-06,7.8333330154418945,7.8333330154418945,6.9583330154418945,7.3333330154418945,7.332880020141602,586050
2001-03-07,7.1666669845581055,7.5416669845581055,7.0,7.5,7.499536991119385,439650
2001-03-08,7.46875,7.5,7.0416669845581055,7.375,7.374544620513916,1327350
2001-03-09,7.25,7.9166669845581055,7.25,7.7916669845581055,7.7911858558654785,3135900
2001-03-12,7.5,7.8333330154418945,7.5,7.7916669845581055,7.7911858558654785,903300
2001-03-13,7.4583330154418945,8.083333015441895,7.4583330154418945,8.041666984558105,8.041170120239258,1347900
2001-03-14,7.5833330154418945,8.333333015441895,7.5833330154418945,8.208333015441895,8.207826614379883,802500
2001-03-15,8.177083015441895,8.291666984558105,8.083333015441895,8.25,8.249490737915039,540900
2001-03-16,8.291666984558105,8.375,8.208333015441895,8.291666984558105,8.291154861450195,928200
2001-03-19,8.125,8.375,8.125,8.291666984558105,8.291154861450195,778500
2001-03-20,8.28125,8.5,8.25,8.291666984558105,8.291154861450195,723450
2001-03-21,8.333333015441895,8.458333015441895,8.0,8.166666984558105,8.166162490844727,446550
2001-03-22,8.052083015441895,8.208333015441895,7.7916669845581055,8.208333015441895,8.207826614379883,587250
2001-03-23,8.239583015441895,8.916666984558105,8.166666984558105,8.458333015441895,8.457810401916504,1270350
2001-03-26,8.583333015441895,9.458333015441895,8.541666984558105,9.25,9.249428749084473,2774250
2001-03-27,9.291666984558105,9.75,9.166666984558105,9.5,9.49941349029541,2534250
2001-03-28,9.208333015441895,9.5,9.166666984558105,9.375,9.374421119689941,940500
2001-03-29,9.291666984558105,9.375,8.708333015441895,9.0,8.999444007873535,1181550
2001-03-30,8.96875,9.583333015441895,8.625,9.510416984558105,9.5098295211792,1287900
2001-04-02,9.458333015441895,9.5,8.75,8.833333015441895,8.83278751373291,924750
2001-04-03,8.625,8.75,7.9791669845581055,8.166666984558105,8.166162490844727,776700
2001-04-04,7.9583330154418945,8.166666984558105,7.25,7.3333330154418945,7.332880020141602,1469850
2001-04-05,7.875,8.166666984558105,7.8333330154418945,8.125,8.12449836730957,1124400
2001-04-06,8.0,8.166666984558105,8.0,8.166666984558105,8.166162490844727,435750
2001-04-09,8.100000381469727,8.646666526794434,7.886666774749756,8.066666603088379,8.066168785095215,324600
2001-04-10,8.300000190734863,8.5,8.119999885559082,8.359999656677246,8.35948371887207,318600
2001-04-11,8.399999618530273,8.666666984558105,8.399999618530273,8.533332824707031,8.532805442810059,358200
2001-04-12,8.479999542236328,8.633333206176758,8.239999771118164,8.5,8.499475479125977,288000
2001-04-16,8.579999923706055,8.666666984558105,8.399999618530273,8.633333206176758,8.632800102233887,567150
2001-04-17,8.533332824707031,8.666666984558105,8.333333015441895,8.579999923706055,8.579469680786133,484350
2001-04-18,8.619999885559082,9.100000381469727,8.619999885559082,9.013333320617676,9.012776374816895,1359300
2001-04-19,9.033332824707031,9.066666603088379,8.433333396911621,8.533332824707031,8.532805442810059,1385550
2001-04-20,8.433333396911621,8.5,7.966667175292969,8.273332595825195,8.272821426391602,2037150
2001-04-23,8.239999771118164,8.633333206176758,7.966667175292969,8.326666831970215,8.326152801513672,1026450
2001-04-24,8.293333053588867,9.393333435058594,8.293333053588867,9.319999694824219,9.319424629211426,3095550
2001-04-25,9.166666984558105,9.526666641235352,8.920000076293945,9.326666831970215,9.326090812683105,2958450
2001-04-26,9.233332633972168,9.633333206176758,9.166666984558105,9.293333053588867,9.29275894165039,2392950
2001-04-27,9.300000190734863,9.366666793823242,9.166666984558105,9.24666690826416,9.246095657348633,919050
2001-04-30,9.286666870117188,9.333333015441895,9.199999809265137,9.293333053588867,9.29275894165039,1096050
2001-05-01,9.520000457763672,10.260000228881836,9.373332977294922,10.046667098999023,10.046046257019043,4856850
2001-05-02,10.239999771118164,10.58666706085205,10.0600004196167,10.34000015258789,10.339361190795898,1724250
2001-05-03,10.233332633972168,10.333333015441895,9.833333015441895,10.279999732971191,10.279364585876465,758700
2001-05-04,10.180000305175781,10.180000305175781,9.646666526794434,9.90666675567627,9.906055450439453,924150
2001-05-07,9.90666675567627,9.993332862854004,9.633333206176758,9.90666675567627,9.906055450439453,672300
2001-05-08,10.039999961853027,10.173333168029785,9.733332633972168,9.926667213439941,9.926054000854492,1682400
2001-05-09,9.920000076293945,10.84000015258789,9.91333293914795,10.786666870117188,10.786001205444336,4334550
2001-05-10,11.239999771118164,11.546667098999023,10.546667098999023,10.800000190734863,10.799333572387695,4617450
2001-05-11,10.859999656677246,10.933333396911621,10.473333358764648,10.819999694824219,10.819331169128418,1215600
2001-05-14,10.853333473205566,11.220000267028809,10.813332557678223,10.853333473205566,10.852663040161133,1066200
2001-05-15,10.859999656677246,11.333333015441895,10.80666732788086,11.15999984741211,11.159310340881348,1827900
2001-05-16,11.199999809265137,12.0,11.09333324432373,11.393333435058594,11.392629623413086,1353750
2001-05-17,11.386667251586914,11.666666984558105,10.91333293914795,11.0600004196167,11.059317588806152,2169900
2001-05-18,11.106666564941406,11.293333053588867,10.566666603088379,10.606666564941406,10.606011390686035,1164150
2001-05-21,10.633333206176758,10.739999771118164,10.506667137145996,10.686667442321777,10.686007499694824,2274750
2001-05-22,10.846667289733887,11.286666870117188,10.793333053588867,10.979999542236328,10.979321479797363,1964250
2001-05-23,10.920000076293945,11.69333267211914,10.75333309173584,11.646666526794434,11.645947456359863,3292350
2001-05-24,11.993332862854004,12.926667213439941,11.800000190734863,12.926667213439941,12.92586898803711,7273350
2001-05-25,13.199999809265137,13.5600004196167,12.966667175292969,13.366666793823242,13.36584186553955,5968950
2001-05-29,13.359999656677246,14.606666564941406,13.319999694824219,14.100000381469727,14.099129676818848,6196200
2001-05-30,13.90666675567627,13.90666675567627,12.600000381469727,13.579999923706055,13.579161643981934,3564300
2001-05-31,13.333333015441895,13.933333396911621,13.279999732971191,13.84000015258789,13.83914566040039,2640900
2001-06-01,14.0,14.153332710266113,13.473333358764648,13.933333396911621,13.932473182678223,1204050
2001-06-04,13.966667175292969,14.079999923706055,13.399999618530273,13.699999809265137,13.699153900146484,1193850
2001-06-05,13.733332633972168,14.24666690826416,13.573332786560059,14.146666526794434,14.145792961120605,1181100
2001-06-06,14.633333206176758,15.08666706085205,14.41333293914795,14.866666793823242,14.865748405456543,1984200
2001-06-07,15.333333015441895,16.333332061767578,15.133333206176758,15.966667175292969,15.965681076049805,5632350
2001-06-08,16.200000762939453,16.239999771118164,15.600000381469727,15.793333053588867,15.792357444763184,1988850
2001-06-11,15.793333053588867,15.80666732788086,13.626667022705078,14.0600004196167,14.05913257598877,2851650
2001-06-12,13.69333267211914,14.653332710266113,13.333333015441895,14.34000015258789,14.33911418914795,2527050
2001-06-13,14.933333396911621,15.319999694824219,14.366666793823242,15.026666641235352,15.025738716125488,2115900
2001-06-14,14.853333473205566,14.853333473205566,14.100000381469727,14.199999809265137,14.19912338256836,1599150
2001-06-15,13.493332862854004,14.199999809265137,13.333333015441895,13.80666732788086,13.805814743041992,2175450
2001-06-18,13.90666675567627,14.5,13.866666793823242,14.066666603088379,14.065797805786133,1154850
2001-06-19,14.493332862854004,14.866666793823242,14.133333206176758,14.366666793823242,14.365779876708984,3015000
2001-06-20,14.399999618530273,14.399999618530273,13.720000267028809,13.733332633972168,13.732484817504883,2873700
2001-06-21,13.706666946411133,13.713333129882812,12.106666564941406,12.166666984558105,12.165915489196777,5212350
2001-06-22,11.146666526794434,12.433333396911621,11.146666526794434,11.813332557678223,11.812602996826172,3092850
2001-06-25,11.833333015441895,12.993332862854004,11.733332633972168,12.859999656677246,12.85920524597168,2864100
2001-06-26,12.65999984741211,12.953332901000977,12.319999694824219,12.666666984558105,12.665884971618652,1773300
2001-06-27,12.65999984741211,12.69333267211914,12.100000381469727,12.239999771118164,12.239243507385254,2433600
2001-06-28,12.433333396911621,12.713333129882812,11.866666793823242,12.4399995803833,12.439231872558594,1969800
2001-06-29,12.5,12.873332977294922,12.266667366027832,12.366666793823242,12.3659029006958,2197050
2001-07-02,12.606666564941406,12.613332748413086,12.199999809265137,12.24666690826416,12.24591064453125,1790850
2001-07-03,12.106666564941406,12.113332748413086,11.5,11.699999809265137,11.6992769241333,1614900
2001-07-05,11.619999885559082,11.626667022705078,10.853333473205566,10.880000114440918,10.879328727722168,2042850
2001-07-06,11.473333358764648,12.066666603088379,11.279999732971191,12.013333320617676,12.012591361999512,5388450
2001-07-09,12.079999923706055,12.506667137145996,11.666666984558105,11.80666732788086,11.805938720703125,1960350
2001-07-10,11.826666831970215,12.25333309173584,11.420000076293945,11.933333396911621,11.932596206665039,2555850
2001-07-11,11.933333396911621,11.979999542236328,11.073332786560059,11.206666946411133,11.205974578857422,2314800
2001-07-12,11.566666603088379,11.74666690826416,10.886667251586914,11.279999732971191,11.279303550720215,1824600
2001-07-13,11.239999771118164,11.726667404174805,10.91333293914795,11.646666526794434,11.645947456359863,1561500
2001-07-16,11.733332633972168,12.233332633972168,11.606666564941406,11.933333396911621,11.932596206665039,1618950
2001-07-17,11.966667175292969,13.399999618530273,11.773332595825195,13.30666732788086,13.305845260620117,2935350
2001-07-18,13.146666526794434,13.666666984558105,12.91333293914795,13.213333129882812,13.212516784667969,3259350
2001-07-19,13.333333015441895,14.286666870117188,13.333333015441895,13.433333396911621,13.432503700256348,2784750
2001-07-20,13.41333293914795,14.126667022705078,13.41333293914795,13.953332901000977,13.952471733093262,2963100
2001-07-23,14.013333320617676,14.313332557678223,13.186667442321777,13.633333206176758,13.632491111755371,3166800
2001-07-24,13.566666603088379,13.59333324432373,12.226667404174805,12.460000038146973,12.459230422973633,3684450
2001-07-25,12.479999542236328,13.066666603088379,12.446666717529297,12.566666603088379,12.565890312194824,2330100
2001-07-26,13.19333267211914,13.5,13.026666641235352,13.366666793823242,13.36584186553955,2888100
2001-07-27,13.366666793823242,13.5,13.126667022705078,13.399999618530273,13.399171829223633,1168950
2001-07-30,13.286666870117188,14.0,13.286666870117188,13.466667175292969,13.465835571289062,2118300
2001-07-31,13.4399995803833,13.513333320617676,12.766667366027832,13.239999771118164,13.239182472229004,6324300
2001-08-01,13.233332633972168,13.239999771118164,12.393333435058594,12.666666984558105,12.665884971618652,3710700
2001-08-02,12.600000381469727,12.833333015441895,11.600000381469727,12.0,11.999258995056152,3624750
2001-08-03,11.899999618530273,12.260000228881836,11.800000190734863,11.873332977294922,11.872599601745605,1883100
2001-08-06,11.84000015258789,12.266667366027832,11.333333015441895,12.039999961853027,12.03925609588623,1403400
2001-08-07,11.960000038146973,12.399999618530273,11.933333396911621,12.300000190734863,12.299241065979004,2658450
2001-08-08,12.333333015441895,12.733332633972168,12.166666984558105,12.433333396911621,12.432565689086914,2942550
2001-08-09,12.433333396911621,13.399999618530273,12.433333396911621,13.326666831970215,13.325843811035156,3209850
2001-08-10,13.4399995803833,14.033332824707031,13.433333396911621,13.666666984558105,13.665822982788086,6339150
2001-08-13,13.74666690826416,13.973333358764648,13.24666690826416,13.453332901000977,13.452502250671387,2679600
2001-08-14,13.5,14.133333206176758,13.399999618530273,14.026666641235352,14.025800704956055,2436750
2001-08-15,13.933333396911621,14.41333293914795,13.640000343322754,13.74666690826416,13.745818138122559,4070550
2001-08-16,13.600000381469727,13.600000381469727,13.039999961853027,13.34000015258789,13.339176177978516,3480600
2001-08-17,13.25333309173584,13.25333309173584,12.566666603088379,12.699999809265137,12.69921588897705,3194700
2001-08-20,12.680000305175781,12.986666679382324,12.466667175292969,12.9399995803833,12.939200401306152,2913150
2001-08-21,13.006667137145996,13.433333396911621,12.899999618530273,13.300000190734863,13.299179077148438,2246550
2001-08-22,13.34000015258789,13.393333435058594,12.366666793823242,12.859999656677246,12.85920524597168,2456250
2001-08-23,12.773332595825195,13.0,12.233332633972168,12.293333053588867,12.292573928833008,1785300
2001-08-24,12.699999809265137,13.100000381469727,12.5600004196167,12.886667251586914,12.885871887207031,2840100
2001-08-27,12.773332595825195,13.833333015441895,12.5600004196167,13.766667366027832,13.765817642211914,2415750
2001-08-28,13.5,14.386667251586914,13.5,14.133333206176758,14.132460594177246,3773100
2001-08-29,13.786666870117188,13.946666717529297,11.166666984558105,11.880000114440918,11.879266738891602,13792050
2001-08-30,11.233332633972168,11.633333206176758,10.533332824707031,10.739999771118164,10.739336967468262,5188650
2001-08-31,10.633333206176758,11.380000114440918,10.34000015258789,11.066666603088379,11.065982818603516,3046350
2001-09-04,10.84000015258789,10.933333396911621,9.666666984558105,9.993332862854004,9.992715835571289,3772200
2001-09-05,9.91333293914795,9.993332862854004,9.300000190734863,9.5,9.49941349029541,2329650
2001-09-06,9.533332824707031,9.539999961853027,8.760000228881836,8.800000190734863,8.799456596374512,6089700
2001-09-07,8.760000228881836,8.966667175292969,8.526666641235352,8.760000228881836,8.759459495544434,2380800
2001-09-10,8.706666946411133,8.733332633972168,7.566667079925537,7.626667022705078,7.626195907592773,6340950
2001-09-17,6.6666669845581055,6.673333168029785,6.006667137145996,6.593332767486572,6.592925548553467,11755050
2001-09-18,6.353332996368408,6.360000133514404,5.033332824707031,5.199999809265137,5.199678897857666,12235800
2001-09-19,4.933332920074463,6.853332996368408,4.926667213439941,6.853332996368408,6.852909564971924,9134250
2001-09-20,6.460000038146973,6.5,5.199999809265137,5.3333330154418945,5.333003520965576,3877800
2001-09-21,4.966667175292969,5.360000133514404,4.7733330726623535,5.2133331298828125,5.213011264801025,3119400
2001-09-24,5.613333225250244,5.679999828338623,5.24666690826416,5.353332996368408,5.353002548217773,4135500
2001-09-25,5.433332920074463,5.466667175292969,5.173333168029785,5.206666946411133,5.206345558166504,1882050
2001-09-26,5.3333330154418945,5.340000152587891,4.760000228881836,4.813333034515381,4.81303596496582,4400550
2001-09-27,4.733333110809326,4.806666851043701,4.513332843780518,4.659999847412109,4.659712314605713,2420550
2001-09-28,4.699999809265137,4.980000019073486,4.599999904632568,4.7133331298828125,4.713042259216309,2446650
2001-10-01,4.7266669273376465,4.8466668128967285,4.293333053588867,4.6666669845581055,4.666378974914551,1968000
2001-10-02,4.673333168029785,4.926667213439941,4.506667137145996,4.7866668701171875,4.786371231079102,1341150
2001-10-03,4.679999828338623,6.066667079925537,4.6666669845581055,5.733333110809326,5.7329792976379395,3819150
2001-10-04,5.873332977294922,6.433332920074463,5.8333330154418945,6.079999923706055,6.079624652862549,3451650
2001-10-05,6.079999923706055,6.233333110809326,5.820000171661377,6.179999828338623,6.1796183586120605,1420800
2001-10-08,5.900000095367432,6.420000076293945,5.8933329582214355,6.366666793823242,6.366273880004883,807000
2001-10-09,6.3466668128967285,6.486667156219482,6.113333225250244,6.260000228881836,6.259613513946533,1778700
2001-10-10,6.2733330726623535,6.493332862854004,6.113333225250244,6.3333330154418945,6.332942008972168,660450
2001-10-11,6.460000038146973,7.179999828338623,6.453332901000977,7.066667079925537,7.066230773925781,2145000
2001-10-12,7.039999961853027,7.1666669845581055,6.566667079925537,7.039999961853027,7.039565086364746,1170900
2001-10-15,6.826666831970215,7.0,6.6666669845581055,6.800000190734863,6.799580097198486,543750
2001-10-16,6.866666793823242,7.2266669273376465,6.8333330154418945,7.173333168029785,7.1728901863098145,694950
2001-10-17,7.493332862854004,7.5,6.913332939147949,6.920000076293945,6.919572830200195,1203900
2001-10-18,7.019999980926514,7.1533331871032715,6.933332920074463,7.013332843780518,7.012899875640869,1696950
2001-10-19,6.920000076293945,7.5,6.699999809265137,7.386666774749756,7.3862104415893555,1856850
2001-10-22,7.3466668128967285,7.6533331871032715,7.139999866485596,7.579999923706055,7.579531669616699,884400
2001-10-23,7.599999904632568,8.033332824707031,7.566667079925537,7.946667194366455,7.946176528930664,1486050
2001-10-24,7.980000019073486,8.373332977294922,7.733333110809326,8.166666984558105,8.166162490844727,1926150
2001-10-25,8.166666984558105,8.333333015441895,7.74666690826416,8.166666984558105,8.166162490844727,1124550
2001-10-26,8.126667022705078,9.453332901000977,8.119999885559082,9.213333129882812,9.212763786315918,1863450
2001-10-29,9.199999809265137,9.380000114440918,8.733332633972168,8.859999656677246,8.859452247619629,1707150
2001-10-30,8.713333129882812,9.319999694824219,8.133333206176758,8.699999809265137,8.699462890625,4338750
2001-10-31,8.739999771118164,9.626667022705078,8.653332710266113,9.286666870117188,9.286093711853027,3792450
2001-11-01,9.399999618530273,9.960000038146973,9.213333129882812,9.933333396911621,9.932720184326172,1752750
2001-11-02,9.833333015441895,10.300000190734863,9.733332633972168,9.966667175292969,9.966052055358887,5401950
2001-11-05,10.0600004196167,10.100000381469727,8.866666793823242,8.9399995803833,8.939447402954102,5038650
2001-11-06,8.933333396911621,8.986666679382324,8.446666717529297,8.766667366027832,8.766125679016113,3035100
2001-11-07,8.699999809265137,9.460000038146973,8.533332824707031,9.226667404174805,9.22609806060791,2393400
2001-11-08,9.426667213439941,9.600000381469727,9.173333168029785,9.319999694824219,9.319424629211426,1149150
2001-11-09,9.319999694824219,9.359999656677246,9.033332824707031,9.066666603088379,9.066106796264648,850650
2001-11-12,9.233332633972168,9.453332901000977,8.720000267028809,9.273332595825195,9.272760391235352,666450
2001-11-13,9.399999618530273,9.65999984741211,9.066666603088379,9.066666603088379,9.066106796264648,1061400
2001-11-14,9.199999809265137,9.333333015441895,8.833333015441895,9.213333129882812,9.212763786315918,891000
2001-11-15,9.213333129882812,9.273332595825195,8.946666717529297,8.946666717529297,8.946114540100098,732750
2001-11-16,8.899999618530273,9.279999732971191,8.773332595825195,9.166666984558105,9.16610050201416,1279950
2001-11-19,9.279999732971191,10.0,9.153332710266113,9.74666690826416,9.746065139770508,1405350
2001-11-20,9.800000190734863,10.713333129882812,9.673333168029785,10.313332557678223,10.312695503234863,4899600
2001-11-21,10.373332977294922,10.373332977294922,9.326666831970215,9.619999885559082,9.619405746459961,1989150
2001-11-23,9.520000457763672,9.699999809265137,9.4399995803833,9.626667022705078,9.626072883605957,433800
2001-11-26,9.713333129882812,9.986666679382324,9.520000457763672,9.566666603088379,9.566076278686523,948450
2001-11-27,9.573332786560059,9.833333015441895,9.5,9.686667442321777,9.68606948852539,1123500
2001-11-28,9.686667442321777,9.699999809265137,8.986666679382324,9.333333015441895,9.332756996154785,3056100
2001-11-29,9.333333015441895,9.766667366027832,8.966667175292969,9.699999809265137,9.699400901794434,1551000
2001-11-30,9.699999809265137,9.766667366027832,9.260000228881836,9.293333053588867,9.29275894165039,1436250
2001-12-03,9.313332557678223,9.566666603088379,8.9399995803833,9.420000076293945,9.419418334960938,678450
2001-12-04,9.373332977294922,9.553333282470703,9.199999809265137,9.346667289733887,9.346090316772461,1477500
2001-12-05,9.460000038146973,9.760000228881836,9.266667366027832,9.346667289733887,9.346090316772461,2756550
2001-12-06,9.493332862854004,9.760000228881836,9.300000190734863,9.520000457763672,9.519412994384766,2006700
2001-12-07,10.260000228881836,10.5,9.666666984558105,9.74666690826416,9.746065139770508,6743550
2001-12-10,9.760000228881836,9.920000076293945,9.506667137145996,9.600000381469727,9.599407196044922,2259300
2001-12-11,9.826666831970215,10.24666690826416,9.573332786560059,9.619999885559082,9.619405746459961,2713950
2001-12-12,9.853333473205566,10.173333168029785,9.833333015441895,10.039999961853027,10.039380073547363,2245500
2001-12-13,9.953332901000977,10.506667137145996,9.733332633972168,10.033332824707031,10.032712936401367,2857200
2001-12-14,10.166666984558105,10.19333267211914,6.199999809265137,6.886666774749756,6.886241436004639,30997800
2001-12-17,6.8933329582214355,9.553333282470703,6.5,9.039999961853027,9.03944206237793,12988500
2001-12-18,9.926667213439941,11.106666564941406,9.513333320617676,10.34000015258789,10.339361190795898,18738900
2001-12-19,10.40666675567627,10.666666984558105,9.779999732971191,10.006667137145996,10.006049156188965,3899550
2001-12-20,9.800000190734863,10.0,9.15999984741211,9.186667442321777,9.186100006103516,4854750
2001-12-21,9.180000305175781,9.65999984741211,9.15999984741211,9.506667137145996,9.50607967376709,2915850
2001-12-24,9.506667137145996,9.793333053588867,9.473333358764648,9.573332786560059,9.572741508483887,792750
2001-12-26,9.59333324432373,10.226667404174805,9.566666603088379,10.113332748413086,10.11270809173584,1606500
2001-12-27,10.173333168029785,10.59333324432373,10.146666526794434,10.533332824707031,10.532682418823242,2915550
2001-12-28,10.65999984741211,11.046667098999023,10.526666641235352,10.953332901000977,10.952656745910645,2830350
2001-12-31,10.960000038146973,11.699999809265137,10.739999771118164,10.779999732971191,10.77933406829834,3229950
2002-01-02,10.833333015441895,11.326666831970215,10.566666603088379,11.166666984558105,11.165977478027344,2080500
2002-01-03,11.173333168029785,11.826666831970215,11.166666984558105,11.779999732971191,11.779272079467773,2391750
2002-01-04,11.920000076293945,13.0,11.920000076293945,12.533332824707031,12.53255844116211,4050000
2002-01-07,12.579999923706055,12.866666793823242,12.106666564941406,12.106666564941406,12.105918884277344,2985300
2002-01-08,12.180000305175781,12.5600004196167,11.760000228881836,12.466667175292969,12.465897560119629,2408250
2002-01-09,12.479999542236328,12.699999809265137,12.24666690826416,12.40666675567627,12.405900955200195,1077900
2002-01-10,12.266667366027832,12.4399995803833,11.80666732788086,12.15999984741211,12.159249305725098,1537800
2002-01-11,12.199999809265137,12.713333129882812,12.15999984741211,12.506667137145996,12.505894660949707,2155950
2002-01-14,12.366666793823242,12.666666984558105,12.166666984558105,12.666666984558105,12.665884971618652,1614300
2002-01-15,12.699999809265137,12.91333293914795,12.40666675567627,12.75333309173584,12.752545356750488,945900
2002-01-16,12.619999885559082,12.800000190734863,11.993332862854004,12.0,11.999258995056152,1475250
2002-01-17,12.260000228881836,12.260000228881836,11.626667022705078,12.08666706085205,12.085920333862305,1343550
2002-01-18,11.993332862854004,12.5,11.899999618530273,12.039999961853027,12.03925609588623,3053250
2002-01-22,12.220000267028809,12.466667175292969,12.073332786560059,12.373332977294922,12.37256908416748,2701500
2002-01-23,12.373332977294922,12.373332977294922,12.373332977294922,12.373332977294922,12.37256908416748,0
2002-01-24,12.373332977294922,12.373332977294922,12.373332977294922,12.373332977294922,12.37256908416748,0
2002-01-25,12.373332977294922,12.373332977294922,12.373332977294922,12.373332977294922,12.37256908416748,0
2002-01-28,12.373332977294922,12.373332977294922,12.373332977294922,12.373332977294922,12.37256908416748,0
2002-01-29,12.373332977294922,12.373332977294922,12.373332977294922,12.373332977294922,12.37256908416748,0
2002-01-30,12.373332977294922,12.373332977294922,12.373332977294922,12.373332977294922,12.37256908416748,0
2002-01-31,12.373332977294922,12.373332977294922,12.373332977294922,12.373332977294922,12.37256908416748,0
2002-02-01,12.373332977294922,12.373332977294922,12.373332977294922,12.373332977294922,12.37256908416748,0
2002-02-04,12.373332977294922,12.373332977294922,12.373332977294922,12.373332977294922,12.37256908416748,0
2002-02-05,12.373332977294922,12.373332977294922,12.373332977294922,12.373332977294922,12.37256908416748,0
2002-02-06,12.373332977294922,12.373332977294922,12.373332977294922,12.373332977294922,12.37256908416748,0
2002-02-07,12.373332977294922,12.373332977294922,12.373332977294922,12.373332977294922,12.37256908416748,0
2002-02-08,12.373332977294922,12.373332977294922,12.373332977294922,12.373332977294922,12.37256908416748,0
2002-02-11,12.373332977294922,12.373332977294922,12.373332977294922,12.373332977294922,12.37256908416748,0
2002-02-12,12.373332977294922,12.373332977294922,12.373332977294922,12.373332977294922,12.37256908416748,0
2002-02-13,12.373332977294922,12.373332977294922,12.373332977294922,12.373332977294922,12.37256908416748,0
2002-02-14,12.373332977294922,12.373332977294922,12.373332977294922,12.373332977294922,12.37256908416748,0
2002-02-15,9.333333015441895,12.399999618530273,9.333333015441895,12.119999885559082,12.119251251220703,28114500
2002-02-19,11.873332977294922,12.619999885559082,11.25333309173584,11.34000015258789,11.339300155639648,5424600
2002-02-20,11.300000190734863,11.333333015441895,10.466667175292969,10.640000343322754,10.63934326171875,4233750
2002-02-21,10.640000343322754,10.880000114440918,10.300000190734863,10.333333015441895,10.332695007324219,1956600
2002-02-22,10.399999618530273,10.399999618530273,10.020000457763672,10.166666984558105,10.16603946685791,1876950
2002-02-25,10.239999771118164,11.106666564941406,10.079999923706055,10.793333053588867,10.7926664352417,1892250
2002-02-26,10.973333358764648,11.426667213439941,10.74666690826416,11.199999809265137,11.199308395385742,1013700
2002-02-27,11.15999984741211,12.013333320617676,11.133333206176758,12.0,11.999258995056152,2470200
2002-02-28,12.006667137145996,12.420000076293945,11.846667289733887,12.420000076293945,12.419233322143555,1645650
2002-03-01,12.233332633972168,13.066666603088379,11.91333293914795,13.020000457763672,13.019196510314941,1950600
2002-03-04,13.0,14.533332824707031,12.993332862854004,13.333333015441895,13.332509994506836,4890600
2002-03-05,13.300000190734863,13.359999656677246,12.69333267211914,12.773332595825195,12.772543907165527,1510350
2002-03-06,12.686667442321777,13.333333015441895,12.666666984558105,13.266667366027832,13.265848159790039,1058100
2002-03-07,13.279999732971191,13.84000015258789,13.106666564941406,13.399999618530273,13.399171829223633,1983450
2002-03-08,13.59333324432373,14.133333206176758,13.58666706085205,14.0600004196167,14.05913257598877,1279200
2002-03-11,14.133333206176758,15.493332862854004,14.013333320617676,15.353333473205566,15.352385520935059,4330650
2002-03-12,14.713333129882812,15.619999885559082,14.5,15.333333015441895,15.332386016845703,2408550
2002-03-13,15.313332557678223,15.800000190734863,15.0,15.220000267028809,15.219060897827148,2556000
2002-03-14,15.233332633972168,15.5,14.5600004196167,14.666666984558105,14.66576099395752,2848050
2002-03-15,14.5600004196167,14.566666603088379,13.713333129882812,14.466667175292969,14.465773582458496,5725650
2002-03-18,14.466667175292969,14.666666984558105,14.273332595825195,14.359999656677246,14.359112739562988,1307400
2002-03-19,14.420000076293945,14.446666717529297,14.213333129882812,14.300000190734863,14.299117088317871,1415100
2002-03-20,14.140000343322754,14.286666870117188,14.119999885559082,14.199999809265137,14.19912338256836,711150
2002-03-21,14.206666946411133,14.319999694824219,13.9399995803833,14.199999809265137,14.19912338256836,1101900
2002-03-22,14.026666641235352,14.199999809265137,13.393333435058594,13.473333358764648,13.472501754760742,1048800
2002-03-25,13.666666984558105,13.793333053588867,12.873332977294922,13.333333015441895,13.332509994506836,1591050
2002-03-26,13.300000190734863,13.666666984558105,13.133333206176758,13.359999656677246,13.359174728393555,728550
2002-03-27,13.453332901000977,13.539999961853027,13.08666706085205,13.199999809265137,13.19918441772461,846150
2002-03-28,13.300000190734863,13.733332633972168,13.300000190734863,13.399999618530273,13.399171829223633,1593900
2002-04-01,13.353333473205566,13.626667022705078,13.119999885559082,13.366666793823242,13.36584186553955,1003500
2002-04-02,13.346667289733887,13.41333293914795,13.08666706085205,13.133333206176758,13.132522583007812,563400
2002-04-03,13.033332824707031,13.326666831970215,12.993332862854004,13.039999961853027,13.03919506072998,744450
2002-04-04,13.066666603088379,13.279999732971191,12.953332901000977,13.013333320617676,13.012529373168945,704250
2002-04-05,13.293333053588867,13.399999618530273,12.933333396911621,13.30666732788086,13.305845260620117,882600
2002-04-08,13.260000228881836,14.286666870117188,12.91333293914795,14.073332786560059,14.072463989257812,1065300
2002-04-09,14.140000343322754,14.206666946411133,13.579999923706055,13.579999923706055,13.579161643981934,1086600
2002-04-10,13.90666675567627,14.506667137145996,13.69333267211914,14.399999618530273,14.399110794067383,1249050
2002-04-11,14.433333396911621,14.986666679382324,14.333333015441895,14.666666984558105,14.66576099395752,1193850
2002-04-12,14.74666690826416,15.0,14.613332748413086,14.733332633972168,14.732422828674316,603150
2002-04-15,14.666666984558105,15.24666690826416,14.65999984741211,14.9399995803833,14.939077377319336,629700
2002-04-16,15.09333324432373,16.540000915527344,15.006667137145996,16.386667251586914,16.38565444946289,2677050
2002-04-17,16.49333381652832,16.65333366394043,15.946666717529297,16.5,16.498981475830078,1424850
2002-04-18,16.5,17.1200008392334,16.280000686645508,16.866666793823242,16.865625381469727,2027700
2002-04-19,16.96666717529297,17.933332443237305,16.793333053588867,17.68666648864746,17.68557357788086,3161850
2002-04-22,17.479999542236328,17.700000762939453,16.766666412353516,16.873332977294922,16.872291564941406,1169700
2002-04-23,16.873332977294922,16.933332443237305,16.01333236694336,16.020000457763672,16.019010543823242,1469100
2002-04-24,16.206666946411133,16.520000457763672,15.680000305175781,15.826666831970215,15.825689315795898,1389600
2002-04-25,15.779999732971191,16.053333282470703,15.233332633972168,15.346667289733887,15.345719337463379,1515600
2002-04-26,15.466667175292969,15.859999656677246,14.90666675567627,15.286666870117188,15.285722732543945,1392300
2002-04-29,15.300000190734863,15.933333396911621,15.146666526794434,15.386667251586914,15.385717391967773,1003800
2002-04-30,15.399999618530273,16.99333381652832,15.393333435058594,16.733333587646484,16.7322998046875,1515600
2002-05-01,16.799999237060547,16.99333381652832,15.886667251586914,16.233333587646484,16.232330322265625,1709400
2002-05-02,16.226667404174805,16.780000686645508,16.1200008392334,16.65333366394043,16.652305603027344,1487100
2002-05-03,16.666667938232422,17.49333381652832,16.600000381469727,16.873332977294922,16.872291564941406,1214700
2002-05-06,16.873332977294922,17.5,16.799999237060547,17.333332061767578,17.33226203918457,1276950
2002-05-07,17.366666793823242,17.46666717529297,15.506667137145996,15.766667366027832,15.765693664550781,2469750
2002-05-08,16.32666778564453,17.31999969482422,16.260000228881836,16.97333335876465,16.9722843170166,2240100
2002-05-09,16.726667404174805,17.253332138061523,15.833333015441895,15.90666675567627,15.905684471130371,1082100
2002-05-10,16.440000534057617,16.719999313354492,15.833333015441895,15.833333015441895,15.832355499267578,931950
2002-05-13,16.079999923706055,16.893333435058594,15.69333267211914,16.606666564941406,16.605640411376953,1201200
2002-05-14,17.113332748413086,17.49333381652832,16.0,16.52666664123535,16.525646209716797,2793450
2002-05-15,16.46666717529297,17.18000030517578,16.093332290649414,16.96666717529297,16.965620040893555,1285800
2002-05-16,16.893333435058594,17.31999969482422,16.446666717529297,17.246667861938477,17.245603561401367,876300
2002-05-17,17.253332138061523,17.53333282470703,16.706666946411133,17.066667556762695,17.06561279296875,809250
2002-05-20,16.926666259765625,17.386667251586914,16.766666412353516,17.34000015258789,17.338930130004883,1431900
2002-05-21,17.333332061767578,17.666667938232422,16.67333221435547,16.726667404174805,16.72563362121582,1636800
2002-05-22,16.633333206176758,16.933332443237305,16.34000015258789,16.540000915527344,16.53898048400879,717600
2002-05-23,16.600000381469727,17.626667022705078,16.366666793823242,17.360000610351562,17.358928680419922,1508550
2002-05-24,17.226667404174805,17.299999237060547,17.0,17.0,16.998950958251953,567000
2002-05-28,17.106666564941406,17.633333206176758,16.52666664123535,17.17333221435547,17.172271728515625,947100
2002-05-29,17.106666564941406,17.453332901000977,15.800000190734863,16.47333335876465,16.47231674194336,1656600
2002-05-30,16.31333351135254,17.18000030517578,16.200000762939453,16.81999969482422,16.818960189819336,763350
2002-05-31,16.96666717529297,17.360000610351562,16.719999313354492,17.113332748413086,17.112276077270508,614550
2002-06-03,17.079999923706055,17.213333129882812,16.666667938232422,16.733333587646484,16.7322998046875,1071150
2002-06-04,16.600000381469727,18.03333282470703,16.600000381469727,17.46666717529297,17.46558952331543,1973700
2002-06-05,17.566667556762695,17.726667404174805,17.040000915527344,17.393333435058594,17.39225959777832,1598550
2002-06-06,17.366666793823242,17.6200008392334,16.953332901000977,17.0,16.998950958251953,2742300
2002-06-07,14.100000381469727,15.633333206176758,14.0,14.69333267211914,14.692425727844238,7380150
2002-06-10,14.573332786560059,15.40666675567627,14.353333473205566,14.626667022705078,14.625763893127441,2865300
2002-06-11,14.640000343322754,14.766667366027832,13.479999542236328,13.600000381469727,13.599160194396973,1710600
2002-06-12,13.5600004196167,13.566666603088379,11.90666675567627,11.9399995803833,11.939262390136719,6640500
2002-06-13,12.0600004196167,13.333333015441895,12.053333282470703,12.686667442321777,12.685884475708008,2560350
2002-06-14,12.420000076293945,13.039999961853027,12.273332595825195,13.033332824707031,13.032527923583984,2621850
2002-06-17,13.0,13.333333015441895,12.760000228881836,12.933333396911621,12.932535171508789,1405500
2002-06-18,12.846667289733887,13.166666984558105,12.5600004196167,12.826666831970215,12.825874328613281,1274250
2002-06-19,12.526666641235352,12.933333396911621,12.34000015258789,12.800000190734863,12.799209594726562,1292400
2002-06-20,12.779999732971191,12.800000190734863,12.34000015258789,12.34000015258789,12.339238166809082,733650
2002-06-21,12.646666526794434,12.666666984558105,11.199999809265137,11.220000267028809,11.219307899475098,2820300
2002-06-24,11.433333396911621,12.313332557678223,11.40666675567627,12.006667137145996,12.005926132202148,2610750
2002-06-25,12.326666831970215,12.653332710266113,12.126667022705078,12.126667022705078,12.1259183883667,1381350
2002-06-26,11.84000015258789,12.800000190734863,11.666666984558105,12.699999809265137,12.69921588897705,1479450
2002-06-27,12.793333053588867,13.393333435058594,12.699999809265137,13.260000228881836,13.259181022644043,1245000
2002-06-28,13.199999809265137,14.033332824707031,13.133333206176758,13.726667404174805,13.72581958770752,1441650
2002-07-01,13.733332633972168,13.760000228881836,12.466667175292969,12.626667022705078,12.625886917114258,1547250
2002-07-02,12.506667137145996,13.08666706085205,12.446666717529297,12.553333282470703,12.552557945251465,1353900
2002-07-03,12.606666564941406,12.626667022705078,11.766667366027832,12.053333282470703,12.052589416503906,1849050
2002-07-05,12.09333324432373,12.819999694824219,12.08666706085205,12.673333168029785,12.672550201416016,479250
2002-07-08,12.713333129882812,13.0600004196167,11.9399995803833,12.0,11.999258995056152,914400
2002-07-09,12.0,12.300000190734863,11.786666870117188,12.09333324432373,12.092586517333984,1247700
2002-07-10,12.100000381469727,12.326666831970215,11.819999694824219,12.153332710266113,12.152582168579102,861750
2002-07-11,12.0600004196167,12.133333206176758,11.533332824707031,11.986666679382324,11.985926628112793,1959900
2002-07-12,11.886667251586914,12.5,11.84000015258789,12.366666793823242,12.3659029006958,1027050
2002-07-15,12.220000267028809,12.633333206176758,11.539999961853027,12.426667213439941,12.425899505615234,1189500
2002-07-16,12.353333473205566,13.220000267028809,12.146666526794434,12.880000114440918,12.879204750061035,1336350
2002-07-17,13.046667098999023,13.34000015258789,12.4399995803833,12.626667022705078,12.625886917114258,654000
2002-07-18,12.640000343322754,12.686667442321777,11.720000267028809,11.726667404174805,11.725943565368652,571350
2002-07-19,11.720000267028809,11.766667366027832,10.726667404174805,11.633333206176758,11.632615089416504,1623000
2002-07-22,11.579999923706055,12.046667098999023,11.140000343322754,11.786666870117188,11.78593921661377,1265100
2002-07-23,12.34000015258789,12.653332710266113,12.106666564941406,12.226667404174805,12.225912094116211,1811550
2002-07-24,12.066666603088379,13.033332824707031,11.733332633972168,12.920000076293945,12.919201850891113,1218000
2002-07-25,12.600000381469727,12.986666679382324,11.920000076293945,12.24666690826416,12.24591064453125,799200
2002-07-26,12.473333358764648,12.606666564941406,12.0,12.533332824707031,12.53255844116211,562950
2002-07-29,12.539999961853027,13.493332862854004,12.533332824707031,13.41333293914795,13.412504196166992,973800
2002-07-30,13.286666870117188,14.359999656677246,13.166666984558105,14.353333473205566,14.352447509765625,1260300
2002-07-31,14.0,14.0,13.199999809265137,13.826666831970215,13.825813293457031,1221750
2002-08-01,13.800000190734863,13.946666717529297,13.333333015441895,13.726667404174805,13.72581958770752,783900
2002-08-02,13.733332633972168,13.733332633972168,13.266667366027832,13.399999618530273,13.399171829223633,914550
2002-08-05,13.460000038146973,13.466667175292969,12.90666675567627,13.006667137145996,13.005864143371582,1277100
2002-08-06,13.133333206176758,13.953332901000977,13.133333206176758,13.333333015441895,13.332509994506836,973650
2002-08-07,13.646666526794434,14.260000228881836,13.633333206176758,14.119999885559082,14.119128227233887,1036800
2002-08-08,14.0,14.793333053588867,13.600000381469727,14.65999984741211,14.65909481048584,1119750
2002-08-09,14.479999542236328,14.74666690826416,14.326666831970215,14.399999618530273,14.399110794067383,656250
2002-08-12,14.333333015441895,14.5,14.133333206176758,14.319999694824219,14.31911563873291,328050
2002-08-13,14.313332557678223,15.473333358764648,14.24666690826416,15.279999732971191,15.279056549072266,1717350
2002-08-14,15.260000228881836,16.399999618530273,15.08666706085205,16.02666664123535,16.025676727294922,2246550
2002-08-15,16.03333282470703,16.426666259765625,15.466667175292969,15.5,15.499042510986328,917550
2002-08-16,15.579999923706055,16.113332748413086,15.300000190734863,15.600000381469727,15.599037170410156,1301850
2002-08-19,15.600000381469727,17.333332061767578,15.600000381469727,17.333332061767578,17.33226203918457,3682200
2002-08-20,17.18000030517578,17.299999237060547,16.566667556762695,16.85333251953125,16.852291107177734,1651200
2002-08-21,16.98666763305664,17.586666107177734,16.97333335876465,17.52666664123535,17.525585174560547,1375800
2002-08-22,17.47333335876465,17.666667938232422,17.206666946411133,17.399999618530273,17.39892578125,782250
2002-08-23,17.239999771118164,17.393333435058594,16.933332443237305,16.98666763305664,16.985618591308594,630900
2002-08-26,17.15999984741211,17.333332061767578,16.51333236694336,17.266666412353516,17.265600204467773,1348650
2002-08-27,17.273332595825195,17.399999618530273,16.073333740234375,16.18000030517578,16.179000854492188,1818750
2002-08-28,16.18000030517578,16.31333351135254,15.233332633972168,15.260000228881836,15.259057998657227,1908900
2002-08-29,15.539999961853027,17.366666793823242,15.399999618530273,17.219999313354492,17.218936920166016,2698950
2002-08-30,17.126667022705078,17.366666793823242,16.713333129882812,16.733333587646484,16.7322998046875,1769250
2002-09-03,16.886667251586914,17.406667709350586,16.633333206176758,16.739999771118164,16.73896598815918,1667250
2002-09-04,17.206666946411133,17.666667938232422,16.5,16.85333251953125,16.852291107177734,2544900
2002-09-05,17.133333206176758,18.459999084472656,16.873332977294922,18.226667404174805,18.225542068481445,9004800
2002-09-06,18.866666793823242,18.899999618530273,16.613332748413086,16.68000030517578,16.678970336914062,7204800
2002-09-09,16.81333351135254,17.133333206176758,16.293333053588867,16.68000030517578,16.678970336914062,3259200
2002-09-10,16.766666412353516,17.65999984741211,16.733333587646484,17.64666748046875,17.645578384399414,1700550
2002-09-11,17.700000762939453,18.106666564941406,17.666667938232422,17.753332138061523,17.752235412597656,1652100
2002-09-12,17.46666717529297,18.01333236694336,17.399999618530273,17.81999969482422,17.818899154663086,1193850
2002-09-13,17.68666648864746,18.18000030517578,17.613332748413086,18.0,17.99888801574707,1515000
2002-09-16,17.98666763305664,18.166667938232422,17.760000228881836,17.893333435058594,17.892229080200195,1106850
2002-09-17,18.106666564941406,18.133333206176758,17.273332595825195,17.333332061767578,17.33226203918457,1108200
2002-09-18,17.133333206176758,17.64666748046875,17.0,17.266666412353516,17.265600204467773,1057650
2002-09-19,16.873332977294922,17.266666412353516,16.666667938232422,16.96666717529297,16.965620040893555,1210350
2002-09-20,17.133333206176758,17.566667556762695,16.833332061767578,17.46666717529297,17.46558952331543,2338050
2002-09-23,17.47333335876465,17.50666618347168,16.739999771118164,17.1200008392334,17.11894416809082,1725900
2002-09-24,16.860000610351562,18.020000457763672,16.860000610351562,17.85333251953125,17.852230072021484,1798800
2002-09-25,18.106666564941406,18.233333587646484,17.53333282470703,18.0,17.99888801574707,1847400
2002-09-26,18.100000381469727,18.566667556762695,17.753332138061523,18.399999618530273,18.398862838745117,2697150
2002-09-27,18.373332977294922,19.700000762939453,18.360000610351562,19.633333206176758,19.63212013244629,5986950
2002-09-30,19.206666946411133,19.719999313354492,18.739999771118164,19.333332061767578,19.332138061523438,2604600
2002-10-01,19.100000381469727,19.559999465942383,18.14666748046875,19.226667404174805,19.225481033325195,4878750
2002-10-02,19.15999984741211,20.133333206176758,19.00666618347168,19.15333366394043,19.152151107788086,3915300
2002-10-03,19.213333129882812,19.920000076293945,19.053333282470703,19.65333366394043,19.65212059020996,3288450
2002-10-04,19.739999771118164,20.046667098999023,18.50666618347168,18.633333206176758,18.632183074951172,4464900
2002-10-07,18.459999084472656,18.633333206176758,17.280000686645508,17.51333236694336,17.512250900268555,2569950
2002-10-08,17.706666946411133,18.833332061767578,17.67333221435547,18.773332595825195,18.772172927856445,2879700
2002-10-09,18.48666763305664,19.360000610351562,18.280000686645508,19.079999923706055,19.078821182250977,3548250
2002-10-10,19.133333206176758,19.979999542236328,18.906667709350586,19.639999389648438,19.63878631591797,3287550
2002-10-11,19.979999542236328,20.520000457763672,19.01333236694336,19.200000762939453,19.198814392089844,3985500
2002-10-14,18.85333251953125,19.633333206176758,18.606666564941406,19.299999237060547,19.29880714416504,2015100
2002-10-15,19.799999237060547,20.299999237060547,18.0,18.260000228881836,18.258872985839844,4247700
2002-10-16,17.739999771118164,18.51333236694336,17.613332748413086,18.299999237060547,18.298870086669922,3439200
2002-10-17,18.893333435058594,19.0,17.97333335876465,18.106666564941406,18.105548858642578,3795300
2002-10-18,18.133333206176758,18.31333351135254,17.573333740234375,18.020000457763672,18.018888473510742,2337150
2002-10-21,18.100000381469727,18.479999542236328,17.866666793823242,18.420000076293945,18.41886329650879,2754300
2002-10-22,16.413333892822266,17.626667022705078,16.406667709350586,17.47333335876465,17.472253799438477,7863900
2002-10-23,17.299999237060547,18.219999313354492,17.266666412353516,17.96666717529297,17.965557098388672,2754150
2002-10-24,18.01333236694336,18.566667556762695,17.780000686645508,17.940000534057617,17.938892364501953,3965850
2002-10-25,17.99333381652832,18.459999084472656,17.546667098999023,17.84666633605957,17.845563888549805,3998250
2002-10-28,18.286666870117188,18.34666633605957,16.15999984741211,16.393333435058594,16.39232063293457,6301650
2002-10-29,16.286666870117188,17.31333351135254,15.84000015258789,17.059999465942383,17.05894660949707,4223850
2002-10-30,17.246667861938477,17.666667938232422,16.733333587646484,17.420000076293945,17.41892433166504,2982450
2002-10-31,17.52666664123535,17.793333053588867,16.786666870117188,17.18666648864746,17.185606002807617,2614500
2002-11-01,17.126667022705078,17.426666259765625,16.866666793823242,17.420000076293945,17.41892433166504,1485600
2002-11-04,17.64666748046875,18.5,17.53333282470703,17.920000076293945,17.918893814086914,1924800
2002-11-05,17.713333129882812,18.393333435058594,17.406667709350586,18.03333282470703,18.03221893310547,2160900
2002-11-06,18.200000762939453,18.979999542236328,17.940000534057617,18.933332443237305,18.93216323852539,2167500
2002-11-07,18.893333435058594,18.899999618530273,18.206666946411133,18.30666732788086,18.3055362701416,1396050
2002-11-08,18.14666748046875,18.406667709350586,17.67333221435547,18.079999923706055,18.07888412475586,1253100
2002-11-11,18.093332290649414,18.14666748046875,17.213333129882812,17.459999084472656,17.458921432495117,1984200
2002-11-12,17.566667556762695,17.933332443237305,17.15333366394043,17.793333053588867,17.792234420776367,1745550
2002-11-13,17.786666870117188,17.933332443237305,17.333332061767578,17.373332977294922,17.37226104736328,1519950
2002-11-14,17.51333236694336,18.85333251953125,17.399999618530273,18.833332061767578,18.832168579101562,2609550
2002-11-15,18.773332595825195,19.426666259765625,18.393333435058594,19.213333129882812,19.212146759033203,4110900
2002-11-18,19.233333587646484,19.82666778564453,18.666667938232422,18.746667861938477,18.74551010131836,1757850
2002-11-19,18.786666870117188,19.34000015258789,18.420000076293945,18.933332443237305,18.93216323852539,1384200
2002-11-20,18.933332443237305,19.69333267211914,18.899999618530273,19.666667938232422,19.66545295715332,1552950
2002-11-21,19.793333053588867,20.666667938232422,19.69333267211914,20.47333335876465,20.472068786621094,3196050
2002-11-22,20.440000534057617,20.98666763305664,19.479999542236328,19.799999237060547,19.798776626586914,3395850
2002-11-25,19.65333366394043,20.633333206176758,19.65333366394043,20.586666107177734,20.58539581298828,3135000
2002-11-26,20.47333335876465,20.559999465942383,19.926666259765625,19.979999542236328,19.9787654876709,1374450
2002-11-27,20.15333366394043,20.760000228881836,20.133333206176758,20.65999984741211,20.658723831176758,1735800
2002-11-29,20.666667938232422,20.866666793823242,19.906667709350586,19.953332901000977,19.95210075378418,658950
2002-12-02,20.399999618530273,20.46666717529297,19.100000381469727,19.246667861938477,19.245479583740234,2208900
2002-12-03,18.833332061767578,19.420000076293945,18.700000762939453,19.01333236694336,19.012157440185547,1373550
2002-12-04,18.953332901000977,19.586666107177734,18.15333366394043,18.579999923706055,18.5788516998291,2024400
2002-12-05,18.666667938232422,19.35333251953125,18.600000381469727,19.246667861938477,19.245479583740234,1572000
2002-12-06,19.100000381469727,19.68666648864746,18.946666717529297,19.280000686645508,19.278810501098633,1164000
2002-12-09,19.166667938232422,19.459999084472656,18.65333366394043,18.746667861938477,18.74551010131836,1516200
2002-12-10,18.713333129882812,19.0,17.940000534057617,18.0,17.99888801574707,2325900
2002-12-11,17.926666259765625,18.0,16.366666793823242,16.613332748413086,16.612306594848633,8112000
2002-12-12,16.713333129882812,17.399999618530273,16.65999984741211,17.260000228881836,17.258934020996094,3511200
2002-12-13,16.366666793823242,16.540000915527344,15.300000190734863,15.573332786560059,15.572371482849121,9061950
2002-12-16,16.02666664123535,16.706666946411133,15.866666793823242,16.586666107177734,16.585641860961914,4232400
2002-12-17,17.633333206176758,17.639999389648438,16.273332595825195,16.399999618530273,16.39898681640625,10669050
2002-12-18,15.793333053588867,16.046667098999023,14.853333473205566,15.739999771118164,15.739027976989746,7382250
2002-12-19,15.279999732971191,15.59333324432373,14.926667213439941,15.553333282470703,15.552372932434082,5253300
2002-12-20,15.533332824707031,15.973333358764648,14.899999618530273,14.933333396911621,14.932411193847656,4758300
2002-12-23,14.366666793823242,15.91333293914795,14.119999885559082,15.91333293914795,15.91235065460205,3642300
2002-12-24,15.760000228881836,16.226667404174805,15.69333267211914,16.106666564941406,16.10567283630371,1467600
2002-12-26,16.133333206176758,16.253332138061523,15.9399995803833,16.03333282470703,16.0323429107666,1155600
2002-12-27,16.053333282470703,16.200000762939453,15.893333435058594,16.020000457763672,16.019010543823242,1088250
2002-12-30,16.066667556762695,16.15999984741211,15.739999771118164,15.9399995803833,15.93901538848877,1107000
2002-12-31,15.859999656677246,16.166667938232422,15.5,15.65999984741211,15.659032821655273,1782750
2003-01-02,15.866666793823242,15.880000114440918,15.40666675567627,15.5,15.499042510986328,2786700
2003-01-03,15.5,15.513333320617676,14.880000114440918,15.113332748413086,15.112399101257324,2743500
2003-01-06,15.073332786560059,15.979999542236328,15.066666603088379,15.846667289733887,15.845688819885254,1659750
2003-01-07,15.713333129882812,15.859999656677246,15.433333396911621,15.539999961853027,15.539040565490723,1881900
2003-01-08,15.666666984558105,15.766667366027832,14.613332748413086,14.65999984741211,14.65909481048584,2557500
2003-01-09,14.966667175292969,15.666666984558105,14.966667175292969,15.520000457763672,15.519042015075684,2551800
2003-01-10,15.393333435058594,16.066667556762695,15.0600004196167,15.686667442321777,15.685698509216309,1393800
2003-01-13,15.686667442321777,15.946666717529297,15.353333473205566,15.466667175292969,15.465712547302246,1471650
2003-01-14,15.473333358764648,15.779999732971191,15.233332633972168,15.466667175292969,15.465712547302246,1619850
2003-01-15,15.359999656677246,15.506667137145996,15.213333129882812,15.4399995803833,15.439045906066895,1009650
2003-01-16,15.479999542236328,15.513333320617676,15.066666603088379,15.266667366027832,15.265724182128906,1391400
2003-01-17,15.026666641235352,15.033332824707031,14.386667251586914,14.466667175292969,14.465773582458496,1791150
2003-01-21,14.473333358764648,14.899999618530273,13.40666675567627,13.739999771118164,13.739151000976562,4997250
2003-01-22,13.640000343322754,14.69333267211914,13.433333396911621,14.673333168029785,14.6724271774292,4378200
2003-01-23,14.993332862854004,15.0,14.0600004196167,14.300000190734863,14.299117088317871,2460600
2003-01-24,14.273332595825195,14.30666732788086,13.74666690826416,13.880000114440918,13.879142761230469,1499100
2003-01-27,13.819999694824219,14.033332824707031,13.399999618530273,13.399999618530273,13.399171829223633,1114050
2003-01-28,13.466667175292969,13.713333129882812,13.220000267028809,13.600000381469727,13.599160194396973,1578600
2003-01-29,13.5,13.966667175292969,13.420000076293945,13.506667137145996,13.50583267211914,1744800
2003-01-30,13.706666946411133,14.58666706085205,13.633333206176758,13.666666984558105,13.665822982788086,1462050
2003-01-31,13.699999809265137,14.15999984741211,13.479999542236328,14.126667022705078,14.125794410705566,1398150
2003-02-03,14.19333267211914,14.266667366027832,13.800000190734863,13.880000114440918,13.879142761230469,1166850
2003-02-04,13.866666793823242,14.30666732788086,13.833333015441895,14.266667366027832,14.265786170959473,1180650
2003-02-05,14.300000190734863,14.333333015441895,13.65999984741211,13.800000190734863,13.799147605895996,853800
2003-02-06,13.866666793823242,13.899999618530273,13.220000267028809,13.399999618530273,13.399171829223633,1545000
2003-02-07,13.353333473205566,13.426667213439941,12.726667404174805,12.733332633972168,12.73254680633545,2367450
2003-02-10,12.873332977294922,13.0600004196167,12.386667251586914,13.0,12.999197006225586,1629300
2003-02-11,13.106666564941406,13.493332862854004,13.026666641235352,13.366666793823242,13.36584186553955,1555200
2003-02-12,13.333333015441895,13.65999984741211,13.09333324432373,13.09333324432373,13.092524528503418,658350
2003-02-13,13.186667442321777,13.286666870117188,12.633333206176758,12.813332557678223,12.812541007995605,1044900
2003-02-14,12.853333473205566,13.24666690826416,12.733332633972168,13.199999809265137,13.19918441772461,805500
2003-02-18,13.053333282470703,13.466667175292969,13.0,13.380000114440918,13.37917423248291,718950
2003-02-19,13.346667289733887,13.353333473205566,12.526666641235352,12.533332824707031,12.53255844116211,1866750
2003-02-20,12.506667137145996,12.966667175292969,12.199999809265137,12.813332557678223,12.812541007995605,3183600
2003-02-21,12.846667289733887,13.30666732788086,12.713333129882812,13.19333267211914,13.19251823425293,1751850
2003-02-24,13.333333015441895,13.393333435058594,12.706666946411133,12.926667213439941,12.92586898803711,1221000
2003-02-25,12.880000114440918,13.260000228881836,12.466667175292969,13.239999771118164,13.239182472229004,1339050
2003-02-26,13.19333267211914,13.333333015441895,12.74666690826416,12.866666793823242,12.865872383117676,1867200
2003-02-27,13.346667289733887,13.819999694824219,13.153332710266113,13.666666984558105,13.665822982788086,8866050
2003-02-28,14.053333282470703,14.279999732971191,13.90666675567627,13.9399995803833,13.939138412475586,5283750
2003-03-03,14.106666564941406,14.286666870117188,13.786666870117188,13.853333473205566,13.85247802734375,2193900
2003-03-04,13.866666793823242,14.100000381469727,13.646666526794434,13.666666984558105,13.665822982788086,2298000
2003-03-05,13.533332824707031,13.606666564941406,12.833333015441895,12.960000038146973,12.959199905395508,2823900
2003-03-06,12.80666732788086,12.960000038146973,12.513333320617676,12.546667098999023,12.545892715454102,3757200
2003-03-07,12.333333015441895,13.30666732788086,12.199999809265137,12.553333282470703,12.552557945251465,2576850
2003-03-10,12.4399995803833,12.866666793823242,12.433333396911621,12.786666870117188,12.785877227783203,1325100
2003-03-11,12.91333293914795,13.426667213439941,12.866666793823242,13.113332748413086,13.112523078918457,2219550
2003-03-12,13.239999771118164,13.619999885559082,13.206666946411133,13.606666564941406,13.605826377868652,1860300
2003-03-13,13.619999885559082,14.033332824707031,13.606666564941406,13.833333015441895,13.832478523254395,2563350
2003-03-14,14.079999923706055,14.213333129882812,13.573332786560059,13.58666706085205,13.585827827453613,2438250
2003-03-17,13.260000228881836,14.366666793823242,13.126667022705078,14.126667022705078,14.125794410705566,1957650
2003-03-18,14.319999694824219,14.359999656677246,13.966667175292969,14.326666831970215,14.32578182220459,1126350
2003-03-19,14.326666831970215,14.359999656677246,13.866666793823242,14.0,13.999135971069336,1743300
2003-03-20,13.926667213439941,13.933333396911621,13.699999809265137,13.786666870117188,13.785815238952637,1535550
2003-03-21,13.933333396911621,14.699999809265137,13.893333435058594,14.633333206176758,14.632429122924805,2138700
2003-03-24,14.460000038146973,14.993332862854004,14.293333053588867,14.539999961853027,14.539102554321289,2963250
2003-03-25,14.533332824707031,14.833333015441895,14.466667175292969,14.739999771118164,14.739089965820312,947700
2003-03-26,14.726667404174805,14.873332977294922,14.573332786560059,14.733332633972168,14.732422828674316,913350
2003-03-27,14.760000228881836,14.993332862854004,14.613332748413086,14.813332557678223,14.812417984008789,898200
2003-03-28,14.819999694824219,15.220000267028809,14.720000267028809,15.19333267211914,15.192394256591797,1532250
2003-03-31,14.673333168029785,15.073332786560059,14.673333168029785,14.859999656677246,14.859082221984863,1301850
2003-04-01,14.953332901000977,15.133333206176758,14.833333015441895,15.013333320617676,15.012406349182129,1098150
2003-04-02,15.113332748413086,15.180000305175781,14.800000190734863,14.833333015441895,14.832417488098145,1871850
2003-04-03,15.153332710266113,15.153332710266113,14.40666675567627,14.533332824707031,14.532435417175293,1217100
2003-04-04,14.546667098999023,14.613332748413086,14.266667366027832,14.373332977294922,14.372445106506348,1161600
2003-04-07,14.760000228881836,14.953332901000977,14.300000190734863,14.386667251586914,14.385778427124023,1450050
2003-04-08,14.366666793823242,14.386667251586914,13.966667175292969,14.366666793823242,14.365779876708984,1021650
2003-04-09,14.433333396911621,14.513333320617676,14.133333206176758,14.19333267211914,14.192456245422363,905850
2003-04-10,14.286666870117188,14.653332710266113,14.180000305175781,14.539999961853027,14.539102554321289,781500
2003-04-11,14.579999923706055,14.713333129882812,14.079999923706055,14.273332595825195,14.272451400756836,874650
2003-04-14,14.273332595825195,14.359999656677246,14.033332824707031,14.226667404174805,14.225789070129395,1424550
2003-04-15,14.233332633972168,14.800000190734863,14.173333168029785,14.600000381469727,14.599099159240723,1069350
2003-04-16,14.74666690826416,15.046667098999023,14.600000381469727,14.640000343322754,14.6390962600708,1529400
2003-04-17,14.800000190734863,15.533332824707031,14.300000190734863,15.319999694824219,15.319053649902344,2714850
2003-04-21,15.346667289733887,15.65999984741211,15.0,15.433333396911621,15.432380676269531,1614300
2003-04-22,15.420000076293945,16.126667022705078,15.41333293914795,16.053333282470703,16.05234146118164,2326500
2003-04-23,16.126667022705078,16.126667022705078,15.833333015441895,16.03333282470703,16.0323429107666,1419000
2003-04-24,15.926667213439941,15.933333396911621,15.313332557678223,15.346667289733887,15.345719337463379,1732050
2003-04-25,15.34000015258789,15.5600004196167,15.153332710266113,15.226667404174805,15.225727081298828,720900
2003-04-28,15.226667404174805,15.573332786560059,14.326666831970215,15.573332786560059,15.572371482849121,2677350
2003-04-29,15.526666641235352,15.533332824707031,14.866666793823242,15.126667022705078,15.125733375549316,2932950
2003-04-30,15.100000381469727,15.293333053588867,14.966667175292969,15.0,14.99907398223877,1026750
2003-05-01,15.0,15.0,14.4399995803833,14.779999732971191,14.77908706665039,1383600
2003-05-02,14.766667366027832,15.399999618530273,14.666666984558105,15.353333473205566,15.352385520935059,1448700
2003-05-05,15.680000305175781,16.233333587646484,15.5,16.206666946411133,16.205665588378906,2285850
2003-05-06,16.253332138061523,16.566667556762695,15.886667251586914,15.973333358764648,15.972347259521484,2074200
2003-05-07,16.18000030517578,16.566667556762695,15.90666675567627,16.299999237060547,16.298992156982422,2481900
2003-05-08,16.1200008392334,16.53333282470703,16.053333282470703,16.293333053588867,16.292327880859375,1752450
2003-05-09,16.406667709350586,16.53333282470703,15.479999542236328,15.646666526794434,15.645700454711914,3014250
2003-05-12,15.25333309173584,15.84000015258789,15.106666564941406,15.84000015258789,15.839021682739258,1950900
2003-05-13,15.699999809265137,15.866666793823242,15.41333293914795,15.460000038146973,15.45904541015625,1516950
2003-05-14,15.573332786560059,15.866666793823242,15.466667175292969,15.80666732788086,15.805691719055176,1093050
2003-05-15,15.733332633972168,16.566667556762695,15.733332633972168,16.51333236694336,16.512311935424805,2022600
2003-05-16,16.48666763305664,16.739999771118164,16.226667404174805,16.226667404174805,16.225666046142578,1535100
2003-05-19,16.066667556762695,16.200000762939453,15.646666526794434,15.673333168029785,15.672365188598633,982050
2003-05-20,15.600000381469727,15.766667366027832,15.326666831970215,15.59333324432373,15.59237003326416,1395300
2003-05-21,15.486666679382324,15.713333129882812,14.793333053588867,15.613332748413086,15.6123685836792,2886900
2003-05-22,15.573332786560059,16.233333587646484,15.433333396911621,15.960000038146973,15.959014892578125,2248500
2003-05-23,16.020000457763672,16.366666793823242,15.74666690826416,16.34666633605957,16.345657348632812,978000
2003-05-27,16.31333351135254,16.726667404174805,15.866666793823242,16.65999984741211,16.658971786499023,1370850
2003-05-28,16.733333587646484,17.6200008392334,16.700000762939453,17.5,17.498918533325195,4718100
2003-05-29,17.200000762939453,17.200000762939453,16.233333587646484,16.35333251953125,16.352323532104492,8366100
2003-05-30,16.360000610351562,16.96666717529297,16.19333267211914,16.84666633605957,16.845626831054688,3551700
2003-06-02,16.99333381652832,17.126667022705078,16.253332138061523,16.53333282470703,16.532312393188477,1803900
2003-06-03,16.399999618530273,16.96666717529297,16.399999618530273,16.606666564941406,16.605640411376953,1993350
2003-06-04,16.760000228881836,17.1200008392334,16.553333282470703,16.866666793823242,16.865625381469727,2854500
2003-06-05,16.639999389648438,17.433332443237305,16.613332748413086,17.333332061767578,17.33226203918457,2674500
2003-06-06,17.733333587646484,18.746667861938477,17.50666618347168,18.34000015258789,18.3388671875,5853600
2003-06-09,18.18000030517578,18.200000762939453,17.6200008392334,17.760000228881836,17.75890350341797,1618200
2003-06-10,17.81333351135254,18.446666717529297,17.80666732788086,18.246667861938477,18.245540618896484,2124900
2003-06-11,18.3799991607666,18.440000534057617,18.133333206176758,18.333332061767578,18.332199096679688,1900950
2003-06-12,18.34000015258789,19.053333282470703,18.139999389648438,18.906667709350586,18.905500411987305,2340750
2003-06-13,19.03333282470703,19.666667938232422,18.97333335876465,19.133333206176758,19.132152557373047,2440650
2003-06-16,19.273332595825195,19.606666564941406,19.206666946411133,19.286666870117188,19.285476684570312,2029200
2003-06-17,19.360000610351562,20.933332443237305,19.34666633605957,20.80666732788086,20.805381774902344,6337650
2003-06-18,20.886667251586914,20.933332443237305,19.666667938232422,19.700000762939453,19.69878387451172,3151050
2003-06-19,19.706666946411133,19.933332443237305,19.32666778564453,19.49333381652832,19.492130279541016,1574250
2003-06-20,19.6200008392334,19.666667938232422,19.18000030517578,19.35333251953125,19.352136611938477,1299150
2003-06-23,19.386667251586914,19.386667251586914,18.626667022705078,18.873332977294922,18.872167587280273,1399350
2003-06-24,18.733333587646484,19.253332138061523,18.426666259765625,18.593332290649414,18.59218406677246,1795800
2003-06-25,18.540000915527344,18.979999542236328,18.440000534057617,18.833332061767578,18.832168579101562,1513350
2003-06-26,18.866666793823242,19.6200008392334,18.81333351135254,19.46666717529297,19.465465545654297,2230350
2003-06-27,19.17333221435547,19.633333206176758,19.079999923706055,19.333332061767578,19.332138061523438,1589550
2003-06-30,19.406667709350586,19.50666618347168,18.67333221435547,18.8799991607666,18.878833770751953,1481250
2003-07-01,18.799999237060547,19.566667556762695,18.726667404174805,19.51333236694336,19.512126922607422,1600200
2003-07-02,19.626667022705078,19.84666633605957,19.479999542236328,19.579999923706055,19.57879066467285,1042350
2003-07-03,19.52666664123535,19.85333251953125,19.47333335876465,19.68666648864746,19.68545150756836,393000
2003-07-07,19.85333251953125,19.85333251953125,19.366666793823242,19.593332290649414,19.59212303161621,1140750
2003-07-08,19.399999618530273,20.30666732788086,19.360000610351562,20.219999313354492,20.21875,1149750
2003-07-09,20.18000030517578,20.46666717529297,19.899999618530273,20.253332138061523,20.2520809173584,705450
2003-07-10,20.046667098999023,20.166667938232422,19.47333335876465,19.920000076293945,19.91876983642578,1222800
2003-07-11,19.920000076293945,19.933332443237305,19.360000610351562,19.559999465942383,19.558792114257812,1050750
2003-07-14,19.82666778564453,20.166667938232422,19.68666648864746,19.84000015258789,19.838775634765625,720450
2003-07-15,19.893333435058594,20.35333251953125,19.886667251586914,19.99333381652832,19.99209976196289,1322700
2003-07-16,20.200000762939453,20.399999618530273,20.01333236694336,20.18000030517578,20.178754806518555,871800
2003-07-17,19.940000534057617,19.946666717529297,19.02666664123535,19.053333282470703,19.052156448364258,1329000
2003-07-18,19.333332061767578,19.420000076293945,18.406667709350586,18.426666259765625,18.425527572631836,2015250
2003-07-21,17.67333221435547,17.96666717529297,16.940000534057617,17.520000457763672,17.518918991088867,4650000
2003-07-22,17.600000381469727,18.15999984741211,17.113332748413086,17.49333381652832,17.49225425720215,2390100
2003-07-23,17.5,17.773332595825195,17.18000030517578,17.50666618347168,17.505584716796875,1294050
2003-07-24,17.600000381469727,18.446666717529297,17.573333740234375,18.0,17.99888801574707,1755600
2003-07-25,17.893333435058594,17.933332443237305,17.433332443237305,17.68666648864746,17.68557357788086,1086150
2003-07-28,17.833332061767578,18.0,17.606666564941406,17.80666732788086,17.80556869506836,656400
2003-07-29,17.860000610351562,18.020000457763672,17.573333740234375,17.81333351135254,17.812232971191406,765450
2003-07-30,17.920000076293945,18.03333282470703,17.733333587646484,18.0,17.99888801574707,816750
2003-07-31,18.139999389648438,18.139999389648438,17.733333587646484,17.746667861938477,17.74557113647461,783600
2003-08-01,17.766666412353516,17.85333251953125,17.399999618530273,17.433332443237305,17.4322566986084,933150
2003-08-04,17.440000534057617,17.52666664123535,16.666667938232422,17.366666793823242,17.3655948638916,1560600
2003-08-05,17.393333435058594,17.446666717529297,17.01333236694336,17.059999465942383,17.05894660949707,705750
2003-08-06,17.113332748413086,17.1200008392334,16.700000762939453,16.719999313354492,16.71896743774414,846900
2003-08-07,16.81999969482422,16.833332061767578,16.233333587646484,16.666667938232422,16.665637969970703,982650
2003-08-08,16.746667861938477,17.03333282470703,16.600000381469727,16.713333129882812,16.71230125427246,787050
2003-08-11,16.719999313354492,17.086666107177734,16.65333366394043,17.073333740234375,17.07227897644043,720750
2003-08-12,17.100000381469727,17.239999771118164,16.946666717529297,17.17333221435547,17.172271728515625,945450
2003-08-13,17.233333587646484,17.459999084472656,17.15999984741211,17.299999237060547,17.298931121826172,786000
2003-08-14,17.366666793823242,17.520000457763672,17.020000457763672,17.19333267211914,17.192270278930664,567900
2003-08-15,17.200000762939453,17.793333053588867,17.1200008392334,17.600000381469727,17.598913192749023,567900
2003-08-18,17.700000762939453,17.833332061767578,17.48666763305664,17.81999969482422,17.818899154663086,615000
2003-08-19,17.753332138061523,18.01333236694336,17.386667251586914,17.99333381652832,17.99222183227539,801900
2003-08-20,17.920000076293945,18.113332748413086,17.666667938232422,17.98666763305664,17.985557556152344,1216950
2003-08-21,18.03333282470703,18.46666717529297,17.886667251586914,18.3799991607666,18.378864288330078,1240350
2003-08-22,18.633333206176758,18.899999618530273,18.246667861938477,18.260000228881836,18.258872985839844,1527600
2003-08-25,18.273332595825195,18.446666717529297,18.020000457763672,18.166667938232422,18.165546417236328,415950
2003-08-26,18.15333366394043,18.626667022705078,18.15333366394043,18.453332901000977,18.452194213867188,1048200
2003-08-27,18.46666717529297,18.639999389648438,18.066667556762695,18.100000381469727,18.0988826751709,800700
2003-08-28,18.246667861938477,19.540000915527344,18.139999389648438,19.373332977294922,19.37213706970215,2189400
2003-08-29,19.333332061767578,20.133333206176758,19.333332061767578,19.873332977294922,19.872106552124023,1789650
2003-09-02,19.98666763305664,20.113332748413086,19.200000762939453,19.833332061767578,19.832107543945312,2563800
2003-09-03,21.739999771118164,24.280000686645508,21.666667938232422,24.253332138061523,24.251834869384766,16805100
2003-09-04,24.34000015258789,24.386667251586914,23.53333282470703,24.280000686645508,24.278501510620117,4200600
2003-09-05,23.893333435058594,25.233333587646484,23.85333251953125,24.246667861938477,24.24517059326172,3711600
2003-09-08,24.453332901000977,25.573333740234375,24.393333435058594,25.02666664123535,25.025121688842773,2846250
2003-09-09,24.913333892822266,25.386667251586914,24.606666564941406,25.333332061767578,25.331768035888672,2400450
2003-09-10,25.00666618347168,25.100000381469727,24.0,24.020000457763672,24.018516540527344,1868700
2003-09-11,24.059999465942383,24.633333206176758,24.01333236694336,24.073333740234375,24.071847915649414,1641450
2003-09-12,23.600000381469727,23.833332061767578,23.206666946411133,23.80666732788086,23.80519676208496,1984350
2003-09-15,23.780000686645508,24.073333740234375,23.0,23.01333236694336,23.011911392211914,1409100
2003-09-16,22.920000076293945,23.906667709350586,22.906667709350586,23.8799991607666,23.878524780273438,1584900
2003-09-17,23.860000610351562,24.566667556762695,23.85333251953125,24.366666793823242,24.365161895751953,1527300
2003-09-18,24.273332595825195,24.600000381469727,23.793333053588867,24.453332901000977,24.45182228088379,1053600
2003-09-19,24.48666763305664,24.606666564941406,23.8799991607666,24.079999923706055,24.07851219177246,759300
2003-09-22,23.69333267211914,23.979999542236328,23.360000610351562,23.666667938232422,23.665206909179688,981450
2003-09-23,23.700000762939453,24.633333206176758,23.700000762939453,24.286666870117188,24.285167694091797,1143900
2003-09-24,24.386667251586914,24.600000381469727,23.34666633605957,23.399999618530273,23.3985538482666,1122150
2003-09-25,23.433332443237305,23.50666618347168,22.579999923706055,22.639999389648438,22.638601303100586,1867800
2003-09-26,22.5,22.833332061767578,22.139999389648438,22.18666648864746,22.1852970123291,903900
2003-09-29,22.31333351135254,23.206666946411133,22.020000457763672,23.133333206176758,23.13190460205078,1363050
2003-09-30,23.106666564941406,23.206666946411133,22.479999542236328,22.773332595825195,22.771926879882812,872850
2003-10-01,22.96666717529297,23.873332977294922,22.84000015258789,23.733333587646484,23.731868743896484,1770900
2003-10-02,23.726667404174805,24.213333129882812,23.613332748413086,24.059999465942383,24.058513641357422,1024950
2003-10-03,24.333332061767578,26.253332138061523,24.333332061767578,26.1200008392334,26.11838722229004,3613200
2003-10-06,26.386667251586914,26.440000534057617,25.459999084472656,26.053333282470703,26.051725387573242,1651800
2003-10-07,25.866666793823242,26.233333587646484,25.593332290649414,26.020000457763672,26.018394470214844,1089600
2003-10-08,26.280000686645508,26.799999237060547,26.073333740234375,26.393333435058594,26.391704559326172,1549500
2003-10-09,26.666667938232422,27.0,25.98666763305664,26.239999771118164,26.238378524780273,1116450
2003-10-10,26.366666793823242,26.46666717529297,25.84666633605957,26.133333206176758,26.1317195892334,597900
2003-10-13,26.31333351135254,27.020000457763672,26.106666564941406,26.53333282470703,26.531694412231445,826950
2003-10-14,26.52666664123535,26.860000610351562,26.139999389648438,26.799999237060547,26.798343658447266,1422450
2003-10-15,26.98666763305664,27.780000686645508,26.940000534057617,27.393333435058594,27.39164161682129,1106850
2003-10-16,27.219999313354492,27.32666778564453,26.65333366394043,27.02666664123535,27.02499771118164,1118100
2003-10-17,26.860000610351562,27.226667404174805,26.17333221435547,26.226667404174805,26.225048065185547,820500
2003-10-20,26.266666412353516,26.5,25.886667251586914,26.15333366394043,26.151718139648438,951450
2003-10-21,26.053333282470703,26.739999771118164,25.913333892822266,26.65999984741211,26.658353805541992,772350
2003-10-22,26.206666946411133,26.30666732788086,25.46666717529297,25.6200008392334,25.618419647216797,2695350
2003-10-23,24.479999542236328,25.200000762939453,23.399999618530273,24.799999237060547,24.7984676361084,3720600
2003-10-24,24.666667938232422,24.873332977294922,24.406667709350586,24.786666870117188,24.785137176513672,805200
2003-10-27,24.766666412353516,25.833332061767578,24.733333587646484,25.49333381652832,25.49176025390625,1278300
2003-10-28,25.600000381469727,25.746667861938477,24.99333381652832,25.600000381469727,25.598419189453125,1094400
2003-10-29,25.566667556762695,26.566667556762695,25.360000610351562,26.48666763305664,26.485031127929688,1453950
2003-10-30,27.0,27.433332443237305,26.48666763305664,26.566667556762695,26.565027236938477,1767000
2003-10-31,26.586666107177734,26.81999969482422,26.233333587646484,26.47333335876465,26.471698760986328,1077000
2003-11-03,25.52666664123535,26.093332290649414,25.100000381469727,25.953332901000977,25.951730728149414,4369650
2003-11-04,26.059999465942383,26.733333587646484,25.479999542236328,25.979999542236328,25.978395462036133,3006750
2003-11-05,25.933332443237305,26.413333892822266,25.69333267211914,26.093332290649414,26.091720581054688,1294500
2003-11-06,26.293333053588867,26.979999542236328,26.093332290649414,26.700000762939453,26.698352813720703,1019250
2003-11-07,26.799999237060547,26.940000534057617,26.239999771118164,26.266666412353516,26.265045166015625,895200
2003-11-10,26.360000610351562,26.520000457763672,25.700000762939453,25.82666778564453,25.8250732421875,915150
2003-11-11,25.766666412353516,26.166667938232422,25.433332443237305,25.726667404174805,25.725078582763672,696450
2003-11-12,25.773332595825195,26.97333335876465,25.713333129882812,26.953332901000977,26.95166778564453,1275000
2003-11-13,26.893333435058594,27.273332595825195,25.906667709350586,26.459999084472656,26.458364486694336,1454100
2003-11-14,26.273332595825195,26.53333282470703,25.453332901000977,25.49333381652832,25.49176025390625,1173750
2003-11-17,24.753332138061523,24.873332977294922,23.46666717529297,24.066667556762695,24.065181732177734,3403950
2003-11-18,24.02666664123535,24.360000610351562,21.49333381652832,22.31333351135254,22.31195640563965,8698050
2003-11-19,22.459999084472656,22.540000915527344,21.03333282470703,21.793333053588867,21.7919864654541,5278800
2003-11-20,21.65333366394043,22.613332748413086,21.546667098999023,22.266666412353516,22.265291213989258,3096000
2003-11-21,22.233333587646484,22.233333587646484,21.206666946411133,21.399999618530273,21.398677825927734,2965350
2003-11-24,20.48666763305664,22.03333282470703,20.046667098999023,21.833332061767578,21.83198356628418,5248800
2003-11-25,22.32666778564453,22.713333129882812,21.98666763305664,22.106666564941406,22.105300903320312,2537850
2003-11-26,22.420000076293945,22.626667022705078,21.386667251586914,21.906667709350586,21.905315399169922,2814150
2003-11-28,21.946666717529297,22.293333053588867,21.84000015258789,22.066667556762695,22.065305709838867,561300
2003-12-01,22.233333587646484,22.84666633605957,22.03333282470703,22.719999313354492,22.718595504760742,2938200
2003-12-02,22.639999389648438,22.639999389648438,21.040000915527344,21.113332748413086,21.112028121948242,5095650
2003-12-03,21.233333587646484,21.766666412353516,20.34000015258789,21.266666412353516,21.265352249145508,4355100
2003-12-04,21.34000015258789,21.49333381652832,20.226667404174805,20.80666732788086,20.805381774902344,2619000
2003-12-05,20.573333740234375,20.760000228881836,20.066667556762695,20.073333740234375,20.072093963623047,3792300
2003-12-08,19.299999237060547,19.913333892822266,18.913333892822266,19.766666412353516,19.765445709228516,3771600
2003-12-09,19.953332901000977,20.15999984741211,19.14666748046875,19.406667709350586,19.40546989440918,2424300
2003-12-10,19.5,19.713333129882812,18.360000610351562,18.80666732788086,18.805505752563477,3620400
2003-12-11,19.126667022705078,20.459999084472656,18.906667709350586,20.1200008392334,20.118759155273438,3711000
2003-12-12,20.093332290649414,20.34000015258789,19.81999969482422,20.219999313354492,20.21875,1769400
2003-12-15,20.913333892822266,20.96666717529297,19.213333129882812,19.333332061767578,19.332138061523438,2236500
2003-12-16,19.15999984741211,19.906667709350586,18.906667709350586,19.46666717529297,19.465465545654297,2157300
2003-12-17,20.233333587646484,20.559999465942383,19.559999465942383,20.260000228881836,20.25874900817871,3327900
2003-12-18,18.586666107177734,19.593332290649414,18.280000686645508,18.559999465942383,18.558853149414062,15462600
2003-12-19,19.17333221435547,19.366666793823242,18.286666870117188,18.873332977294922,18.872167587280273,6542700
2003-12-22,18.706666946411133,18.833332061767578,18.30666732788086,18.600000381469727,18.598852157592773,1993650
2003-12-23,18.47333335876465,19.079999923706055,18.399999618530273,18.946666717529297,18.945497512817383,1723050
2003-12-24,18.979999542236328,19.18000030517578,18.886667251586914,18.899999618530273,18.898832321166992,480450
2003-12-26,18.933332443237305,19.1200008392334,18.893333435058594,18.940000534057617,18.938831329345703,427950
2003-12-29,18.566667556762695,19.31999969482422,18.53333282470703,19.299999237060547,19.29880714416504,1818000
2003-12-30,19.086666107177734,19.426666259765625,19.073333740234375,19.226667404174805,19.225481033325195,1297500
2003-12-31,19.19333267211914,19.50666618347168,19.0,19.213333129882812,19.212146759033203,1205700
2004-01-02,19.280000686645508,19.639999389648438,19.133333206176758,19.413333892822266,19.412134170532227,983400
2004-01-05,19.52666664123535,19.65999984741211,19.073333740234375,19.440000534057617,19.438800811767578,2207250
2004-01-06,19.433332443237305,21.46666717529297,19.433332443237305,21.233333587646484,21.232023239135742,4654650
2004-01-07,21.206666946411133,21.299999237060547,20.399999618530273,20.82666778564453,20.825382232666016,3043500
2004-01-08,20.933332443237305,21.906667709350586,20.886667251586914,21.51333236694336,21.512004852294922,3517500
2004-01-09,21.433332443237305,21.46666717529297,20.82666778564453,20.873332977294922,20.87204360961914,1973850
2004-01-12,20.8799991607666,21.46666717529297,20.866666793823242,21.253332138061523,21.25201988220215,1525800
2004-01-13,21.260000228881836,21.32666778564453,20.413333892822266,20.579999923706055,20.5787296295166,1847250
2004-01-14,21.233333587646484,21.85333251953125,21.046667098999023,21.64666748046875,21.64533042907715,2923800
2004-01-15,21.553333282470703,21.733333587646484,21.18666648864746,21.3799991607666,21.378679275512695,1969050
2004-01-16,21.540000915527344,22.059999465942383,21.53333282470703,21.799999237060547,21.79865264892578,1499100
2004-01-20,21.6200008392334,22.68666648864746,21.566667556762695,22.600000381469727,22.598604202270508,3499500
2004-01-21,22.666667938232422,23.059999465942383,22.066667556762695,22.786666870117188,22.785259246826172,2087250
2004-01-22,22.860000610351562,23.166667938232422,21.920000076293945,22.0,21.998641967773438,1356000
2004-01-23,21.85333251953125,22.566667556762695,21.84000015258789,22.566667556762695,22.56527328491211,1128150
2004-01-26,22.52666664123535,22.933332443237305,22.020000457763672,22.413333892822266,22.411949157714844,1357350
2004-01-27,22.226667404174805,22.286666870117188,21.399999618530273,21.399999618530273,21.398677825927734,1656000
2004-01-28,20.733333587646484,21.600000381469727,20.69333267211914,21.040000915527344,21.0387020111084,1372800
2004-01-29,21.200000762939453,21.200000762939453,20.333332061767578,20.666667938232422,20.66539192199707,1563600
2004-01-30,20.280000686645508,20.666667938232422,18.866666793823242,19.333332061767578,19.332138061523438,6330600
2004-02-02,17.933332443237305,20.213333129882812,17.933332443237305,19.81999969482422,19.818775177001953,8423100
2004-02-03,19.793333053588867,20.166667938232422,19.18666648864746,19.233333587646484,19.232145309448242,2962050
2004-02-04,19.133333206176758,19.600000381469727,18.84000015258789,19.00666618347168,19.0054931640625,2222850
2004-02-05,19.113332748413086,19.866666793823242,19.066667556762695,19.47333335876465,19.472131729125977,1599000
2004-02-06,19.48666763305664,20.066667556762695,19.393333435058594,19.96666717529297,19.965435028076172,1018500
2004-02-09,20.059999465942383,20.420000076293945,19.873332977294922,20.19333267211914,20.19208526611328,1844700
2004-02-10,20.020000457763672,21.213333129882812,20.020000457763672,21.213333129882812,21.21202278137207,2235300
2004-02-11,21.34666633605957,21.613332748413086,20.760000228881836,21.093332290649414,21.092029571533203,1388400
2004-02-12,21.073333740234375,21.15333366394043,20.34666633605957,20.700000762939453,20.69872283935547,1861650
2004-02-13,21.333332061767578,21.786666870117188,20.913333892822266,21.17333221435547,21.172025680541992,1991100
2004-02-17,21.360000610351562,22.30666732788086,21.360000610351562,21.713333129882812,21.711992263793945,2530350
2004-02-18,21.81333351135254,22.100000381469727,21.3799991607666,21.793333053588867,21.7919864654541,1067400
2004-02-19,21.833332061767578,21.866666793823242,21.31999969482422,21.31999969482422,21.318683624267578,1300650
2004-02-20,21.34000015258789,21.64666748046875,21.15999984741211,21.35333251953125,21.352014541625977,1293000
2004-02-23,21.393333435058594,21.46666717529297,21.0,21.059999465942383,21.058698654174805,1568850
2004-02-24,21.059999465942383,21.413333892822266,20.780000686645508,21.0,20.998703002929688,1373700
2004-02-25,20.98666763305664,21.399999618530273,20.97333335876465,21.239999771118164,21.23868751525879,1137750
2004-02-26,21.35333251953125,21.586666107177734,21.1200008392334,21.433332443237305,21.432008743286133,925050
2004-02-27,21.280000686645508,21.420000076293945,20.866666793823242,20.866666793823242,20.86537742614746,1672500
2004-03-01,20.97333335876465,22.19333267211914,20.866666793823242,21.913333892822266,21.9119815826416,2108250
2004-03-02,22.100000381469727,22.18666648864746,21.81333351135254,22.03333282470703,22.031972885131836,1538400
2004-03-03,22.066667556762695,22.780000686645508,21.866666793823242,22.546667098999023,22.54527473449707,2412000
2004-03-04,21.31333351135254,22.453332901000977,21.226667404174805,22.31333351135254,22.31195640563965,3815100
2004-03-05,22.200000762939453,23.0,22.03333282470703,22.713333129882812,22.711931228637695,2170500
2004-03-08,22.713333129882812,22.899999618530273,22.106666564941406,22.1200008392334,22.118635177612305,1031400
2004-03-09,22.166667938232422,22.226667404174805,21.666667938232422,21.833332061767578,21.83198356628418,868950
2004-03-10,21.906667709350586,22.18000030517578,21.18000030517578,21.253332138061523,21.25201988220215,1198800
2004-03-11,21.059999465942383,21.633333206176758,21.00666618347168,21.020000457763672,21.018701553344727,1003800
2004-03-12,21.053333282470703,21.926666259765625,21.053333282470703,21.833332061767578,21.83198356628418,1090950
2004-03-15,21.793333053588867,22.206666946411133,21.31999969482422,21.333332061767578,21.332014083862305,1477500
2004-03-16,22.5,23.233333587646484,22.246667861938477,22.760000228881836,22.758594512939453,4439250
2004-03-17,22.81333351135254,22.953332901000977,22.453332901000977,22.739999771118164,22.738595962524414,1472400
2004-03-18,22.633333206176758,22.940000534057617,22.333332061767578,22.69333267211914,22.691930770874023,922650
2004-03-19,22.799999237060547,23.260000228881836,22.5,22.860000610351562,22.85858917236328,1596150
2004-03-22,22.833332061767578,22.933332443237305,22.333332061767578,22.46666717529297,22.465280532836914,1125450
2004-03-23,22.666667938232422,22.81333351135254,22.31333351135254,22.47333335876465,22.47194480895996,1419900
2004-03-24,22.65333366394043,22.67333221435547,22.040000915527344,22.213333129882812,22.21196174621582,1249800
2004-03-25,22.299999237060547,23.299999237060547,22.233333587646484,23.286666870117188,23.285228729248047,1605900
2004-03-26,23.440000534057617,24.760000228881836,23.433332443237305,24.219999313354492,24.218503952026367,3263700
2004-03-29,24.49333381652832,24.65999984741211,24.280000686645508,24.626667022705078,24.625146865844727,1401150
2004-03-30,24.520000457763672,24.780000686645508,24.19333267211914,24.53333282470703,24.531818389892578,1622550
2004-03-31,24.546667098999023,25.0,24.133333206176758,24.52666664123535,24.5251522064209,1422600
2004-04-01,24.49333381652832,24.959999084472656,24.386667251586914,24.639999389648438,24.638477325439453,1396800
2004-04-02,24.906667709350586,24.96666717529297,24.200000762939453,24.65999984741211,24.658477783203125,1453800
2004-04-05,24.666667938232422,24.940000534057617,24.51333236694336,24.766666412353516,24.76513671875,1434600
2004-04-06,24.733333587646484,24.733333587646484,23.873332977294922,23.899999618530273,23.898523330688477,1272000
2004-04-07,23.733333587646484,24.059999465942383,23.520000457763672,24.02666664123535,24.025182723999023,1205100
2004-04-08,24.133333206176758,24.34666633605957,23.780000686645508,23.793333053588867,23.7918643951416,951900
2004-04-12,23.5,24.053333282470703,23.5,24.053333282470703,24.051847457885742,697950
2004-04-13,24.17333221435547,24.18666648864746,23.440000534057617,23.46666717529297,23.46521759033203,820950
2004-04-14,20.133333206176758,21.333332061767578,19.48666763305664,21.280000686645508,21.2786865234375,19390650
2004-04-15,21.113332748413086,21.586666107177734,20.46666717529297,21.226667404174805,21.225357055664062,4471500
2004-04-16,21.100000381469727,21.206666946411133,20.520000457763672,20.833332061767578,20.832046508789062,1339200
2004-04-19,20.68666648864746,21.440000534057617,20.68000030517578,21.35333251953125,21.352014541625977,1854450
2004-04-20,21.3799991607666,21.64666748046875,21.01333236694336,21.113332748413086,21.112028121948242,1647750
2004-04-21,21.166667938232422,21.219999313354492,20.666667938232422,21.046667098999023,21.045368194580078,1304100
2004-04-22,20.96666717529297,21.426666259765625,20.799999237060547,21.17333221435547,21.172025680541992,1060800
2004-04-23,21.18000030517578,21.299999237060547,20.6200008392334,21.00666618347168,21.005369186401367,1329600
2004-04-26,20.926666259765625,21.046667098999023,20.6200008392334,20.766666412353516,20.765384674072266,852300
2004-04-27,20.713333129882812,20.793333053588867,20.040000915527344,20.46666717529297,20.465402603149414,2255850
2004-04-28,20.34666633605957,20.520000457763672,20.266666412353516,20.373332977294922,20.372074127197266,908850
2004-04-29,20.420000076293945,20.553333282470703,19.200000762939453,19.6200008392334,19.618789672851562,2420250
2004-04-30,19.913333892822266,20.15999984741211,18.99333381652832,19.260000228881836,19.25881004333496,1938300
2004-05-03,19.239999771118164,20.31333351135254,19.0,20.093332290649414,20.092090606689453,1996050
2004-05-04,20.020000457763672,20.666667938232422,19.946666717529297,20.593332290649414,20.592060089111328,1177200
2004-05-05,20.559999465942383,20.906667709350586,20.260000228881836,20.700000762939453,20.69872283935547,1489650
2004-05-06,20.766666412353516,20.84666633605957,20.1200008392334,20.540000915527344,20.538732528686523,1079850
2004-05-07,20.440000534057617,20.833332061767578,20.020000457763672,20.3799991607666,20.378740310668945,1546950
2004-05-10,20.299999237060547,20.399999618530273,19.200000762939453,19.626667022705078,19.625455856323242,2394300
2004-05-11,19.773332595825195,20.166667938232422,18.913333892822266,19.51333236694336,19.512126922607422,2542800
2004-05-12,19.520000457763672,19.65333366394043,18.933332443237305,19.360000610351562,19.35880470275879,2472750
2004-05-13,19.366666793823242,19.893333435058594,19.31333351135254,19.50666618347168,19.505460739135742,1413600
2004-05-14,19.566667556762695,19.69333267211914,19.266666412353516,19.34000015258789,19.33880615234375,805650
2004-05-17,19.18000030517578,19.233333587646484,18.366666793823242,19.03333282470703,19.03215789794922,2020800
2004-05-18,19.01333236694336,19.113332748413086,18.573333740234375,18.65999984741211,18.65884780883789,1179900
2004-05-19,18.700000762939453,19.399999618530273,18.700000762939453,18.85333251953125,18.852169036865234,1515600
2004-05-20,19.020000457763672,19.233333587646484,18.613332748413086,18.773332595825195,18.772172927856445,1585200
2004-05-21,18.866666793823242,19.260000228881836,18.586666107177734,18.886667251586914,18.885501861572266,874350
2004-05-24,19.079999923706055,19.299999237060547,18.940000534057617,19.15333366394043,19.152151107788086,764700
2004-05-25,19.200000762939453,20.079999923706055,19.100000381469727,20.0,19.998764038085938,1300050
2004-05-26,20.03333282470703,20.32666778564453,19.586666107177734,19.926666259765625,19.92543601989746,971400
2004-05-27,19.860000610351562,20.35333251953125,19.666667938232422,20.260000228881836,20.25874900817871,901500
2004-05-28,20.18666648864746,20.18666648864746,19.68000030517578,19.84666633605957,19.845439910888672,743400
2004-06-01,19.906667709350586,20.266666412353516,19.573333740234375,19.84666633605957,19.845439910888672,1149300
2004-06-02,19.6200008392334,19.833332061767578,19.02666664123535,19.713333129882812,19.712116241455078,1846050
2004-06-03,19.64666748046875,19.97333335876465,19.30666732788086,19.30666732788086,19.30547523498535,880050
2004-06-04,19.586666107177734,20.18000030517578,19.399999618530273,20.03333282470703,20.032094955444336,1254150
2004-06-07,20.253332138061523,20.333332061767578,19.753332138061523,20.18000030517578,20.178754806518555,1843350
2004-06-08,18.280000686645508,19.566667556762695,18.266666412353516,19.100000381469727,19.09882164001465,18436350
2004-06-09,19.053333282470703,19.213333129882812,18.566667556762695,18.913333892822266,18.912166595458984,3699150
2004-06-10,18.873332977294922,19.666667938232422,18.873332977294922,19.52666664123535,19.525461196899414,1898100
2004-06-14,19.333332061767578,19.733333587646484,19.200000762939453,19.633333206176758,19.63212013244629,1849200
2004-06-15,19.700000762939453,20.139999389648438,19.633333206176758,19.959999084472656,19.95876693725586,1846950
2004-06-16,19.933332443237305,19.96666717529297,19.53333282470703,19.666667938232422,19.66545295715332,1254450
2004-06-17,19.666667938232422,19.666667938232422,19.213333129882812,19.366666793823242,19.36547088623047,1115850
2004-06-18,19.31333351135254,19.84000015258789,19.200000762939453,19.65999984741211,19.65878677368164,1497900
2004-06-21,19.760000228881836,20.253332138061523,19.593332290649414,20.0,19.998764038085938,1721550
2004-06-22,20.00666618347168,20.1200008392334,19.84000015258789,20.0,19.998764038085938,949200
2004-06-23,20.03333282470703,20.53333282470703,19.873332977294922,20.53333282470703,20.53206443786621,1299900
2004-06-24,20.49333381652832,20.68666648864746,20.266666412353516,20.34000015258789,20.338743209838867,863550
2004-06-25,20.299999237060547,20.69333267211914,20.226667404174805,20.600000381469727,20.59872817993164,1053600
2004-06-28,20.739999771118164,20.739999771118164,20.17333221435547,20.30666732788086,20.3054141998291,775350
2004-06-29,20.226667404174805,20.68000030517578,20.219999313354492,20.68000030517578,20.678722381591797,959850
2004-06-30,20.633333206176758,20.69333267211914,20.066667556762695,20.426666259765625,20.425405502319336,1917300
2004-07-01,20.46666717529297,20.713333129882812,20.100000381469727,20.133333206176758,20.132089614868164,1461300
2004-07-02,20.273332595825195,20.273332595825195,19.979999542236328,20.1200008392334,20.118759155273438,399900
2004-07-06,20.066667556762695,20.106666564941406,19.333332061767578,19.700000762939453,19.69878387451172,1135500
2004-07-07,19.733333587646484,19.940000534057617,19.413333892822266,19.893333435058594,19.892105102539062,817050
2004-07-08,19.81999969482422,20.0,19.34666633605957,19.34666633605957,19.34547233581543,1137900
2004-07-09,19.49333381652832,20.253332138061523,19.420000076293945,19.98666763305664,19.98543357849121,1969200
2004-07-12,19.906667709350586,19.97333335876465,19.51333236694336,19.726667404174805,19.725448608398438,1150200
2004-07-13,19.85333251953125,19.85333251953125,19.260000228881836,19.420000076293945,19.418800354003906,1426200
2004-07-14,19.333332061767578,19.666667938232422,19.200000762939453,19.360000610351562,19.35880470275879,1204050
2004-07-15,19.366666793823242,19.760000228881836,19.360000610351562,19.566667556762695,19.565460205078125,721950
2004-07-16,19.67333221435547,19.733333587646484,19.18666648864746,19.32666778564453,19.32547378540039,700050
2004-07-19,19.426666259765625,19.626667022705078,19.15333366394043,19.30666732788086,19.30547523498535,1312800
2004-07-20,19.420000076293945,20.299999237060547,19.260000228881836,20.299999237060547,20.29874610900879,1204500
2004-07-21,20.226667404174805,20.579999923706055,19.799999237060547,19.84666633605957,19.845439910888672,1265850
2004-07-22,19.84000015258789,20.15333366394043,19.51333236694336,20.040000915527344,20.03876304626465,863550
2004-07-23,19.860000610351562,20.206666946411133,19.733333587646484,20.100000381469727,20.098758697509766,1825350
2004-07-26,20.139999389648438,20.82666778564453,20.00666618347168,20.64666748046875,20.64539337158203,2135850
2004-07-27,20.64666748046875,21.17333221435547,20.64666748046875,21.139999389648438,21.138694763183594,1531800
2004-07-28,21.053333282470703,21.286666870117188,20.540000915527344,20.953332901000977,20.95203971862793,1030050
2004-07-29,20.940000534057617,21.18666648864746,20.566667556762695,20.886667251586914,20.885377883911133,1330800
2004-07-30,20.68000030517578,21.166667938232422,20.65999984741211,20.82666778564453,20.825382232666016,1008000
2004-08-02,20.799999237060547,20.946666717529297,20.446666717529297,20.80666732788086,20.805381774902344,700050
2004-08-03,20.833332061767578,20.899999618530273,20.559999465942383,20.706666946411133,20.70538902282715,644250
2004-08-04,20.633333206176758,21.713333129882812,20.600000381469727,21.546667098999023,21.54533576965332,1949100
2004-08-05,21.51333236694336,22.19333267211914,21.426666259765625,21.753332138061523,21.751989364624023,2100000
2004-08-06,21.626667022705078,21.860000610351562,21.219999313354492,21.32666778564453,21.32535171508789,1330050
2004-08-09,21.31333351135254,21.67333221435547,21.14666748046875,21.459999084472656,21.45867347717285,1069800
2004-08-10,21.540000915527344,22.0,21.366666793823242,21.920000076293945,21.91864585876465,1073250
2004-08-11,21.566667556762695,21.733333587646484,21.440000534057617,21.666667938232422,21.66533088684082,1179300
2004-08-12,21.5,21.600000381469727,20.266666412353516,20.793333053588867,20.792049407958984,2152650
2004-08-13,20.860000610351562,21.1200008392334,20.700000762939453,20.926666259765625,20.925373077392578,816450
2004-08-16,20.873332977294922,21.0,20.65999984741211,20.799999237060547,20.798715591430664,1180350
2004-08-17,21.00666618347168,21.426666259765625,20.866666793823242,21.31999969482422,21.318683624267578,1563150
2004-08-18,21.239999771118164,21.96666717529297,21.15999984741211,21.926666259765625,21.925312042236328,1179750
2004-08-19,21.84000015258789,22.0,21.479999542236328,21.700000762939453,21.698659896850586,949650
2004-08-20,21.706666946411133,22.35333251953125,21.639999389648438,22.246667861938477,22.24529457092285,1447950
2004-08-23,22.253332138061523,22.406667709350586,21.85333251953125,21.979999542236328,21.978641510009766,1042200
2004-08-24,22.079999923706055,22.166667938232422,21.52666664123535,21.733333587646484,21.731990814208984,1110750
2004-08-25,21.666667938232422,21.799999237060547,21.46666717529297,21.706666946411133,21.705326080322266,1425300
2004-08-26,21.8799991607666,22.126667022705078,21.459999084472656,21.833332061767578,21.83198356628418,1068450
2004-08-27,21.833332061767578,22.299999237060547,21.733333587646484,22.226667404174805,22.22529411315918,450300
2004-08-30,22.133333206176758,22.226667404174805,21.633333206176758,21.760000228881836,21.758657455444336,559200
2004-08-31,21.733333587646484,21.866666793823242,21.51333236694336,21.833332061767578,21.83198356628418,449850
2004-09-01,21.733333587646484,22.086666107177734,21.420000076293945,21.719999313354492,21.718658447265625,793050
2004-09-02,21.719999313354492,22.126667022705078,21.639999389648438,21.979999542236328,21.978641510009766,431250
2004-09-03,22.0,22.31999969482422,21.34000015258789,21.639999389648438,21.638662338256836,683850
2004-09-07,21.726667404174805,22.126667022705078,21.260000228881836,22.073333740234375,22.071969985961914,1442100
2004-09-08,22.126667022705078,22.126667022705078,21.446666717529297,21.633333206176758,21.63199806213379,1566000
2004-09-09,21.613332748413086,21.726667404174805,21.106666564941406,21.333332061767578,21.332014083862305,3225900
2004-09-10,22.03333282470703,23.5,21.946666717529297,22.446666717529297,22.445280075073242,10980600
2004-09-13,22.446666717529297,22.80666732788086,22.273332595825195,22.760000228881836,22.758594512939453,1644900
2004-09-14,22.773332595825195,23.100000381469727,22.3799991607666,22.926666259765625,22.925251007080078,1413150
2004-09-15,22.893333435058594,23.213333129882812,22.753332138061523,23.139999389648438,23.13857078552246,1487400
2004-09-16,23.233333587646484,23.5,23.066667556762695,23.453332901000977,23.451885223388672,1353450
2004-09-17,23.386667251586914,23.639999389648438,23.066667556762695,23.15999984741211,23.1585693359375,707100
2004-09-20,23.14666748046875,23.559999465942383,22.899999618530273,23.5,23.49854850769043,938850
2004-09-21,23.53333282470703,23.639999389648438,22.959999084472656,23.446666717529297,23.445219039916992,1254600
2004-09-22,23.479999542236328,23.479999542236328,22.893333435058594,22.946666717529297,22.945249557495117,1217250
2004-09-23,22.913333892822266,23.066667556762695,22.69333267211914,22.739999771118164,22.738595962524414,558600
2004-09-24,22.786666870117188,22.940000534057617,22.52666664123535,22.546667098999023,22.54527473449707,869100
2004-09-27,22.700000762939453,22.726667404174805,22.386667251586914,22.479999542236328,22.47861099243164,760350
2004-09-28,22.48666763305664,22.540000915527344,21.866666793823242,21.893333435058594,21.89198112487793,1911450
2004-09-29,21.84000015258789,22.18666648864746,21.833332061767578,22.059999465942383,22.058637619018555,1665750
2004-09-30,22.03333282470703,22.200000762939453,21.64666748046875,21.899999618530273,21.89864730834961,1171500
2004-10-01,22.00666618347168,23.219999313354492,22.0,23.139999389648438,23.13857078552246,1654050
2004-10-04,23.15333366394043,23.333332061767578,22.68000030517578,22.773332595825195,22.771926879882812,2097750
2004-10-05,22.606666564941406,23.00666618347168,22.600000381469727,22.780000686645508,22.778593063354492,658500
2004-10-06,22.833332061767578,23.333332061767578,22.726667404174805,23.286666870117188,23.285228729248047,1624650
2004-10-07,23.286666870117188,23.34000015258789,23.073333740234375,23.133333206176758,23.13190460205078,760050
2004-10-08,23.01333236694336,23.15333366394043,22.780000686645508,22.786666870117188,22.785259246826172,775500
2004-10-11,22.81999969482422,23.100000381469727,22.700000762939453,23.073333740234375,23.071908950805664,609000
2004-10-12,22.833332061767578,23.200000762939453,22.719999313354492,23.100000381469727,23.098573684692383,870600
2004-10-13,23.30666732788086,23.333332061767578,23.03333282470703,23.040000915527344,23.038578033447266,639600
2004-10-14,23.066667556762695,23.31333351135254,23.0,23.100000381469727,23.098573684692383,1372800
2004-10-15,23.113332748413086,23.233333587646484,22.920000076293945,23.02666664123535,23.025245666503906,1318800
2004-10-18,23.00666618347168,23.233333587646484,22.98666763305664,23.113332748413086,23.111906051635742,1672200
2004-10-19,23.35333251953125,23.700000762939453,22.80666732788086,22.8799991607666,22.878585815429688,2751900
2004-10-20,22.6200008392334,22.69333267211914,21.84000015258789,22.0,21.998641967773438,3312000
2004-10-21,22.073333740234375,22.293333053588867,21.80666732788086,22.01333236694336,22.011972427368164,1524900
2004-10-22,22.03333282470703,22.106666564941406,21.666667938232422,21.700000762939453,21.698659896850586,758100
2004-10-25,20.726667404174805,21.166667938232422,20.68000030517578,20.99333381652832,20.992036819458008,3270450
2004-10-26,21.14666748046875,21.266666412353516,20.726667404174805,20.84000015258789,20.838712692260742,2170200
2004-10-27,20.946666717529297,21.85333251953125,20.946666717529297,21.81333351135254,21.811986923217773,1929150
2004-10-28,21.899999618530273,21.899999618530273,21.34666633605957,21.746667861938477,21.745325088500977,973800
2004-10-29,21.766666412353516,22.066667556762695,21.48666763305664,21.97333335876465,21.97197723388672,1836000
2004-11-01,21.99333381652832,22.766666412353516,21.773332595825195,22.666667938232422,22.665267944335938,2067900
2004-11-02,22.65999984741211,22.81999969482422,21.906667709350586,22.15999984741211,22.158632278442383,2696250
2004-11-03,22.65999984741211,22.953332901000977,22.226667404174805,22.753332138061523,22.75192642211914,3428850
2004-11-04,22.760000228881836,22.913333892822266,22.613332748413086,22.84666633605957,22.84525489807129,1752300
2004-11-05,22.98666763305664,23.213333129882812,22.753332138061523,23.17333221435547,23.17190170288086,1060950
2004-11-08,23.17333221435547,23.333332061767578,22.3799991607666,22.399999618530273,22.398616790771484,1494750
2004-11-09,21.899999618530273,22.406667709350586,21.80666732788086,22.260000228881836,22.258625030517578,1436250
2004-11-10,22.280000686645508,22.786666870117188,22.14666748046875,22.69333267211914,22.691930770874023,2007450
2004-11-11,22.700000762939453,23.333332061767578,22.666667938232422,23.113332748413086,23.111906051635742,1939350
2004-11-12,23.0,23.31999969482422,22.67333221435547,23.079999923706055,23.078575134277344,1694250
2004-11-15,23.1200008392334,23.520000457763672,22.920000076293945,23.246667861938477,23.24523162841797,2349900
2004-11-16,23.333332061767578,23.373332977294922,23.079999923706055,23.206666946411133,23.20523452758789,1555650
2004-11-17,23.233333587646484,23.273332595825195,22.80666732788086,22.899999618530273,22.89858627319336,1438650
2004-11-18,22.719999313354492,22.799999237060547,22.133333206176758,22.31333351135254,22.31195640563965,1957650
2004-11-19,22.266666412353516,22.360000610351562,21.753332138061523,21.760000228881836,21.758657455444336,1736700
2004-11-22,21.760000228881836,22.440000534057617,21.5,22.426666259765625,22.425281524658203,856200
2004-11-23,22.459999084472656,22.84000015258789,22.266666412353516,22.420000076293945,22.418615341186523,996000
2004-11-24,22.366666793823242,22.626667022705078,22.333332061767578,22.53333282470703,22.531940460205078,972000
2004-11-26,22.64666748046875,22.64666748046875,22.31333351135254,22.32666778564453,22.325288772583008,198450
2004-11-29,22.49333381652832,22.959999084472656,22.246667861938477,22.8799991607666,22.878585815429688,1242150
2004-11-30,22.96666717529297,23.746667861938477,22.953332901000977,23.299999237060547,23.298561096191406,1781700
2004-12-01,23.333332061767578,24.066667556762695,23.079999923706055,23.933332443237305,23.931854248046875,2304450
2004-12-02,23.8799991607666,23.99333381652832,23.386667251586914,23.753332138061523,23.75186538696289,674850
2004-12-03,23.67333221435547,24.366666793823242,23.67333221435547,24.246667861938477,24.24517059326172,1722150
2004-12-06,24.399999618530273,24.426666259765625,23.766666412353516,24.03333282470703,24.031848907470703,2392050
2004-12-07,24.040000915527344,24.106666564941406,22.953332901000977,23.01333236694336,23.011911392211914,1427100
2004-12-08,22.959999084472656,23.260000228881836,22.666667938232422,22.780000686645508,22.778593063354492,1851600
2004-12-09,22.68000030517578,23.059999465942383,21.64666748046875,21.67333221435547,21.671993255615234,6061650
2004-12-10,21.433332443237305,22.81333351135254,21.200000762939453,22.47333335876465,22.47194480895996,6481050
2004-12-13,23.333332061767578,23.706666946411133,23.0,23.613332748413086,23.611875534057617,6230700
2004-12-14,22.49333381652832,22.833332061767578,21.666667938232422,22.299999237060547,22.298622131347656,6983400
2004-12-15,22.166667938232422,22.6200008392334,22.166667938232422,22.479999542236328,22.47861099243164,1270950
2004-12-16,22.633333206176758,22.866666793823242,22.17333221435547,22.31333351135254,22.31195640563965,3797100
2004-12-17,21.899999618530273,22.31333351135254,21.50666618347168,21.639999389648438,21.638662338256836,6989400
2004-12-20,21.666667938232422,21.786666870117188,21.213333129882812,21.399999618530273,21.398677825927734,2243700
2004-12-21,21.593332290649414,22.053333282470703,21.50666618347168,22.01333236694336,22.011972427368164,1759800
2004-12-22,21.899999618530273,22.059999465942383,21.713333129882812,21.926666259765625,21.925312042236328,1245300
2004-12-23,21.99333381652832,22.733333587646484,21.933332443237305,22.52666664123535,22.52527618408203,2092650
2004-12-27,22.666667938232422,22.733333587646484,22.366666793823242,22.52666664123535,22.52527618408203,961050
2004-12-28,22.5,22.98666763305664,22.479999542236328,22.98666763305664,22.985248565673828,920550
2004-12-29,23.00666618347168,23.32666778564453,23.0,23.200000762939453,23.19856834411621,1339200
2004-12-30,23.200000762939453,23.793333053588867,23.126667022705078,23.139999389648438,23.13857078552246,1681650
2004-12-31,23.233333587646484,23.520000457763672,23.166667938232422,23.19333267211914,23.1919002532959,765000
2005-01-03,23.393333435058594,23.69333267211914,23.239999771118164,23.586666107177734,23.585208892822266,3244500
2005-01-04,23.200000762939453,23.540000915527344,22.366666793823242,22.600000381469727,22.598604202270508,2347950
2005-01-05,22.639999389648438,22.85333251953125,22.34666633605957,22.399999618530273,22.398616790771484,1113000
2005-01-06,22.420000076293945,22.700000762939453,21.873332977294922,21.933332443237305,21.931978225708008,1303200
2005-01-07,21.68666648864746,22.219999313354492,21.253332138061523,21.5,21.498672485351562,1963650
2005-01-10,21.700000762939453,22.386667251586914,21.639999389648438,21.873332977294922,21.87198257446289,1249500
2005-01-11,21.860000610351562,22.393333435058594,21.860000610351562,22.106666564941406,22.105300903320312,1131600
2005-01-12,22.166667938232422,22.366666793823242,21.80666732788086,22.113332748413086,22.111967086791992,1213350
2005-01-13,22.059999465942383,22.706666946411133,21.833332061767578,22.246667861938477,22.24529457092285,2153400
2005-01-14,22.546667098999023,23.46666717529297,22.3799991607666,23.226667404174805,23.22523307800293,2785650
2005-01-18,22.219999313354492,22.82666778564453,21.96666717529297,22.559999465942383,22.55860710144043,4529550
2005-01-19,22.426666259765625,22.633333206176758,21.926666259765625,22.046667098999023,22.045305252075195,1711500
2005-01-20,21.933332443237305,22.47333335876465,21.799999237060547,22.126667022705078,22.125301361083984,1538700
2005-01-21,22.666667938232422,22.739999771118164,22.333332061767578,22.520000457763672,22.51861000061035,2130150
2005-01-24,22.726667404174805,22.773332595825195,22.233333587646484,22.299999237060547,22.298622131347656,2067300
2005-01-25,22.559999465942383,22.959999084472656,22.399999618530273,22.420000076293945,22.418615341186523,1125600
2005-01-26,22.65333366394043,23.746667861938477,22.65333366394043,23.30666732788086,23.305227279663086,1930650
2005-01-27,23.239999771118164,23.446666717529297,23.093332290649414,23.293333053588867,23.291894912719727,1180350
2005-01-28,23.366666793823242,23.479999542236328,23.073333740234375,23.32666778564453,23.325227737426758,768450
2005-01-31,23.51333236694336,23.8799991607666,23.32666778564453,23.5,23.49854850769043,1801350
2005-02-01,23.5,24.0,23.5,23.746667861938477,23.745201110839844,1729500
2005-02-02,24.166667938232422,25.0,24.086666107177734,24.64666748046875,24.645145416259766,3096450
2005-02-03,24.69333267211914,25.253332138061523,24.293333053588867,24.633333206176758,24.631811141967773,1793400
2005-02-04,24.579999923706055,25.780000686645508,24.579999923706055,25.69333267211914,25.69174575805664,1866600
2005-02-07,25.68666648864746,25.68666648864746,25.046667098999023,25.233333587646484,25.231775283813477,2026650
2005-02-08,25.17333221435547,25.426666259765625,25.00666618347168,25.31999969482422,25.318435668945312,1166250
2005-02-09,25.30666732788086,25.35333251953125,24.713333129882812,24.82666778564453,24.82513427734375,1409400
2005-02-10,24.68666648864746,24.700000762939453,23.866666793823242,24.239999771118164,24.238502502441406,1945800
2005-02-11,24.260000228881836,24.953332901000977,24.073333740234375,24.893333435058594,24.891796112060547,721950
2005-02-14,24.733333587646484,25.333332061767578,24.713333129882812,24.96666717529297,24.965126037597656,712500
2005-02-15,25.1200008392334,25.333332061767578,24.80666732788086,25.079999923706055,25.07845115661621,584100
2005-02-16,24.99333381652832,25.233333587646484,24.780000686645508,25.166667938232422,25.16511344909668,664800
2005-02-17,25.139999389648438,25.139999389648438,24.440000534057617,24.573333740234375,24.571815490722656,1913550
2005-02-18,24.67333221435547,24.67333221435547,24.100000381469727,24.35333251953125,24.351829528808594,712200
2005-02-22,24.206666946411133,25.046667098999023,24.106666564941406,24.200000762939453,24.19850730895996,1169400
2005-02-23,24.31999969482422,24.579999923706055,24.0,24.19333267211914,24.19183921813965,769950
2005-02-24,24.200000762939453,24.593332290649414,23.906667709350586,24.52666664123535,24.5251522064209,894150
2005-02-25,24.47333335876465,24.593332290649414,24.260000228881836,24.593332290649414,24.591814041137695,482400
2005-02-28,24.213333129882812,24.8799991607666,24.206666946411133,24.446666717529297,24.445158004760742,1214100
2005-03-01,24.48666763305664,24.633333206176758,24.30666732788086,24.50666618347168,24.50515365600586,1237350
2005-03-02,24.53333282470703,25.746667861938477,24.52666664123535,25.246667861938477,25.24510955810547,2908050
2005-03-03,25.65333366394043,25.68666648864746,24.613332748413086,24.946666717529297,24.945125579833984,3748500
2005-03-04,25.933332443237305,26.3799991607666,25.18000030517578,26.35333251953125,26.35170555114746,7115250
2005-03-07,26.406667709350586,27.280000686645508,26.246667861938477,27.139999389648438,27.138322830200195,3492600
2005-03-08,27.066667556762695,27.366666793823242,26.719999313354492,27.0,26.998332977294922,2316600
2005-03-09,26.920000076293945,27.626667022705078,26.82666778564453,27.00666618347168,27.0049991607666,2330100
2005-03-10,27.079999923706055,27.246667861938477,26.593332290649414,27.15999984741211,27.158323287963867,1371450
2005-03-11,27.066667556762695,27.31999969482422,26.69333267211914,26.780000686645508,26.77834701538086,1474950
2005-03-14,26.866666793823242,27.266666412353516,26.80666732788086,26.899999618530273,26.898338317871094,1038450
2005-03-15,26.959999084472656,27.99333381652832,26.753332138061523,26.899999618530273,26.898338317871094,2731350
2005-03-16,26.799999237060547,27.040000915527344,26.433332443237305,26.5,26.498363494873047,1677000
2005-03-17,26.433332443237305,27.46666717529297,26.433332443237305,26.733333587646484,26.7316837310791,2113050
2005-03-18,26.913333892822266,27.586666107177734,26.84666633605957,27.333332061767578,27.33164405822754,2116500
2005-03-21,27.366666793823242,27.873332977294922,27.233333587646484,27.613332748413086,27.61162757873535,2072550
2005-03-22,26.18666648864746,27.706666946411133,26.066667556762695,27.166667938232422,27.164989471435547,4204350
2005-03-23,27.066667556762695,27.433332443237305,26.49333381652832,26.586666107177734,26.585023880004883,1611750
2005-03-24,26.706666946411133,27.02666664123535,26.64666748046875,26.700000762939453,26.698352813720703,1132650
2005-03-28,26.793333053588867,27.059999465942383,26.366666793823242,26.733333587646484,26.7316837310791,1034100
2005-03-29,26.766666412353516,27.03333282470703,25.860000610351562,25.893333435058594,25.891735076904297,1725300
2005-03-30,26.00666618347168,26.81333351135254,26.00666618347168,26.739999771118164,26.73834800720215,1209000
2005-03-31,26.713333129882812,26.780000686645508,25.899999618530273,26.066667556762695,26.0650577545166,1461900
2005-04-01,26.31333351135254,26.35333251953125,25.266666412353516,25.98666763305664,25.985063552856445,1656450
2005-04-04,25.933332443237305,26.49333381652832,25.69333267211914,26.286666870117188,26.285043716430664,879450
2005-04-05,26.34666633605957,26.479999542236328,25.926666259765625,26.17333221435547,26.171716690063477,837600
2005-04-06,26.280000686645508,26.48666763305664,26.02666664123535,26.073333740234375,26.07172393798828,876300
2005-04-07,26.066667556762695,26.766666412353516,26.053333282470703,26.553333282470703,26.551692962646484,992400
2005-04-08,26.553333282470703,26.886667251586914,26.426666259765625,26.520000457763672,26.518362045288086,473250
2005-04-11,26.579999923706055,26.706666946411133,26.440000534057617,26.51333236694336,26.511695861816406,761250
2005-04-12,26.559999465942383,26.6299991607666,26.049999237060547,26.440000534057617,26.43836784362793,706800
2005-04-13,26.399999618530273,26.420000076293945,25.420000076293945,25.799999237060547,25.79840660095215,783600
2005-04-14,25.799999237060547,25.979999542236328,24.809999465942383,24.8700008392334,24.868465423583984,819400
2005-04-15,24.90999984741211,25.639999389648438,24.899999618530273,25.100000381469727,25.09844970703125,1939900
2005-04-18,25.260000228881836,26.329999923706055,24.950000762939453,26.0,25.998394012451172,1126800
2005-04-19,26.170000076293945,26.649999618530273,25.889999389648438,26.209999084472656,26.2083797454834,854800
2005-04-20,26.149999618530273,26.229999542236328,25.260000228881836,25.450000762939453,25.448429107666016,727800
2005-04-21,25.43000030517578,25.899999618530273,25.0,25.170000076293945,25.168445587158203,1529000
2005-04-22,25.329999923706055,25.329999923706055,24.18000030517578,24.350000381469727,24.34849739074707,877900
2005-04-25,24.530000686645508,24.75,24.34000015258789,24.489999771118164,24.488487243652344,672400
2005-04-26,24.43000030517578,24.729999542236328,24.0,24.020000457763672,24.018516540527344,738500
2005-04-27,23.90999984741211,24.510000228881836,23.770000457763672,24.190000534057617,24.188507080078125,488200
2005-04-28,24.06999969482422,24.190000534057617,23.549999237060547,23.56999969482422,23.568544387817383,704200
2005-04-29,23.610000610351562,23.93000030517578,23.290000915527344,23.530000686645508,23.528547286987305,777900
2005-05-02,23.75,23.969999313354492,23.399999618530273,23.950000762939453,23.948522567749023,878500
2005-05-03,23.950000762939453,24.489999771118164,23.90999984741211,24.25,24.248502731323242,1117600
2005-05-04,23.920000076293945,24.6200008392334,23.639999389648438,24.420000076293945,24.41849136352539,1148500
2005-05-05,24.399999618530273,24.809999465942383,24.25,24.5,24.49848747253418,945000
2005-05-06,24.329999923706055,25.329999923706055,24.329999923706055,24.959999084472656,24.958457946777344,1216800
2005-05-09,24.950000762939453,25.700000762939453,24.700000762939453,25.690000534057617,25.688413619995117,1546700
2005-05-10,25.459999084472656,25.799999237060547,25.299999237060547,25.68000030517578,25.678415298461914,894400
2005-05-11,25.75,25.889999389648438,25.34000015258789,25.700000762939453,25.698413848876953,690600
2005-05-12,25.700000762939453,25.889999389648438,25.219999313354492,25.440000534057617,25.43842887878418,659800
2005-05-13,25.5,25.600000381469727,24.950000762939453,25.139999389648438,25.138446807861328,846500
2005-05-16,25.219999313354492,25.809999465942383,25.18000030517578,25.790000915527344,25.788408279418945,454000
2005-05-17,26.229999542236328,26.850000381469727,25.75,26.84000015258789,26.838342666625977,1272200
2005-05-18,26.850000381469727,27.549999237060547,26.760000228881836,27.43000030517578,27.428306579589844,1006800
2005-05-19,27.479999542236328,27.649999618530273,26.270000457763672,26.5,26.498363494873047,2527400
2005-05-20,26.549999237060547,26.549999237060547,25.93000030517578,25.989999771118164,25.98839569091797,1318500
2005-05-23,26.0,26.219999313354492,25.899999618530273,26.079999923706055,26.07839012145996,973100
2005-05-24,26.200000762939453,26.200000762939453,25.75,25.979999542236328,25.978395462036133,1010200
2005-05-25,25.940000534057617,26.170000076293945,25.450000762939453,25.5,25.498424530029297,784800
2005-05-26,25.5,26.010000228881836,25.5,25.829999923706055,25.828405380249023,734700
2005-05-27,25.940000534057617,26.1299991607666,25.84000015258789,25.889999389648438,25.88840103149414,591900
2005-05-31,25.950000762939453,26.020000457763672,25.690000534057617,25.760000228881836,25.75840950012207,640300
2005-06-01,25.809999465942383,26.43000030517578,25.809999465942383,26.420000076293945,26.41836929321289,868500
2005-06-02,26.440000534057617,26.520000457763672,25.889999389648438,26.3700008392334,26.368371963500977,1230600
2005-06-03,26.030000686645508,28.100000381469727,26.020000457763672,27.079999923706055,27.078327178955078,2384900
2005-06-06,27.049999237060547,27.149999618530273,26.6299991607666,26.979999542236328,26.978334426879883,750500
2005-06-07,27.020000457763672,27.799999237060547,27.0,27.06999969482422,27.068328857421875,556600
2005-06-08,27.100000381469727,27.149999618530273,26.489999771118164,26.520000457763672,26.518362045288086,659500
2005-06-09,26.600000381469727,29.100000381469727,26.43000030517578,27.989999771118164,27.988271713256836,3674700
2005-06-10,28.020000457763672,28.579999923706055,27.65999984741211,28.510000228881836,28.50823974609375,1351100
2005-06-13,28.440000534057617,29.600000381469727,28.3799991607666,29.290000915527344,29.288192749023438,2151300
2005-06-14,29.25,29.350000381469727,28.780000686645508,29.34000015258789,29.33818817138672,1542600
2005-06-15,29.399999618530273,29.399999618530273,28.3700008392334,28.579999923706055,28.578235626220703,1129700
2005-06-16,28.549999237060547,28.729999542236328,28.200000762939453,28.5,28.498239517211914,995200
2005-06-17,28.18000030517578,28.68000030517578,28.030000686645508,28.100000381469727,28.098264694213867,1692500
2005-06-20,28.030000686645508,28.34000015258789,27.959999084472656,28.149999618530273,28.14826202392578,880400
2005-06-21,28.1200008392334,28.190000534057617,27.65999984741211,27.829999923706055,27.82828140258789,843800
2005-06-22,28.010000228881836,28.360000610351562,27.700000762939453,27.889999389648438,27.888277053833008,649700
2005-06-23,27.829999923706055,28.520000457763672,26.979999542236328,27.059999465942383,27.05832862854004,1594200
2005-06-24,27.040000915527344,27.43000030517578,25.739999771118164,26.260000228881836,26.258378982543945,4613000
2005-06-27,26.280000686645508,26.31999969482422,25.43000030517578,25.639999389648438,25.638416290283203,1441600
2005-06-28,25.719999313354492,26.15999984741211,25.399999618530273,25.979999542236328,25.978395462036133,1163900
2005-06-29,26.0,26.309999465942383,25.579999923706055,25.809999465942383,25.80840492248535,1048800
2005-06-30,25.860000610351562,26.040000915527344,25.299999237060547,25.450000762939453,25.448429107666016,817300
2005-07-01,25.610000610351562,25.75,24.969999313354492,25.40999984741211,25.408430099487305,829000
2005-07-05,25.459999084472656,25.850000381469727,25.18000030517578,25.690000534057617,25.688413619995117,665200
2005-07-06,25.709999084472656,25.860000610351562,25.40999984741211,25.5,25.498424530029297,682800
2005-07-07,25.760000228881836,26.489999771118164,25.639999389648438,26.43000030517578,26.428367614746094,1373700
2005-07-08,26.360000610351562,26.8799991607666,26.219999313354492,26.719999313354492,26.71834945678711,669900
2005-07-11,26.170000076293945,27.229999542236328,26.170000076293945,27.09000015258789,27.088327407836914,753500
2005-07-12,27.110000610351562,28.0,27.040000915527344,27.809999465942383,27.80828285217285,1173900
2005-07-13,27.639999389648438,27.940000534057617,27.18000030517578,27.8799991607666,27.878276824951172,1288100
2005-07-14,27.899999618530273,28.15999984741211,26.75,26.8700008392334,26.86834144592285,2606200
2005-07-15,26.579999923706055,26.899999618530273,26.299999237060547,26.5,26.498363494873047,901500
2005-07-18,26.450000762939453,26.899999618530273,26.350000381469727,26.559999465942383,26.558359146118164,441400
2005-07-19,26.600000381469727,27.06999969482422,26.389999389648438,26.950000762939453,26.948335647583008,531300
2005-07-20,26.850000381469727,27.1200008392334,26.489999771118164,27.06999969482422,27.068328857421875,1017400
2005-07-21,25.600000381469727,26.5,25.440000534057617,25.739999771118164,25.73841094970703,5619900
2005-07-22,25.649999618530273,25.889999389648438,25.09000015258789,25.299999237060547,25.298437118530273,1898300
2005-07-25,25.450000762939453,25.780000686645508,25.18000030517578,25.43000030517578,25.428430557250977,1246400
2005-07-26,24.31999969482422,24.75,23.030000686645508,23.59000015258789,23.588542938232422,9355400
2005-07-27,23.65999984741211,25.059999465942383,23.600000381469727,25.059999465942383,25.058452606201172,4619400
2005-07-28,25.040000915527344,25.190000534057617,24.5,24.6299991607666,24.62847900390625,2558400
2005-07-29,24.729999542236328,24.969999313354492,24.450000762939453,24.610000610351562,24.60848045349121,862900
2005-08-01,24.75,24.780000686645508,24.209999084472656,24.290000915527344,24.288501739501953,1521100
2005-08-02,24.350000381469727,24.690000534057617,24.260000228881836,24.510000228881836,24.508485794067383,1160900
2005-08-03,24.469999313354492,25.200000762939453,24.309999465942383,25.020000457763672,25.018455505371094,1682200
2005-08-04,25.0,25.0,24.290000915527344,24.530000686645508,24.528486251831055,1838800
2005-08-05,24.450000762939453,24.790000915527344,24.270000457763672,24.450000762939453,24.448490142822266,758400
2005-08-08,24.5,24.56999969482422,24.0,24.459999084472656,24.45848846435547,958300
2005-08-09,24.399999618530273,24.920000076293945,24.399999618530273,24.780000686645508,24.778470993041992,675700
2005-08-10,24.809999465942383,24.989999771118164,24.530000686645508,24.729999542236328,24.728471755981445,1271800
2005-08-11,24.729999542236328,24.959999084472656,24.469999313354492,24.950000762939453,24.94845962524414,692800
2005-08-12,24.8700008392334,25.079999923706055,24.65999984741211,24.950000762939453,24.94845962524414,587700
2005-08-15,24.899999618530273,25.520000457763672,24.850000381469727,25.290000915527344,25.28843879699707,556500
2005-08-16,25.420000076293945,25.90999984741211,24.959999084472656,24.979999542236328,24.978456497192383,2092000
2005-08-17,25.0,25.350000381469727,24.610000610351562,25.100000381469727,25.09844970703125,952100
2005-08-18,25.100000381469727,25.100000381469727,24.540000915527344,24.75,24.748472213745117,702700
2005-08-19,24.809999465942383,24.850000381469727,24.670000076293945,24.719999313354492,24.718473434448242,407200
2005-08-22,24.700000762939453,24.780000686645508,24.25,24.469999313354492,24.468488693237305,920600
2005-08-23,24.34000015258789,24.649999618530273,24.040000915527344,24.479999542236328,24.478487014770508,765600
2005-08-24,24.479999542236328,24.920000076293945,24.25,24.5,24.49848747253418,861100
2005-08-25,24.549999237060547,25.06999969482422,24.450000762939453,24.709999084472656,24.708473205566406,538100
2005-08-26,24.780000686645508,24.989999771118164,24.200000762939453,24.270000457763672,24.26850128173828,436800
2005-08-29,24.219999313354492,24.469999313354492,24.049999237060547,24.239999771118164,24.238502502441406,417000
2005-08-30,24.200000762939453,24.59000015258789,23.8799991607666,23.8799991607666,23.878524780273438,762700
2005-08-31,24.0,24.020000457763672,23.450000762939453,23.799999237060547,23.79852867126465,1849200
2005-09-01,23.700000762939453,24.0,23.420000076293945,23.579999923706055,23.57854461669922,1360700
2005-09-02,23.670000076293945,23.799999237060547,23.360000610351562,23.610000610351562,23.608543395996094,472300
2005-09-06,23.65999984741211,24.5,23.65999984741211,24.299999237060547,24.298498153686523,1215500
2005-09-07,24.299999237060547,24.459999084472656,24.010000228881836,24.15999984741211,24.15850830078125,3115800
2005-09-08,22.950000762939453,23.100000381469727,22.25,22.670000076293945,22.66860008239746,7215300
2005-09-09,22.739999771118164,22.739999771118164,21.719999313354492,21.860000610351562,21.85865020751953,3772500
2005-09-12,21.850000381469727,22.440000534057617,21.829999923706055,22.360000610351562,22.358619689941406,1375300
2005-09-13,22.299999237060547,23.299999237060547,21.989999771118164,22.81999969482422,22.81859016418457,3361600
2005-09-14,22.81999969482422,23.100000381469727,22.56999969482422,23.059999465942383,23.058574676513672,1573100
2005-09-15,23.1299991607666,23.149999618530273,22.790000915527344,23.010000228881836,23.00857925415039,1066300
2005-09-16,23.06999969482422,23.100000381469727,22.6200008392334,22.700000762939453,22.698598861694336,1096800
2005-09-19,22.639999389648438,22.899999618530273,22.600000381469727,22.770000457763672,22.76859474182129,1127500
2005-09-20,22.829999923706055,23.100000381469727,22.690000534057617,22.690000534057617,22.6885986328125,791300
2005-09-21,22.6200008392334,22.719999313354492,21.93000030517578,22.049999237060547,22.04863739013672,1734800
2005-09-22,22.0,22.350000381469727,21.81999969482422,22.020000457763672,22.018640518188477,796900
2005-09-23,22.010000228881836,22.350000381469727,21.959999084472656,22.25,22.248626708984375,1412700
2005-09-26,22.350000381469727,22.350000381469727,21.799999237060547,21.950000762939453,21.948644638061523,1166900
2005-09-27,21.899999618530273,22.09000015258789,21.760000228881836,21.860000610351562,21.85865020751953,947100
2005-09-28,22.020000457763672,22.020000457763672,21.3700008392334,21.549999237060547,21.548667907714844,1122700
2005-09-29,21.65999984741211,22.040000915527344,21.5,21.979999542236328,21.978641510009766,855500
2005-09-30,22.049999237060547,22.280000686645508,21.729999542236328,22.09000015258789,22.08863639831543,1017000
2005-10-03,22.15999984741211,22.15999984741211,21.40999984741211,21.829999923706055,21.828651428222656,1208600
2005-10-04,21.780000686645508,21.829999923706055,21.299999237060547,21.309999465942383,21.308683395385742,885400
2005-10-05,21.440000534057617,21.440000534057617,20.0,20.389999389648438,20.38874053955078,3945800
2005-10-06,20.610000610351562,20.719999313354492,20.200000762939453,20.31999969482422,20.318744659423828,1618700
2005-10-07,20.200000762939453,20.530000686645508,19.90999984741211,20.200000762939453,20.198753356933594,1397600
2005-10-10,20.149999618530273,20.190000534057617,19.829999923706055,19.889999389648438,19.888771057128906,729800
2005-10-11,19.90999984741211,20.15999984741211,19.649999618530273,19.690000534057617,19.688785552978516,996600
2005-10-12,19.649999618530273,19.850000381469727,19.229999542236328,19.229999542236328,19.228811264038086,1224200
2005-10-13,19.350000381469727,19.350000381469727,18.829999923706055,19.09000015258789,19.088821411132812,1829800
2005-10-14,19.0,19.149999618530273,18.200000762939453,18.700000762939453,18.6988468170166,3529400
2005-10-17,18.860000610351562,18.8799991607666,18.290000915527344,18.309999465942383,18.308868408203125,1277800
2005-10-18,18.25,18.299999237060547,17.969999313354492,18.0,17.99888801574707,2141300
2005-10-19,18.010000228881836,18.34000015258789,17.639999389648438,17.989999771118164,17.988889694213867,2621600
2005-10-20,18.6299991607666,19.520000457763672,18.610000610351562,19.299999237060547,19.29880714416504,4084000
2005-10-21,19.3700008392334,20.100000381469727,19.25,20.040000915527344,20.03876304626465,2597400
2005-10-24,20.239999771118164,21.520000457763672,19.989999771118164,21.15999984741211,21.158693313598633,3462500
2005-10-25,21.030000686645508,21.219999313354492,20.530000686645508,20.719999313354492,20.718719482421875,1444100
2005-10-26,20.670000076293945,20.719999313354492,20.020000457763672,20.079999923706055,20.078760147094727,1241200
2005-10-27,20.010000228881836,20.15999984741211,19.479999542236328,19.760000228881836,19.758779525756836,1242700
2005-10-28,19.75,20.200000762939453,19.020000457763672,19.969999313354492,19.968765258789062,2694600
2005-10-31,20.0,20.90999984741211,19.899999618530273,20.649999618530273,20.648723602294922,2926400
2005-11-01,18.780000686645508,18.84000015258789,16.920000076293945,17.530000686645508,17.52891731262207,10717000
2005-11-02,17.610000610351562,18.450000762939453,17.520000457763672,18.280000686645508,18.278871536254883,2877500
2005-11-03,18.280000686645508,18.700000762939453,18.100000381469727,18.280000686645508,18.278871536254883,2048600
2005-11-04,18.260000228881836,18.59000015258789,17.90999984741211,18.209999084472656,18.208873748779297,2365100
2005-11-07,18.299999237060547,18.3700008392334,18.06999969482422,18.200000762939453,18.198877334594727,1628300
2005-11-08,18.200000762939453,18.56999969482422,18.049999237060547,18.479999542236328,18.478858947753906,2455300
2005-11-09,18.459999084472656,18.729999542236328,18.350000381469727,18.489999771118164,18.48885726928711,796700
2005-11-10,18.399999618530273,18.649999618530273,18.100000381469727,18.209999084472656,18.208873748779297,1099700
2005-11-11,18.15999984741211,18.309999465942383,18.010000228881836,18.1299991607666,18.12887954711914,577700
2005-11-14,18.190000534057617,18.579999923706055,18.010000228881836,18.43000030517578,18.428861618041992,1178600
2005-11-15,18.459999084472656,18.479999542236328,17.889999389648438,17.979999542236328,17.97888946533203,933300
2005-11-16,18.049999237060547,18.229999542236328,17.93000030517578,18.170000076293945,18.16887855529785,1367800
2005-11-17,18.1299991607666,18.520000457763672,18.06999969482422,18.389999389648438,18.388864517211914,699400
2005-11-18,18.559999465942383,18.579999923706055,18.0,18.030000686645508,18.028886795043945,1180000
2005-11-21,18.09000015258789,18.770000457763672,17.969999313354492,18.690000534057617,18.688846588134766,1166500
2005-11-22,18.969999313354492,19.389999389648438,18.860000610351562,19.079999923706055,19.078821182250977,2516300
2005-11-23,19.170000076293945,19.200000762939453,18.969999313354492,19.139999389648438,19.138816833496094,869400
2005-11-25,19.209999084472656,19.399999618530273,19.010000228881836,19.309999465942383,19.308807373046875,259900
2005-11-28,19.450000762939453,19.469999313354492,18.6299991607666,18.670000076293945,18.668848037719727,1425300
2005-11-29,18.850000381469727,18.850000381469727,18.0,18.270000457763672,18.26887321472168,1460200
2005-11-30,18.1200008392334,18.440000534057617,18.010000228881836,18.25,18.248872756958008,920200
2005-12-01,18.350000381469727,18.670000076293945,18.239999771118164,18.610000610351562,18.60885238647461,1454100
2005-12-02,18.690000534057617,18.899999618530273,18.3700008392334,18.6299991607666,18.628849029541016,1248700
2005-12-05,18.68000030517578,18.899999618530273,18.459999084472656,18.719999313354492,18.718843460083008,1078000
2005-12-06,19.049999237060547,19.799999237060547,18.899999618530273,19.559999465942383,19.558792114257812,1830500
2005-12-07,19.639999389648438,19.780000686645508,19.15999984741211,19.190000534057617,19.18881607055664,850200
2005-12-08,19.25,19.75,18.899999618530273,18.959999084472656,18.95882797241211,1144600
2005-12-09,19.229999542236328,19.229999542236328,18.760000228881836,19.190000534057617,19.18881607055664,482500
2005-12-12,19.25,19.25,19.0,19.0,18.99882698059082,845600
2005-12-13,18.90999984741211,19.149999618530273,18.75,18.799999237060547,18.798837661743164,803400
2005-12-14,18.6200008392334,18.729999542236328,18.25,18.290000915527344,18.28887176513672,1734200
2005-12-15,17.899999618530273,18.479999542236328,17.829999923706055,18.010000228881836,18.008888244628906,2502400
2005-12-16,18.190000534057617,18.190000534057617,17.5,17.520000457763672,17.518918991088867,1909800
2005-12-19,17.520000457763672,17.81999969482422,17.280000686645508,17.31999969482422,17.31892967224121,1262800
2005-12-20,17.299999237060547,17.59000015258789,17.299999237060547,17.43000030517578,17.428924560546875,944900
2005-12-21,17.399999618530273,17.780000686645508,17.110000610351562,17.59000015258789,17.58891487121582,1370200
2005-12-22,17.59000015258789,17.790000915527344,17.530000686645508,17.770000457763672,17.768903732299805,726100
2005-12-23,17.84000015258789,18.049999237060547,17.639999389648438,17.639999389648438,17.6389102935791,737500
2005-12-27,17.68000030517578,17.940000534057617,17.350000381469727,17.350000381469727,17.348928451538086,469600
2005-12-28,17.25,17.59000015258789,17.100000381469727,17.459999084472656,17.458921432495117,802100
2005-12-29,17.5,17.780000686645508,17.389999389648438,17.709999084472656,17.708906173706055,875700
2005-12-30,17.59000015258789,17.780000686645508,17.549999237060547,17.700000762939453,17.69890785217285,889400
2006-01-03,17.700000762939453,18.190000534057617,17.700000762939453,18.049999237060547,18.048885345458984,1876000
2006-01-04,18.149999618530273,18.18000030517578,17.600000381469727,17.809999465942383,17.80889892578125,1474200
2006-01-05,17.969999313354492,18.559999465942383,17.8700008392334,18.469999313354492,18.46885871887207,2975400
2006-01-06,17.670000076293945,19.3799991607666,17.5,18.719999313354492,18.718843460083008,13755800
2006-01-09,18.719999313354492,18.959999084472656,18.469999313354492,18.8799991607666,18.878833770751953,2536700
2006-01-10,18.729999542236328,19.299999237060547,18.719999313354492,18.75,18.748842239379883,2485700
2006-01-11,18.639999389648438,19.350000381469727,18.440000534057617,19.219999313354492,19.218812942504883,3573600
2006-01-12,19.110000610351562,19.350000381469727,18.780000686645508,18.899999618530273,18.898832321166992,2016200
2006-01-13,18.989999771118164,19.040000915527344,18.239999771118164,18.40999984741211,18.408863067626953,1947300
2006-01-17,18.34000015258789,18.600000381469727,18.09000015258789,18.190000534057617,18.18887710571289,1162900
2006-01-18,17.979999542236328,18.68000030517578,17.899999618530273,18.420000076293945,18.41886329650879,2184100
2006-01-19,18.3799991607666,19.079999923706055,18.299999237060547,19.0,18.99882698059082,1799500
2006-01-20,19.0,19.049999237060547,18.479999542236328,18.540000915527344,18.538856506347656,1703900
2006-01-23,18.6299991607666,18.700000762939453,18.239999771118164,18.31999969482422,18.31886863708496,737600
2006-01-24,18.309999465942383,18.5,17.969999313354492,18.0,17.99888801574707,1221100
2006-01-25,18.0,18.079999923706055,17.709999084472656,17.760000228881836,17.75890350341797,2234200
2006-01-26,17.399999618530273,17.579999923706055,16.940000534057617,17.030000686645508,17.028949737548828,7358600
2006-01-27,16.200000762939453,16.25,13.640000343322754,14.6899995803833,14.689092636108398,21700800
2006-01-30,14.710000038146973,16.200000762939453,14.65999984741211,16.190000534057617,16.189001083374023,9308800
2006-01-31,16.0,16.25,15.800000190734863,15.859999656677246,15.859020233154297,3641200
2006-02-01,15.789999961853027,16.030000686645508,15.100000381469727,15.149999618530273,15.149064064025879,3612100
2006-02-02,15.279999732971191,16.989999771118164,15.229999542236328,16.290000915527344,16.28899574279785,4462700
2006-02-03,16.299999237060547,16.389999389648438,15.420000076293945,15.59000015258789,15.589037895202637,2082500
2006-02-06,16.780000686645508,17.34000015258789,15.90999984741211,16.229999542236328,16.2289981842041,3557000
2006-02-07,15.899999618530273,16.06999969482422,15.350000381469727,15.510000228881836,15.509042739868164,2237900
2006-02-08,15.550000190734863,15.710000038146973,14.75,15.079999923706055,15.079069137573242,1722400
2006-02-09,15.050000190734863,15.15999984741211,14.670000076293945,14.770000457763672,14.769088745117188,1899500
2006-02-10,14.699999809265137,15.020000457763672,14.050000190734863,14.949999809265137,14.949076652526855,4394500
2006-02-13,14.770000457763672,15.210000038146973,14.699999809265137,15.0600004196167,15.059070587158203,2010300
2006-02-14,15.130000114440918,15.180000305175781,14.720000267028809,15.079999923706055,15.079069137573242,1177000
2006-02-15,15.130000114440918,15.390000343322754,14.9399995803833,15.229999542236328,15.229059219360352,1244500
2006-02-16,15.229999542236328,15.75,15.050000190734863,15.699999809265137,15.699029922485352,1717500
2006-02-17,15.75,15.920000076293945,15.319999694824219,15.880000114440918,15.879019737243652,1976000
2006-02-21,15.979999542236328,15.989999771118164,15.380000114440918,15.5600004196167,15.559039115905762,1378000
2006-02-22,15.65999984741211,15.890000343322754,15.4399995803833,15.710000038146973,15.709030151367188,585600
2006-02-23,15.779999732971191,15.859999656677246,15.359999656677246,15.75,15.749027252197266,605300
2006-02-24,15.6899995803833,15.960000038146973,15.460000038146973,15.859999656677246,15.859020233154297,531700
2006-02-27,15.970000267028809,16.200000762939453,15.75,15.890000343322754,15.889019012451172,1055400
2006-02-28,15.930000305175781,16.059999465942383,15.40999984741211,15.579999923706055,15.5790376663208,1022100
2006-03-01,15.520000457763672,15.699999809265137,15.270000457763672,15.59000015258789,15.589037895202637,1540900
2006-03-02,15.5,15.880000114440918,15.399999618530273,15.59000015258789,15.589037895202637,1036400
2006-03-03,15.5600004196167,15.630000114440918,15.149999618530273,15.390000343322754,15.389049530029297,1716500
2006-03-06,15.5,15.600000381469727,14.989999771118164,15.130000114440918,15.12906551361084,726000
2006-03-07,15.15999984741211,15.180000305175781,14.65999984741211,14.850000381469727,14.849082946777344,1917200
2006-03-08,15.199999809265137,16.799999237060547,15.100000381469727,16.510000228881836,16.50897979736328,8393800
2006-03-09,16.5,16.56999969482422,16.0,16.100000381469727,16.09900665283203,1420800
2006-03-10,16.010000228881836,16.170000076293945,15.680000305175781,16.15999984741211,16.15900230407715,1280100
2006-03-13,16.15999984741211,16.31999969482422,15.899999618530273,16.229999542236328,16.2289981842041,1212200
2006-03-14,16.260000228881836,16.760000228881836,16.100000381469727,16.270000457763672,16.26899528503418,1337000
2006-03-15,16.540000915527344,16.989999771118164,16.270000457763672,16.690000534057617,16.6889705657959,1304500
2006-03-16,16.780000686645508,16.84000015258789,16.190000534057617,16.239999771118164,16.238996505737305,879300
2006-03-17,16.280000686645508,16.34000015258789,15.739999771118164,15.800000190734863,15.79902458190918,1006800
2006-03-20,15.800000190734863,15.9399995803833,15.40999984741211,15.890000343322754,15.889019012451172,1069700
2006-03-21,16.3799991607666,16.56999969482422,15.6899995803833,16.3799991607666,16.37898826599121,1421300
2006-03-22,16.459999084472656,16.459999084472656,15.9399995803833,16.25,16.24899673461914,1284400
2006-03-23,16.280000686645508,16.329999923706055,16.040000915527344,16.100000381469727,16.09900665283203,811000
2006-03-24,16.049999237060547,16.760000228881836,16.049999237060547,16.760000228881836,16.75896453857422,953800
2006-03-27,16.8700008392334,18.68000030517578,16.75,18.0,17.99888801574707,5245500
2006-03-28,18.059999465942383,18.149999618530273,17.75,18.049999237060547,18.048885345458984,1738800
2006-03-29,18.010000228881836,18.100000381469727,17.479999542236328,17.709999084472656,17.708906173706055,1235600
2006-03-30,17.829999923706055,19.0,17.760000228881836,18.75,18.748842239379883,2170200
2006-03-31,18.75,18.809999465942383,18.549999237060547,18.65999984741211,18.65884780883789,772900
2006-04-03,18.700000762939453,18.75,17.399999618530273,17.399999618530273,17.39892578125,2096200
2006-04-04,17.420000076293945,18.049999237060547,17.40999984741211,18.0,17.99888801574707,937000
2006-04-05,17.920000076293945,18.270000457763672,17.530000686645508,18.09000015258789,18.088882446289062,741100
2006-04-06,18.0,18.229999542236328,17.639999389648438,17.700000762939453,17.69890785217285,708700
2006-04-07,17.700000762939453,18.049999237060547,17.5,17.760000228881836,17.75890350341797,675400
2006-04-10,17.700000762939453,18.920000076293945,17.6200008392334,18.56999969482422,18.5688533782959,2362400
2006-04-11,18.969999313354492,19.399999618530273,18.860000610351562,19.0,18.99882698059082,3213000
2006-04-12,19.0,19.200000762939453,18.579999923706055,18.8700008392334,18.86883544921875,1290900
2006-04-13,18.799999237060547,19.010000228881836,18.59000015258789,18.799999237060547,18.798837661743164,698600
2006-04-17,18.6200008392334,18.6200008392334,17.850000381469727,17.93000030517578,17.92889404296875,1276100
2006-04-18,17.5,18.260000228881836,17.3799991607666,18.059999465942383,18.058883666992188,2404400
2006-04-19,17.989999771118164,17.989999771118164,16.959999084472656,17.579999923706055,17.578914642333984,2509500
2006-04-20,17.649999618530273,17.65999984741211,17.31999969482422,17.450000762939453,17.448923110961914,845200
2006-04-21,17.459999084472656,17.65999984741211,17.239999771118164,17.290000915527344,17.28893280029297,901300
2006-04-24,17.25,17.350000381469727,16.68000030517578,16.760000228881836,16.75896453857422,1334400
2006-04-25,16.760000228881836,17.09000015258789,16.739999771118164,16.899999618530273,16.898956298828125,629200
2006-04-26,16.950000762939453,17.8799991607666,16.760000228881836,17.600000381469727,17.598913192749023,966800
2006-04-27,17.600000381469727,17.75,17.15999984741211,17.43000030517578,17.428924560546875,618700
2006-04-28,17.5,17.530000686645508,16.969999313354492,17.049999237060547,17.048946380615234,818000
2006-05-01,17.030000686645508,17.360000610351562,17.010000228881836,17.15999984741211,17.158939361572266,712900
2006-05-02,17.219999313354492,17.299999237060547,16.649999618530273,16.670000076293945,16.668970108032227,1108500
2006-05-03,16.719999313354492,16.93000030517578,16.290000915527344,16.309999465942383,16.308992385864258,805900
2006-05-04,16.100000381469727,16.450000762939453,15.949999809265137,16.020000457763672,16.019010543823242,1320300
2006-05-05,16.049999237060547,16.719999313354492,15.9399995803833,16.6200008392334,16.618974685668945,1375600
2006-05-08,16.600000381469727,16.75,16.100000381469727,16.139999389648438,16.139001846313477,775700
2006-05-09,16.200000762939453,16.399999618530273,16.18000030517578,16.190000534057617,16.189001083374023,996300
2006-05-10,16.43000030517578,16.469999313354492,16.190000534057617,16.360000610351562,16.358989715576172,1410300
2006-05-11,16.299999237060547,16.299999237060547,15.130000114440918,15.369999885559082,15.369050979614258,2384900
2006-05-12,15.279999732971191,15.579999923706055,15.0,15.430000305175781,15.429047584533691,2051400
2006-05-15,15.359999656677246,15.420000076293945,14.979999542236328,15.100000381469727,15.099067687988281,2782700
2006-05-16,15.170000076293945,15.300000190734863,14.989999771118164,15.020000457763672,15.019072532653809,879100
2006-05-17,15.0,15.039999961853027,14.789999961853027,14.890000343322754,14.889081001281738,1154300
2006-05-18,14.84000015258789,15.220000267028809,14.829999923706055,14.920000076293945,14.919078826904297,901000
2006-05-19,14.920000076293945,15.220000267028809,14.760000228881836,15.010000228881836,15.009073257446289,1174700
2006-05-22,15.600000381469727,15.670000076293945,14.779999732971191,15.020000457763672,15.019072532653809,1940100
2006-05-23,15.15999984741211,15.300000190734863,14.960000038146973,15.0,14.99907398223877,597000
2006-05-24,15.130000114440918,15.420000076293945,14.949999809265137,15.319999694824219,15.319053649902344,1325400
2006-05-25,15.449999809265137,15.6899995803833,15.359999656677246,15.670000076293945,15.669032096862793,1857000
2006-05-26,15.619999885559082,15.680000305175781,15.220000267028809,15.550000190734863,15.549039840698242,987900
2006-05-30,15.5,15.609999656677246,15.460000038146973,15.479999542236328,15.479043960571289,684400
2006-05-31,15.5600004196167,16.709999084472656,15.539999961853027,16.290000915527344,16.28899574279785,2071900
2006-06-01,16.3799991607666,16.780000686645508,16.290000915527344,16.59000015258789,16.58897590637207,2208600
2006-06-02,16.56999969482422,16.899999618530273,16.5,16.860000610351562,16.858959197998047,1061700
2006-06-05,16.799999237060547,16.799999237060547,15.989999771118164,16.06999969482422,16.069007873535156,1446100
2006-06-06,16.149999618530273,16.979999542236328,15.979999542236328,16.649999618530273,16.648971557617188,2168700
2006-06-07,16.760000228881836,16.90999984741211,16.200000762939453,16.520000457763672,16.518980026245117,1474400
2006-06-08,16.5,16.920000076293945,16.25,16.770000457763672,16.768964767456055,2256500
2006-06-09,14.15999984741211,14.899999618530273,13.739999771118164,13.829999923706055,13.829146385192871,13442400
2006-06-12,13.8100004196167,13.949999809265137,12.699999809265137,13.109999656677246,13.109189987182617,4475600
2006-06-13,13.100000381469727,13.430000305175781,12.770000457763672,12.920000076293945,12.919201850891113,2466000
2006-06-14,12.90999984741211,13.100000381469727,12.850000381469727,12.920000076293945,12.919201850891113,1054900
2006-06-15,13.0,13.539999961853027,12.989999771118164,13.460000038146973,13.459168434143066,1472900
2006-06-16,13.4399995803833,13.59000015258789,12.989999771118164,13.100000381469727,13.099191665649414,1689200
2006-06-19,13.010000228881836,13.119999885559082,12.760000228881836,13.029999732971191,13.029194831848145,1402700
2006-06-20,13.239999771118164,13.449999809265137,13.100000381469727,13.15999984741211,13.159187316894531,1799100
2006-06-21,13.149999618530273,13.470000267028809,13.0600004196167,13.079999923706055,13.079192161560059,1268500
2006-06-22,13.010000228881836,13.170000076293945,12.90999984741211,13.050000190734863,13.0491943359375,621000
2006-06-23,13.100000381469727,13.1899995803833,12.899999618530273,13.039999961853027,13.03919506072998,346500
2006-06-26,13.039999961853027,13.40999984741211,12.710000038146973,12.869999885559082,12.869205474853516,2312300
2006-06-27,9.949999809265137,11.029999732971191,9.850000381469727,10.850000381469727,10.849329948425293,24056200
2006-06-28,10.800000190734863,10.869999885559082,10.34000015258789,10.710000038146973,10.709339141845703,2465200
2006-06-29,10.670000076293945,10.979999542236328,10.5,10.979999542236328,10.979321479797363,1851600
2006-06-30,11.050000190734863,11.1899995803833,10.65999984741211,10.819999694824219,10.819331169128418,7978300
2006-07-03,10.869999885559082,11.180000305175781,10.569999694824219,10.600000381469727,10.599346160888672,2063300
2006-07-05,10.5600004196167,10.65999984741211,10.350000381469727,10.430000305175781,10.429356575012207,2173600
2006-07-06,10.470000267028809,10.569999694824219,10.149999618530273,10.220000267028809,10.219368934631348,1510800
2006-07-07,10.210000038146973,10.380000114440918,9.989999771118164,10.100000381469727,10.099376678466797,1790300
2006-07-10,9.949999809265137,10.180000305175781,9.079999923706055,9.34000015258789,9.339423179626465,4660900
2006-07-11,9.260000228881836,9.8100004196167,9.0600004196167,9.800000190734863,9.799394607543945,2379500
2006-07-12,9.720000267028809,9.970000267028809,9.65999984741211,9.739999771118164,9.739398002624512,1215000
2006-07-13,9.65999984741211,10.1899995803833,9.649999618530273,9.84000015258789,9.83939266204834,3012000
2006-07-14,10.039999961853027,10.34000015258789,9.770000457763672,10.199999809265137,10.199370384216309,2470800
2006-07-17,10.149999618530273,10.5,10.029999732971191,10.180000305175781,10.17937183380127,755400
2006-07-18,10.279999732971191,10.319999694824219,10.079999923706055,10.180000305175781,10.17937183380127,1006000
2006-07-19,10.199999809265137,10.699999809265137,10.1899995803833,10.529999732971191,10.529349327087402,1150300
2006-07-20,10.609999656677246,10.789999961853027,10.34000015258789,10.489999771118164,10.489352226257324,1149100
2006-07-21,10.430000305175781,11.5,10.020000457763672,10.329999923706055,10.329361915588379,2615400
2006-07-24,10.420000076293945,10.670000076293945,10.180000305175781,10.420000076293945,10.419356346130371,990900
2006-07-25,10.380000114440918,10.630000114440918,10.15999984741211,10.489999771118164,10.489352226257324,1301400
2006-07-26,10.40999984741211,11.149999618530273,10.399999618530273,10.930000305175781,10.929325103759766,1643400
2006-07-27,10.9399995803833,11.210000038146973,10.600000381469727,10.739999771118164,10.739336967468262,670800
2006-07-28,10.75,10.970000267028809,10.550000190734863,10.65999984741211,10.659341812133789,859300
2006-07-31,10.649999618530273,10.770000457763672,10.5,10.680000305175781,10.679340362548828,885500
2006-08-01,10.710000038146973,10.739999771118164,10.34000015258789,10.420000076293945,10.419356346130371,1458600
2006-08-02,10.5,11.130000114440918,10.489999771118164,10.770000457763672,10.769335746765137,1672900
2006-08-03,10.65999984741211,10.899999618530273,10.5,10.770000457763672,10.769335746765137,617800
2006-08-04,10.920000076293945,11.220000267028809,10.5,10.609999656677246,10.609344482421875,1041300
2006-08-07,10.569999694824219,10.6899995803833,10.489999771118164,10.5600004196167,10.559348106384277,460000
2006-08-08,10.550000190734863,10.720000267028809,10.40999984741211,10.5,10.499351501464844,665300
2006-08-09,10.65999984741211,11.079999923706055,10.470000267028809,10.510000228881836,10.509350776672363,1272500
2006-08-10,10.479999542236328,10.710000038146973,10.420000076293945,10.640000343322754,10.63934326171875,1074500
2006-08-11,10.59000015258789,10.720000267028809,10.5,10.619999885559082,10.619343757629395,804900
2006-08-14,10.739999771118164,11.449999809265137,10.6899995803833,11.300000190734863,11.299302101135254,2267100
2006-08-15,11.489999771118164,11.680000305175781,11.1899995803833,11.5600004196167,11.559286117553711,1183700
2006-08-16,11.6899995803833,12.850000381469727,11.579999923706055,12.5600004196167,12.559225082397461,2536400
2006-08-17,12.5600004196167,12.84000015258789,12.300000190734863,12.800000190734863,12.799209594726562,1302600
2006-08-18,12.739999771118164,12.84000015258789,12.399999618530273,12.670000076293945,12.669218063354492,867000
2006-08-21,12.680000305175781,13.0,12.34000015258789,12.6899995803833,12.689215660095215,1651000
2006-08-22,12.649999618530273,12.8100004196167,12.520000457763672,12.569999694824219,12.569223403930664,913400
2006-08-23,12.600000381469727,12.890000343322754,12.489999771118164,12.670000076293945,12.669218063354492,1039800
2006-08-24,12.670000076293945,12.680000305175781,11.90999984741211,12.100000381469727,12.09925365447998,1483900
2006-08-25,12.050000190734863,12.329999923706055,11.899999618530273,11.989999771118164,11.989259719848633,755000
2006-08-28,12.149999618530273,12.260000228881836,11.699999809265137,12.119999885559082,12.119251251220703,1227100
2006-08-29,12.15999984741211,12.210000038146973,11.979999542236328,12.180000305175781,12.179247856140137,814400
2006-08-30,12.289999961853027,12.329999923706055,11.899999618530273,12.09000015258789,12.089253425598145,882900
2006-08-31,12.100000381469727,12.430000305175781,11.970000267028809,12.199999809265137,12.199246406555176,1530600
2006-09-01,11.0,11.5600004196167,10.880000114440918,11.3100004196167,11.30930233001709,6227900
2006-09-05,11.260000228881836,11.649999618530273,11.050000190734863,11.59000015258789,11.589284896850586,1590700
2006-09-06,11.420000076293945,11.680000305175781,11.300000190734863,11.539999961853027,11.539287567138672,1273000
2006-09-07,11.399999618530273,11.869999885559082,11.399999618530273,11.619999885559082,11.619282722473145,986800
2006-09-08,11.770000457763672,11.989999771118164,11.550000190734863,11.850000381469727,11.849268913269043,837100
2006-09-11,11.829999923706055,13.3100004196167,11.699999809265137,13.25,13.249181747436523,3176800
2006-09-12,13.220000267028809,13.6899995803833,12.930000305175781,13.619999885559082,13.619158744812012,2635000
2006-09-13,13.579999923706055,14.300000190734863,13.579999923706055,14.1899995803833,14.189123153686523,2651500
2006-09-14,14.149999618530273,14.539999961853027,13.890000343322754,14.4399995803833,14.439107894897461,1253600
2006-09-15,14.579999923706055,14.920000076293945,13.800000190734863,13.890000343322754,13.889142990112305,1823200
2006-09-18,13.920000076293945,14.15999984741211,13.550000190734863,14.010000228881836,14.009135246276855,2245800
2006-09-19,14.09000015258789,14.59000015258789,13.829999923706055,14.520000457763672,14.51910400390625,1556600
2006-09-20,14.609999656677246,15.149999618530273,14.539999961853027,15.010000228881836,15.009073257446289,1590100
2006-09-21,15.020000457763672,15.079999923706055,14.350000381469727,14.479999542236328,14.479104995727539,847400
2006-09-22,14.300000190734863,14.34000015258789,13.880000114440918,14.069999694824219,14.069130897521973,1062500
2006-09-25,14.0,14.40999984741211,13.890000343322754,14.3100004196167,14.30911636352539,604800
2006-09-26,14.239999771118164,14.479999542236328,14.130000114440918,14.430000305175781,14.429109573364258,745300
2006-09-27,14.350000381469727,14.640000343322754,14.25,14.40999984741211,14.409110069274902,658000
2006-09-28,14.40999984741211,14.739999771118164,14.229999542236328,14.420000076293945,14.419109344482422,828400
2006-09-29,14.510000228881836,14.510000228881836,14.170000076293945,14.260000228881836,14.259119987487793,872000
2006-10-02,14.199999809265137,14.449999809265137,13.819999694824219,13.850000381469727,13.84914493560791,877500
2006-10-03,13.899999618530273,14.199999809265137,13.550000190734863,14.020000457763672,14.019134521484375,1274300
2006-10-04,14.100000381469727,14.680000305175781,14.010000228881836,14.40999984741211,14.409110069274902,1549700
2006-10-05,14.479999542236328,14.899999618530273,14.359999656677246,14.600000381469727,14.599099159240723,968600
2006-10-06,14.5,14.720000267028809,14.369999885559082,14.619999885559082,14.619096755981445,599900
2006-10-09,14.529999732971191,14.600000381469727,14.210000038146973,14.479999542236328,14.479104995727539,506000
2006-10-10,14.5,14.6899995803833,14.270000457763672,14.569999694824219,14.569100379943848,458800
2006-10-11,14.5,15.0600004196167,14.430000305175781,14.9399995803833,14.939077377319336,1616800
2006-10-12,15.069999694824219,15.569999694824219,14.9399995803833,15.390000343322754,15.389049530029297,2022300
2006-10-13,15.699999809265137,15.979999542236328,15.420000076293945,15.869999885559082,15.869019508361816,2363200
2006-10-16,15.829999923706055,15.970000267028809,15.279999732971191,15.6899995803833,15.689030647277832,1345700
2006-10-17,15.479999542236328,15.569999694824219,14.720000267028809,15.09000015258789,15.089068412780762,1974600
2006-10-18,16.0,16.25,15.25,15.329999923706055,15.329052925109863,2270300
2006-10-19,15.279999732971191,15.529999732971191,15.050000190734863,15.369999885559082,15.369050979614258,955600
2006-10-20,15.4399995803833,15.4399995803833,14.949999809265137,14.960000038146973,14.959075927734375,1436600
2006-10-23,14.979999542236328,15.09000015258789,14.420000076293945,14.75,14.749089241027832,2111100
2006-10-24,14.75,14.779999732971191,14.449999809265137,14.569999694824219,14.569100379943848,1258800
2006-10-25,14.609999656677246,14.75,14.40999984741211,14.539999961853027,14.539102554321289,1058300
2006-10-26,14.680000305175781,14.850000381469727,14.430000305175781,14.619999885559082,14.619096755981445,1334500
2006-10-27,14.619999885559082,14.619999885559082,13.65999984741211,14.020000457763672,14.019134521484375,2733400
2006-10-30,13.970000267028809,14.670000076293945,13.800000190734863,14.529999732971191,14.529102325439453,2307000
2006-10-31,14.609999656677246,14.779999732971191,13.34000015258789,13.989999771118164,13.9891357421875,2324800
2006-11-01,14.050000190734863,14.539999961853027,13.960000038146973,14.329999923706055,14.32911491394043,1609700
2006-11-02,14.229999542236328,14.359999656677246,13.960000038146973,14.0600004196167,14.05913257598877,1408200
2006-11-03,14.430000305175781,14.739999771118164,14.260000228881836,14.65999984741211,14.65909481048584,3559800
2006-11-06,14.75,14.75,14.239999771118164,14.5600004196167,14.559101104736328,1026200
2006-11-07,14.600000381469727,14.970000267028809,14.569999694824219,14.9399995803833,14.939077377319336,1797100
2006-11-08,14.970000267028809,15.350000381469727,14.789999961853027,15.180000305175781,15.179062843322754,1480000
2006-11-09,15.199999809265137,15.5,15.09000015258789,15.430000305175781,15.429047584533691,1851200
2006-11-10,15.34000015258789,15.880000114440918,15.3100004196167,15.789999961853027,15.78902530670166,1478000
2006-11-13,15.779999732971191,17.65999984741211,15.710000038146973,17.170000076293945,17.1689395904541,4140400
2006-11-14,17.0,17.90999984741211,16.65999984741211,17.600000381469727,17.598913192749023,3262700
2006-11-15,17.440000534057617,18.229999542236328,17.34000015258789,18.170000076293945,18.16887855529785,2179500
2006-11-16,17.889999389648438,18.139999389648438,17.3700008392334,17.6200008392334,17.618913650512695,1959200
2006-11-17,17.510000228881836,17.950000762939453,17.399999618530273,17.649999618530273,17.648910522460938,990200
2006-11-20,17.520000457763672,17.709999084472656,17.3799991607666,17.559999465942383,17.558914184570312,1491700
2006-11-21,17.450000762939453,17.610000610351562,17.299999237060547,17.3799991607666,17.378925323486328,924300
2006-11-22,17.489999771118164,17.739999771118164,17.350000381469727,17.540000915527344,17.538917541503906,876400
2006-11-24,17.520000457763672,17.739999771118164,17.360000610351562,17.65999984741211,17.65890884399414,236200
2006-11-27,17.559999465942383,17.65999984741211,16.6200008392334,16.649999618530273,16.648971557617188,1559500
2006-11-28,16.6200008392334,16.729999542236328,16.290000915527344,16.600000381469727,16.598976135253906,1132100
2006-11-29,16.75,17.530000686645508,16.639999389648438,17.3799991607666,17.378925323486328,1445500
2006-11-30,17.760000228881836,17.760000228881836,16.989999771118164,17.350000381469727,17.348928451538086,1559400
2006-12-01,17.43000030517578,17.979999542236328,16.709999084472656,17.829999923706055,17.828899383544922,2004800
2006-12-04,17.940000534057617,20.299999237060547,17.739999771118164,19.200000762939453,19.198814392089844,7149300
2006-12-05,19.200000762939453,19.25,18.889999389648438,19.0,18.99882698059082,2600900
2006-12-06,19.0,19.1299991607666,18.6299991607666,19.010000228881836,19.008827209472656,1955600
2006-12-07,19.059999465942383,19.829999923706055,18.860000610351562,19.540000915527344,19.538793563842773,2128900
2006-12-08,19.3799991607666,20.31999969482422,19.049999237060547,20.100000381469727,20.098758697509766,2797000
2006-12-11,20.100000381469727,20.18000030517578,19.440000534057617,19.65999984741211,19.65878677368164,1313800
2006-12-12,19.709999084472656,19.889999389648438,19.34000015258789,19.75,19.748781204223633,1051700
2006-12-13,19.790000915527344,19.899999618530273,19.149999618530273,19.329999923706055,19.328805923461914,1428900
2006-12-14,19.350000381469727,20.329999923706055,19.299999237060547,20.329999923706055,20.328744888305664,2027000
2006-12-15,20.329999923706055,20.56999969482422,19.989999771118164,20.040000915527344,20.03876304626465,1747300
2006-12-18,19.989999771118164,20.450000762939453,19.65999984741211,19.700000762939453,19.69878387451172,2009900
2006-12-19,19.670000076293945,19.979999542236328,19.479999542236328,19.600000381469727,19.59878921508789,1283500
2006-12-20,19.729999542236328,19.969999313354492,19.670000076293945,19.780000686645508,19.778779983520508,974600
2006-12-21,19.760000228881836,19.829999923706055,19.010000228881836,19.020000457763672,19.01882553100586,2605600
2006-12-22,19.0,19.09000015258789,18.40999984741211,18.469999313354492,18.46885871887207,4214500
2006-12-26,18.520000457763672,18.799999237060547,18.459999084472656,18.56999969482422,18.5688533782959,990200
2006-12-27,18.579999923706055,18.59000015258789,17.709999084472656,18.149999618530273,18.14887809753418,2480800
2006-12-28,18.139999389648438,18.290000915527344,18.020000457763672,18.1299991607666,18.12887954711914,1530100
2006-12-29,18.15999984741211,18.360000610351562,17.729999542236328,17.760000228881836,17.75890350341797,1880700
2007-01-03,17.920000076293945,18.280000686645508,17.3700008392334,17.65999984741211,17.65890884399414,2598200
2007-01-04,17.56999969482422,17.709999084472656,17.329999923706055,17.65999984741211,17.65890884399414,2400000
2007-01-05,17.600000381469727,17.690000534057617,16.610000610351562,16.829999923706055,16.828960418701172,4189900
2007-01-08,16.75,16.790000915527344,15.9399995803833,15.989999771118164,15.989012718200684,2820000
2007-01-09,16.049999237060547,16.59000015258789,16.030000686645508,16.399999618530273,16.39898681640625,2424400
2007-01-10,16.229999542236328,16.989999771118164,16.229999542236328,16.770000457763672,16.768964767456055,3129500
2007-01-11,16.90999984741211,17.290000915527344,16.8700008392334,16.950000762939453,16.94895362854004,2415300
2007-01-12,17.15999984741211,17.420000076293945,17.049999237060547,17.309999465942383,17.308931350708008,2978400
2007-01-16,17.299999237060547,17.709999084472656,17.260000228881836,17.670000076293945,17.668909072875977,2330400
2007-01-17,17.610000610351562,17.8700008392334,17.459999084472656,17.610000610351562,17.60891342163086,2118200
2007-01-18,17.5,17.709999084472656,17.049999237060547,17.34000015258789,17.338930130004883,2541700
2007-01-19,17.290000915527344,17.75,17.260000228881836,17.489999771118164,17.488920211791992,2017300
2007-01-22,17.5,17.729999542236328,16.75,17.540000915527344,17.538917541503906,2131300
2007-01-23,17.899999618530273,18.290000915527344,17.75,18.15999984741211,18.158878326416016,2223700
2007-01-24,18.149999618530273,18.479999542236328,18.020000457763672,18.059999465942383,18.058883666992188,1065600
2007-01-25,18.200000762939453,18.200000762939453,17.190000534057617,17.239999771118164,17.238935470581055,1140900
2007-01-26,17.260000228881836,17.299999237060547,16.639999389648438,16.940000534057617,16.938955307006836,1816300
2007-01-29,16.93000030517578,16.940000534057617,16.65999984741211,16.770000457763672,16.768964767456055,1501100
2007-01-30,16.850000381469727,17.3799991607666,16.780000686645508,17.100000381469727,17.09894371032715,1455500
2007-01-31,17.010000228881836,17.540000915527344,16.8700008392334,17.3799991607666,17.378925323486328,1959100
2007-02-01,17.420000076293945,17.799999237060547,17.18000030517578,17.579999923706055,17.578914642333984,1810300
2007-02-02,17.729999542236328,18.399999618530273,17.450000762939453,18.31999969482422,18.31886863708496,2811100
2007-02-05,18.31999969482422,18.420000076293945,17.809999465942383,17.899999618530273,17.898893356323242,1231200
2007-02-06,17.0,17.280000686645508,16.489999771118164,17.200000762939453,17.198938369750977,4191300
2007-02-07,17.139999389648438,18.049999237060547,17.06999969482422,17.989999771118164,17.988889694213867,2836500
2007-02-08,17.93000030517578,18.579999923706055,17.899999618530273,18.260000228881836,18.258872985839844,2284000
2007-02-09,18.270000457763672,19.389999389648438,18.06999969482422,19.18000030517578,19.178815841674805,2454700
2007-02-12,19.229999542236328,19.729999542236328,18.75,19.649999618530273,19.648786544799805,2266100
2007-02-13,19.65999984741211,19.75,19.09000015258789,19.360000610351562,19.35880470275879,1385400
2007-02-14,19.5,21.059999465942383,19.209999084472656,20.969999313354492,20.968704223632812,3745100
2007-02-15,20.31999969482422,21.0,19.739999771118164,20.270000457763672,20.268749237060547,3381300
2007-02-16,19.6200008392334,20.219999313354492,19.549999237060547,20.219999313354492,20.21875,4228600
2007-02-20,20.260000228881836,20.260000228881836,19.700000762939453,20.1299991607666,20.128755569458008,1721600
2007-02-21,20.010000228881836,20.100000381469727,19.739999771118164,19.81999969482422,19.818775177001953,1663400
2007-02-22,19.799999237060547,20.040000915527344,19.559999465942383,19.829999923706055,19.82877540588379,2432900
2007-02-23,19.75,20.350000381469727,19.540000915527344,19.790000915527344,19.78877830505371,2205300
2007-02-26,19.940000534057617,19.969999313354492,19.15999984741211,19.239999771118164,19.238811492919922,2213400
2007-02-27,18.760000228881836,19.09000015258789,17.979999542236328,18.25,18.248872756958008,2006000
2007-02-28,18.299999237060547,18.299999237060547,17.649999618530273,17.799999237060547,17.798900604248047,2011900
2007-03-01,15.779999732971191,17.200000762939453,15.600000381469727,17.059999465942383,17.05894660949707,5917400
2007-03-02,17.0,17.299999237060547,16.610000610351562,17.09000015258789,17.088945388793945,2271200
2007-03-05,17.0,17.709999084472656,16.899999618530273,17.479999542236328,17.478919982910156,2316400
2007-03-06,17.700000762939453,18.1200008392334,17.309999465942383,17.610000610351562,17.60891342163086,1593300
2007-03-07,19.75,20.8799991607666,18.950000762939453,18.950000762939453,18.948829650878906,19967600
2007-03-08,19.280000686645508,19.75,19.229999542236328,19.459999084472656,19.458797454833984,3082200
2007-03-09,19.399999618530273,20.450000762939453,19.25,20.270000457763672,20.268749237060547,2721100
2007-03-12,20.0,20.690000534057617,19.559999465942383,20.06999969482422,20.06875991821289,1786600
2007-03-13,20.020000457763672,20.649999618530273,20.020000457763672,20.450000762939453,20.44873809814453,2520500
2007-03-14,20.360000610351562,21.18000030517578,20.049999237060547,20.600000381469727,20.59872817993164,3581000
2007-03-15,20.670000076293945,20.899999618530273,20.280000686645508,20.649999618530273,20.648723602294922,1093300
2007-03-16,21.15999984741211,21.15999984741211,20.5,20.850000381469727,20.848712921142578,2671000
2007-03-19,21.899999618530273,22.670000076293945,21.610000610351562,22.610000610351562,22.608604431152344,3569100
2007-03-20,22.229999542236328,24.799999237060547,21.780000686645508,23.790000915527344,23.788532257080078,3243800
2007-03-21,23.700000762939453,24.31999969482422,22.90999984741211,23.239999771118164,23.23856544494629,3787300
2007-03-22,23.360000610351562,23.5,22.920000076293945,23.350000381469727,23.34855842590332,2275800
2007-03-23,23.59000015258789,23.700000762939453,22.75,23.049999237060547,23.04857635498047,2448800
2007-03-26,22.5,22.670000076293945,22.139999389648438,22.260000228881836,22.258625030517578,1447800
2007-03-27,22.200000762939453,22.200000762939453,20.799999237060547,21.079999923706055,21.078699111938477,2691700
2007-03-28,20.889999389648438,21.43000030517578,20.760000228881836,20.860000610351562,20.858713150024414,1414400
2007-03-29,21.0,21.18000030517578,20.860000610351562,21.100000381469727,21.098697662353516,1415800
2007-03-30,21.5,21.700000762939453,20.139999389648438,20.139999389648438,20.138755798339844,3055200
2007-04-02,20.170000076293945,20.729999542236328,20.139999389648438,20.559999465942383,20.55872917175293,2065000
2007-04-03,20.65999984741211,21.309999465942383,20.610000610351562,21.239999771118164,21.23868751525879,2666400
2007-04-04,21.139999389648438,21.809999465942383,20.920000076293945,21.43000030517578,21.42867660522461,2411300
2007-04-05,21.110000610351562,21.649999618530273,21.100000381469727,21.25,21.248687744140625,1689400
2007-04-09,21.260000228881836,21.5,20.649999618530273,20.760000228881836,20.758718490600586,1212300
2007-04-10,20.989999771118164,21.280000686645508,20.329999923706055,20.3799991607666,20.378740310668945,1599800
2007-04-11,20.299999237060547,21.049999237060547,20.100000381469727,20.8700008392334,20.868711471557617,2762700
2007-04-12,21.0,21.280000686645508,20.479999542236328,20.860000610351562,20.858713150024414,3490100
2007-04-13,20.90999984741211,21.200000762939453,20.6200008392334,20.75,20.74871826171875,1587100
2007-04-16,20.90999984741211,20.989999771118164,20.579999923706055,20.799999237060547,20.798715591430664,1333000
2007-04-17,20.56999969482422,20.8700008392334,20.469999313354492,20.709999084472656,20.708721160888672,641000
2007-04-18,20.65999984741211,20.850000381469727,20.280000686645508,20.299999237060547,20.29874610900879,842600
2007-04-19,20.219999313354492,20.59000015258789,20.049999237060547,20.149999618530273,20.14875602722168,791500
2007-04-20,20.56999969482422,20.56999969482422,20.010000228881836,20.020000457763672,20.01876449584961,1329500
2007-04-23,20.040000915527344,20.1200008392334,19.600000381469727,19.860000610351562,19.858774185180664,869200
2007-04-24,19.899999618530273,19.969999313354492,19.649999618530273,19.709999084472656,19.708782196044922,1666600
2007-04-25,19.93000030517578,20.1299991607666,19.690000534057617,19.81999969482422,19.818775177001953,1137200
2007-04-26,19.790000915527344,20.079999923706055,19.510000228881836,19.809999465942383,19.80877685546875,818300
2007-04-27,19.68000030517578,19.81999969482422,19.31999969482422,19.559999465942383,19.558792114257812,916900
2007-04-30,19.549999237060547,19.6200008392334,18.850000381469727,19.170000076293945,19.16881561279297,1055900
2007-05-01,19.200000762939453,19.56999969482422,19.100000381469727,19.489999771118164,19.48879623413086,1440900
2007-05-02,19.43000030517578,20.5,19.200000762939453,20.3700008392334,20.368743896484375,1974500
2007-05-03,20.290000915527344,20.65999984741211,20.030000686645508,20.280000686645508,20.27874755859375,1953100
2007-05-04,20.3700008392334,20.579999923706055,20.139999389648438,20.3799991607666,20.378740310668945,996200
2007-05-07,20.549999237060547,20.6299991607666,19.889999389648438,19.969999313354492,19.968765258789062,795200
2007-05-08,19.90999984741211,20.170000076293945,19.600000381469727,19.959999084472656,19.95876693725586,995800
2007-05-09,19.889999389648438,19.959999084472656,19.40999984741211,19.579999923706055,19.57879066467285,1134600
2007-05-10,19.459999084472656,19.639999389648438,19.139999389648438,19.25,19.248811721801758,754700
2007-05-11,19.540000915527344,19.979999542236328,19.270000457763672,19.649999618530273,19.648786544799805,1001500
2007-05-14,19.610000610351562,19.670000076293945,18.8799991607666,19.229999542236328,19.228811264038086,1873600
2007-05-15,19.25,19.59000015258789,19.0,19.1200008392334,19.118820190429688,1079900
2007-05-16,19.110000610351562,19.3799991607666,18.600000381469727,19.079999923706055,19.078821182250977,1480200
2007-05-17,18.989999771118164,19.729999542236328,18.729999542236328,18.850000381469727,18.84883689880371,695700
2007-05-18,18.75,18.860000610351562,18.510000228881836,18.530000686645508,18.52885627746582,1400100
2007-05-21,18.389999389648438,19.0,18.299999237060547,18.649999618530273,18.648847579956055,1343900
2007-05-22,18.68000030517578,19.260000228881836,18.520000457763672,19.18000030517578,19.178815841674805,1173800
2007-05-23,19.170000076293945,19.3700008392334,18.790000915527344,18.989999771118164,18.988826751708984,1184200
2007-05-24,19.0,19.1200008392334,18.309999465942383,18.600000381469727,18.598852157592773,1708100
2007-05-25,18.600000381469727,18.899999618530273,18.440000534057617,18.81999969482422,18.818838119506836,914200
2007-05-29,19.170000076293945,19.610000610351562,18.8799991607666,19.350000381469727,19.348806381225586,1549600
2007-05-30,19.1200008392334,19.25,18.739999771118164,19.110000610351562,19.10881996154785,835600
2007-05-31,19.110000610351562,20.729999542236328,19.110000610351562,20.59000015258789,20.588727951049805,2381000
2007-06-01,20.719999313354492,21.5,20.209999084472656,20.84000015258789,20.838712692260742,2087000
2007-06-04,20.809999465942383,20.899999618530273,19.600000381469727,19.8799991607666,19.87877082824707,1610500
2007-06-05,19.81999969482422,20.149999618530273,19.280000686645508,19.31999969482422,19.31880760192871,2446300
2007-06-06,19.389999389648438,19.469999313354492,18.989999771118164,19.25,19.248811721801758,1506800
2007-06-07,19.1200008392334,19.190000534057617,18.459999084472656,18.56999969482422,18.5688533782959,1157600
2007-06-08,18.56999969482422,18.8799991607666,18.25,18.649999618530273,18.648847579956055,1518700
2007-06-11,18.559999465942383,19.1200008392334,18.0,18.940000534057617,18.938831329345703,2459000
2007-06-12,20.0,20.229999542236328,19.299999237060547,19.329999923706055,19.328805923461914,5823800
2007-06-13,19.34000015258789,20.1299991607666,19.229999542236328,19.670000076293945,19.668785095214844,1838800
2007-06-14,19.75,20.989999771118164,19.610000610351562,20.979999542236328,20.97870445251465,2783300
2007-06-15,21.420000076293945,21.420000076293945,20.270000457763672,20.65999984741211,20.658723831176758,1856600
2007-06-18,20.729999542236328,20.809999465942383,20.420000076293945,20.510000228881836,20.50873374938965,903100
2007-06-19,20.549999237060547,20.84000015258789,20.3700008392334,20.739999771118164,20.738719940185547,791600
2007-06-20,20.81999969482422,20.899999618530273,20.510000228881836,20.649999618530273,20.648723602294922,1523900
2007-06-21,20.5,20.739999771118164,20.31999969482422,20.610000610351562,20.608728408813477,1303900
2007-06-22,20.489999771118164,21.079999923706055,20.43000030517578,20.81999969482422,20.818714141845703,2357500
2007-06-25,20.8799991607666,21.700000762939453,20.520000457763672,20.649999618530273,20.648723602294922,1554000
2007-06-26,20.729999542236328,20.84000015258789,20.299999237060547,20.399999618530273,20.398740768432617,1104000
2007-06-27,20.299999237060547,20.65999984741211,20.190000534057617,20.420000076293945,20.418739318847656,854100
2007-06-28,20.459999084472656,20.479999542236328,20.0,20.09000015258789,20.088760375976562,893500
2007-06-29,20.1200008392334,20.329999923706055,19.780000686645508,19.969999313354492,19.968765258789062,988700
2007-07-02,20.100000381469727,20.190000534057617,19.6299991607666,19.860000610351562,19.858774185180664,1421300
2007-07-03,19.920000076293945,20.06999969482422,19.770000457763672,19.920000076293945,19.91876983642578,608300
2007-07-05,19.93000030517578,20.540000915527344,19.93000030517578,20.489999771118164,20.48873519897461,1156100
2007-07-06,20.399999618530273,20.950000762939453,20.360000610351562,20.68000030517578,20.678722381591797,828200
2007-07-09,20.700000762939453,20.950000762939453,19.979999542236328,20.229999542236328,20.228750228881836,1411400
2007-07-10,20.690000534057617,20.799999237060547,19.729999542236328,19.790000915527344,19.78877830505371,1518900
2007-07-11,19.790000915527344,20.1299991607666,19.530000686645508,19.65999984741211,19.65878677368164,1075000
2007-07-12,19.81999969482422,20.239999771118164,19.649999618530273,19.850000381469727,19.848773956298828,1377200
2007-07-13,19.84000015258789,20.049999237060547,19.59000015258789,19.860000610351562,19.858774185180664,1009000
2007-07-16,19.850000381469727,20.399999618530273,19.559999465942383,20.200000762939453,20.198753356933594,1569000
2007-07-17,20.209999084472656,20.790000915527344,20.100000381469727,20.610000610351562,20.608728408813477,1463200
2007-07-18,20.6299991607666,20.65999984741211,20.200000762939453,20.399999618530273,20.398740768432617,840800
2007-07-19,20.5,20.829999923706055,20.360000610351562,20.43000030517578,20.428739547729492,672200
2007-07-20,20.489999771118164,20.579999923706055,20.010000228881836,20.049999237060547,20.04876136779785,1292100
2007-07-23,20.09000015258789,20.1299991607666,19.670000076293945,19.950000762939453,19.948768615722656,890900
2007-07-24,19.899999618530273,20.25,19.709999084472656,19.790000915527344,19.78877830505371,1384000
2007-07-25,20.040000915527344,20.25,19.68000030517578,19.850000381469727,19.848773956298828,1165600
2007-07-26,19.700000762939453,20.239999771118164,19.1299991607666,19.549999237060547,19.548791885375977,1306100
2007-07-27,19.440000534057617,19.600000381469727,18.559999465942383,18.770000457763672,18.768840789794922,1759900
2007-07-30,18.739999771118164,18.90999984741211,18.18000030517578,18.579999923706055,18.5788516998291,2093300
2007-07-31,18.729999542236328,18.889999389648438,17.450000762939453,17.6299991607666,17.628910064697266,2666700
2007-08-01,17.549999237060547,17.719999313354492,15.720000267028809,16.760000228881836,16.75896453857422,4939500
2007-08-02,16.719999313354492,17.350000381469727,16.549999237060547,16.90999984741211,16.90895652770996,3306300
2007-08-03,14.180000305175781,15.279999732971191,13.6899995803833,14.15999984741211,14.159125328063965,10734600
2007-08-06,14.630000114440918,14.630000114440918,13.350000381469727,13.59000015258789,13.589160919189453,3041200
2007-08-07,13.75,14.020000457763672,13.380000114440918,13.739999771118164,13.739151000976562,2403700
2007-08-08,13.90999984741211,15.729999542236328,13.850000381469727,15.380000114440918,15.379050254821777,4905800
2007-08-09,15.8100004196167,15.8100004196167,14.479999542236328,14.59000015258789,14.589098930358887,3952800
2007-08-10,14.300000190734863,14.920000076293945,14.100000381469727,14.329999923706055,14.32911491394043,2479500
2007-08-13,14.5,15.949999809265137,14.199999809265137,14.239999771118164,14.239120483398438,1715300
2007-08-14,14.380000114440918,14.609999656677246,13.449999809265137,13.479999542236328,13.479166984558105,2704200
2007-08-15,13.5,13.5,12.569999694824219,12.600000381469727,12.599222183227539,2922700
2007-08-16,12.510000228881836,13.0,11.819999694824219,12.850000381469727,12.849206924438477,3934900
2007-08-17,13.460000038146973,13.510000228881836,12.020000457763672,12.25,12.24924373626709,4581100
2007-08-20,12.760000228881836,13.489999771118164,12.3100004196167,13.399999618530273,13.399171829223633,2898700
2007-08-21,14.220000267028809,15.0,13.600000381469727,14.550000190734863,14.549101829528809,6005200
2007-08-22,14.800000190734863,14.800000190734863,13.970000267028809,14.260000228881836,14.259119987487793,2891200
2007-08-23,14.359999656677246,14.59000015258789,14.149999618530273,14.350000381469727,14.349114418029785,2131900
2007-08-24,14.449999809265137,14.869999885559082,14.25,14.800000190734863,14.799086570739746,1662600
2007-08-27,14.680000305175781,14.930000305175781,14.539999961853027,14.739999771118164,14.739089965820312,1388000
2007-08-28,14.699999809265137,15.300000190734863,14.460000038146973,15.0600004196167,15.059070587158203,2303300
2007-08-29,15.3100004196167,15.380000114440918,15.0600004196167,15.350000381469727,15.349052429199219,1124100
2007-08-30,15.390000343322754,15.609999656677246,15.170000076293945,15.229999542236328,15.229059219360352,1286000
2007-08-31,15.460000038146973,16.09000015258789,15.149999618530273,15.979999542236328,15.979012489318848,1525700
2007-09-04,15.899999618530273,16.479999542236328,15.899999618530273,16.3700008392334,16.368989944458008,1690400
2007-09-05,16.219999313354492,16.25,15.949999809265137,16.0,15.999011993408203,797200
2007-09-06,16.100000381469727,16.34000015258789,15.789999961853027,16.170000076293945,16.16900062561035,761000
2007-09-07,15.15999984741211,15.880000114440918,15.15999984741211,15.390000343322754,15.389049530029297,1527200
2007-09-10,15.350000381469727,16.0,15.039999961853027,15.75,15.749027252197266,1722000
2007-09-11,16.93000030517578,16.989999771118164,16.3700008392334,16.56999969482422,16.56897735595703,3170300
2007-09-12,16.440000534057617,16.649999618530273,16.040000915527344,16.489999771118164,16.488981246948242,1369200
2007-09-13,16.540000915527344,16.649999618530273,16.0,16.280000686645508,16.278995513916016,1324200
2007-09-14,16.1200008392334,16.469999313354492,15.850000381469727,16.469999313354492,16.468982696533203,899400
2007-09-17,16.600000381469727,16.600000381469727,16.049999237060547,16.280000686645508,16.278995513916016,992400
2007-09-18,16.350000381469727,16.610000610351562,16.149999618530273,16.59000015258789,16.58897590637207,1907600
2007-09-19,16.639999389648438,17.0,16.510000228881836,16.93000030517578,16.928955078125,1336500
2007-09-20,17.1200008392334,17.260000228881836,16.899999618530273,17.030000686645508,17.028949737548828,968500
2007-09-21,17.350000381469727,17.790000915527344,17.059999465942383,17.5,17.498918533325195,2331200
2007-09-24,17.469999313354492,17.479999542236328,16.899999618530273,17.06999969482422,17.068944931030273,1532600
2007-09-25,16.93000030517578,17.239999771118164,16.809999465942383,17.0,16.998950958251953,1296200
2007-09-26,17.139999389648438,17.93000030517578,17.049999237060547,17.43000030517578,17.428924560546875,2500100
2007-09-27,17.479999542236328,17.84000015258789,16.899999618530273,17.110000610351562,17.108943939208984,765600
2007-09-28,17.059999465942383,17.729999542236328,16.920000076293945,17.079999923706055,17.07894515991211,1092600
2007-10-01,17.260000228881836,17.649999618530273,17.030000686645508,17.600000381469727,17.598913192749023,1194500
2007-10-02,17.56999969482422,17.719999313354492,17.219999313354492,17.6299991607666,17.628910064697266,554400
2007-10-03,17.489999771118164,17.850000381469727,17.31999969482422,17.719999313354492,17.718904495239258,760200
2007-10-04,17.799999237060547,18.100000381469727,17.489999771118164,17.690000534057617,17.688907623291016,971900
2007-10-05,17.989999771118164,18.270000457763672,17.59000015258789,18.049999237060547,18.048885345458984,952800
2007-10-08,18.100000381469727,18.18000030517578,17.81999969482422,17.979999542236328,17.97888946533203,750000
2007-10-09,17.940000534057617,18.5,17.90999984741211,18.34000015258789,18.3388671875,1153200
2007-10-10,18.399999618530273,18.790000915527344,18.110000610351562,18.670000076293945,18.668848037719727,733300
2007-10-11,19.18000030517578,19.510000228881836,18.260000228881836,18.31999969482422,18.31886863708496,1027000
2007-10-12,18.290000915527344,19.09000015258789,18.290000915527344,18.610000610351562,18.60885238647461,1414600
2007-10-15,18.56999969482422,18.93000030517578,18.040000915527344,18.5,18.498857498168945,1304200
2007-10-16,18.520000457763672,18.520000457763672,17.8700008392334,17.950000762939453,17.94889259338379,582900
2007-10-17,18.049999237060547,18.389999389648438,17.6299991607666,18.299999237060547,18.298870086669922,1088000
2007-10-18,18.389999389648438,19.0,18.1200008392334,18.84000015258789,18.838836669921875,877300
2007-10-19,18.989999771118164,19.059999465942383,18.6299991607666,18.790000915527344,18.788841247558594,1427600
2007-10-22,18.700000762939453,19.200000762939453,18.520000457763672,19.0,18.99882698059082,885800
2007-10-23,19.25,19.25,18.600000381469727,18.770000457763672,18.768840789794922,734700
2007-10-24,18.600000381469727,18.729999542236328,17.309999465942383,17.75,17.748903274536133,1302800
2007-10-25,17.850000381469727,18.190000534057617,17.170000076293945,17.40999984741211,17.408924102783203,1058900
2007-10-26,17.739999771118164,17.979999542236328,17.6200008392334,17.920000076293945,17.918893814086914,1706900
2007-10-29,17.940000534057617,18.1299991607666,17.540000915527344,18.0,17.99888801574707,881600
2007-10-30,17.8799991607666,18.8700008392334,17.639999389648438,18.719999313354492,18.718843460083008,1719500
2007-10-31,18.780000686645508,19.520000457763672,18.229999542236328,18.780000686645508,18.778841018676758,1643300
2007-11-01,17.950000762939453,18.239999771118164,17.799999237060547,17.920000076293945,17.918893814086914,879800
2007-11-02,17.829999923706055,18.5,17.559999465942383,17.610000610351562,17.60891342163086,576000
2007-11-05,17.559999465942383,17.610000610351562,17.059999465942383,17.440000534057617,17.438922882080078,793100
2007-11-06,17.43000030517578,17.43000030517578,17.0,17.1299991607666,17.12894058227539,1105000
2007-11-07,16.959999084472656,17.040000915527344,16.010000228881836,16.09000015258789,16.089006423950195,1504700
2007-11-08,16.229999542236328,16.479999542236328,15.579999923706055,16.0,15.999011993408203,1059700
2007-11-09,15.6899995803833,15.800000190734863,14.850000381469727,15.380000114440918,15.379050254821777,2643600
2007-11-12,15.449999809265137,15.65999984741211,14.5,14.569999694824219,14.569100379943848,1123300
2007-11-13,14.739999771118164,15.40999984741211,14.710000038146973,15.329999923706055,15.329052925109863,1506500
2007-11-14,15.420000076293945,15.739999771118164,15.210000038146973,15.3100004196167,15.30905532836914,740900
2007-11-15,15.510000228881836,15.770000457763672,15.25,15.380000114440918,15.379050254821777,1069500
2007-11-16,15.350000381469727,15.4399995803833,14.84000015258789,15.069999694824219,15.069068908691406,939500
2007-11-19,15.0,15.119999885559082,14.760000228881836,14.850000381469727,14.849082946777344,730300
2007-11-20,14.84000015258789,14.899999618530273,14.180000305175781,14.510000228881836,14.509103775024414,1120300
2007-11-21,14.399999618530273,15.15999984741211,14.210000038146973,14.850000381469727,14.849082946777344,1489900
2007-11-23,14.9399995803833,15.229999542236328,14.5600004196167,14.720000267028809,14.719091415405273,741600
2007-11-26,14.729999542236328,14.899999618530273,14.369999885559082,14.579999923706055,14.579099655151367,1180500
2007-11-27,14.619999885559082,14.930000305175781,14.619999885559082,14.880000114440918,14.879081726074219,844400
2007-11-28,15.100000381469727,15.65999984741211,14.75,15.569999694824219,15.569038391113281,1499800
2007-11-29,15.729999542236328,15.75,15.149999618530273,15.300000190734863,15.299055099487305,915700
2007-11-30,15.510000228881836,15.630000114440918,14.859999656677246,14.979999542236328,14.979074478149414,883500
2007-12-03,15.949999809265137,16.799999237060547,15.520000457763672,16.280000686645508,16.278995513916016,2877200
2007-12-04,16.0,17.299999237060547,15.920000076293945,16.68000030517578,16.678970336914062,2354200
2007-12-05,17.290000915527344,17.299999237060547,16.75,16.770000457763672,16.768964767456055,1416800
2007-12-06,16.760000228881836,17.149999618530273,16.760000228881836,17.020000457763672,17.018949508666992,1011800
2007-12-07,17.100000381469727,17.25,16.93000030517578,17.030000686645508,17.028949737548828,963100
2007-12-10,17.5,18.489999771118164,17.479999542236328,18.0,17.99888801574707,1930700
2007-12-11,17.940000534057617,18.75,17.290000915527344,17.440000534057617,17.438922882080078,1637300
2007-12-12,17.959999084472656,18.059999465942383,17.200000762939453,17.489999771118164,17.488920211791992,1247600
2007-12-13,17.329999923706055,17.770000457763672,17.0,17.65999984741211,17.65890884399414,1244700
2007-12-14,17.65999984741211,18.75,17.3799991607666,18.479999542236328,18.478858947753906,2306400
2007-12-17,18.5,18.809999465942383,17.780000686645508,17.8700008392334,17.868896484375,1517500
2007-12-18,18.5,18.5,17.479999542236328,18.030000686645508,18.028886795043945,1825900
2007-12-19,19.0,19.450000762939453,18.139999389648438,18.75,18.748842239379883,4500000
2007-12-20,19.0,19.149999618530273,18.469999313354492,19.100000381469727,19.09882164001465,1660900
2007-12-21,19.299999237060547,19.299999237060547,18.68000030517578,18.709999084472656,18.708843231201172,4839400
2007-12-24,18.860000610351562,18.989999771118164,18.520000457763672,18.739999771118164,18.738842010498047,504000
2007-12-26,18.739999771118164,18.8799991607666,18.510000228881836,18.739999771118164,18.738842010498047,785000
2007-12-27,18.799999237060547,18.889999389648438,18.600000381469727,18.649999618530273,18.648847579956055,1029000
2007-12-28,18.649999618530273,18.850000381469727,18.549999237060547,18.600000381469727,18.598852157592773,647300
2007-12-31,18.729999542236328,18.739999771118164,18.200000762939453,18.450000762939453,18.448862075805664,721200
2008-01-02,18.489999771118164,18.709999084472656,17.81999969482422,18.059999465942383,18.058883666992188,2723200
2008-01-03,17.950000762939453,18.229999542236328,17.510000228881836,17.639999389648438,17.6389102935791,1885500
2008-01-04,17.520000457763672,17.739999771118164,17.010000228881836,17.389999389648438,17.388925552368164,1275000
2008-01-07,17.40999984741211,17.469999313354492,16.3799991607666,16.520000457763672,16.518980026245117,2010400
2008-01-08,16.389999389648438,17.0,16.34000015258789,16.450000762939453,16.448984146118164,1273800
2008-01-09,16.40999984741211,17.049999237060547,16.030000686645508,16.489999771118164,16.488981246948242,1262300
2008-01-10,16.5,16.81999969482422,16.239999771118164,16.700000762939453,16.6989688873291,800800
2008-01-11,16.56999969482422,16.59000015258789,15.850000381469727,16.360000610351562,16.358989715576172,1331200
2008-01-14,16.5,16.520000457763672,16.010000228881836,16.049999237060547,16.049007415771484,954500
2008-01-15,15.800000190734863,16.040000915527344,15.40999984741211,15.520000457763672,15.519042015075684,1161400
2008-01-16,15.420000076293945,15.579999923706055,15.100000381469727,15.279999732971191,15.279056549072266,2134600
2008-01-17,15.220000267028809,15.359999656677246,14.319999694824219,14.539999961853027,14.539102554321289,1582300
2008-01-18,14.5600004196167,14.930000305175781,14.270000457763672,14.710000038146973,14.709092140197754,2164000
2008-01-22,13.760000228881836,14.510000228881836,13.75,13.949999809265137,13.949138641357422,2232900
2008-01-23,13.670000076293945,14.539999961853027,13.529999732971191,14.460000038146973,14.459107398986816,2004800
2008-01-24,15.899999618530273,16.270000457763672,15.5,16.0,15.999011993408203,3817100
2008-01-25,16.200000762939453,16.75,15.5,15.649999618530273,15.649033546447754,3409700
2008-01-28,15.59000015258789,15.989999771118164,15.510000228881836,15.75,15.749027252197266,955700
2008-01-29,16.149999618530273,16.56999969482422,15.979999542236328,16.440000534057617,16.43898582458496,2344100
2008-01-30,16.350000381469727,16.540000915527344,15.989999771118164,16.329999923706055,16.328990936279297,1505000
2008-01-31,16.350000381469727,16.610000610351562,16.0,16.440000534057617,16.43898582458496,1971100
2008-02-01,16.389999389648438,17.15999984741211,16.239999771118164,17.079999923706055,17.07894515991211,1512400
2008-02-04,17.06999969482422,17.170000076293945,16.600000381469727,16.610000610351562,16.60897445678711,946400
2008-02-05,16.68000030517578,16.68000030517578,15.670000076293945,15.800000190734863,15.79902458190918,1973800
2008-02-06,15.859999656677246,16.75,15.550000190734863,15.600000381469727,15.599037170410156,3739300
2008-02-07,15.9399995803833,17.479999542236328,15.5,16.0,15.999011993408203,3701300
2008-02-08,16.34000015258789,16.479999542236328,15.800000190734863,16.299999237060547,16.298992156982422,1422100
2008-02-11,16.270000457763672,16.440000534057617,15.890000343322754,16.25,16.24899673461914,1224200
2008-02-12,16.31999969482422,16.399999618530273,15.930000305175781,16.149999618530273,16.149002075195312,972500
2008-02-13,16.360000610351562,16.770000457763672,16.34000015258789,16.709999084472656,16.708967208862305,1755100
2008-02-14,16.700000762939453,16.700000762939453,15.8100004196167,15.829999923706055,15.829022407531738,2159900
2008-02-15,15.829999923706055,15.930000305175781,15.520000457763672,15.829999923706055,15.829022407531738,2478100
2008-02-19,15.9399995803833,15.970000267028809,15.5600004196167,15.850000381469727,15.849021911621094,1100400
2008-02-20,15.670000076293945,16.649999618530273,15.5600004196167,16.549999237060547,16.54897689819336,2132000
2008-02-21,16.510000228881836,17.299999237060547,16.209999084472656,17.010000228881836,17.008949279785156,2308100
2008-02-22,17.0,17.65999984741211,16.860000610351562,17.360000610351562,17.358928680419922,1670800
2008-02-25,25.81999969482422,27.0,25.420000076293945,26.889999389648438,26.888338088989258,37567500
2008-02-26,26.5,26.899999618530273,26.389999389648438,26.850000381469727,26.848342895507812,9835400
2008-02-27,26.600000381469727,26.899999618530273,26.489999771118164,26.780000686645508,26.77834701538086,9155200
2008-02-28,26.899999618530273,27.610000610351562,25.799999237060547,26.0,25.998394012451172,14204100
2008-02-29,26.5,26.59000015258789,26.0,26.5,26.498363494873047,6924800
2008-03-03,26.170000076293945,26.65999984741211,26.0,26.200000762939453,26.198383331298828,4049700
2008-03-04,26.309999465942383,26.389999389648438,25.75,26.030000686645508,26.028392791748047,3042400
2008-03-05,26.0,26.350000381469727,25.989999771118164,26.040000915527344,26.038393020629883,2761700
2008-03-06,26.010000228881836,26.299999237060547,25.979999542236328,26.0,25.998394012451172,3030800
2008-03-07,26.0,26.040000915527344,25.360000610351562,25.56999969482422,25.56842041015625,4156400
2008-03-10,25.479999542236328,25.549999237060547,24.719999313354492,24.850000381469727,24.848464965820312,4981900
2008-03-11,25.0,25.229999542236328,24.1299991607666,24.649999618530273,24.64847755432129,6543800
2008-03-12,25.079999923706055,25.280000686645508,24.739999771118164,24.90999984741211,24.908462524414062,5204500
2008-03-13,25.09000015258789,25.729999542236328,25.0,25.639999389648438,25.638416290283203,7857300
2008-03-14,25.530000686645508,25.829999923706055,25.010000228881836,25.290000915527344,25.28843879699707,3875300
2008-03-17,25.0,25.209999084472656,24.700000762939453,25.049999237060547,25.048452377319336,2489700
2008-03-18,25.3799991607666,25.450000762939453,25.100000381469727,25.280000686645508,25.278440475463867,1735500
2008-03-19,25.3700008392334,25.5,24.84000015258789,24.920000076293945,24.918460845947266,1676400
2008-03-20,25.350000381469727,25.5,24.899999618530273,25.469999313354492,25.468425750732422,2831600
2008-03-24,25.350000381469727,26.079999923706055,25.34000015258789,25.56999969482422,25.56842041015625,1867800
2008-03-25,25.610000610351562,25.860000610351562,25.610000610351562,25.81999969482422,25.818405151367188,2397400
2008-03-26,25.760000228881836,26.049999237060547,25.549999237060547,25.90999984741211,25.90839958190918,7713300
2008-03-27,26.0,26.0,25.600000381469727,25.610000610351562,25.60841941833496,1632900
2008-03-28,25.649999618530273,25.739999771118164,25.139999389648438,25.329999923706055,25.32843589782715,1854500
2008-03-31,25.280000686645508,25.610000610351562,25.149999618530273,25.520000457763672,25.51842498779297,2463400
2008-04-01,25.5,26.100000381469727,25.420000076293945,26.0,25.998394012451172,2550200
2008-04-02,25.790000915527344,25.979999542236328,25.280000686645508,25.440000534057617,25.43842887878418,2122400
2008-04-03,25.40999984741211,25.59000015258789,25.190000534057617,25.260000228881836,25.258440017700195,1854500
2008-04-04,25.270000457763672,25.729999542236328,25.260000228881836,25.610000610351562,25.60841941833496,2036200
2008-04-07,25.799999237060547,25.8799991607666,25.360000610351562,25.43000030517578,25.428430557250977,1206200
2008-04-08,25.5,25.530000686645508,25.299999237060547,25.40999984741211,25.408430099487305,1060000
2008-04-09,25.450000762939453,25.510000228881836,25.25,25.329999923706055,25.32843589782715,1461500
2008-04-10,25.299999237060547,25.899999618530273,25.25,25.559999465942383,25.558420181274414,1756400
2008-04-11,25.420000076293945,25.709999084472656,25.270000457763672,25.389999389648438,25.388431549072266,719100
2008-04-14,25.43000030517578,25.850000381469727,25.25,25.729999542236328,25.728410720825195,1541200
2008-04-15,25.75,26.3700008392334,25.6299991607666,26.239999771118164,26.238378524780273,2069400
2008-04-16,26.100000381469727,26.200000762939453,25.770000457763672,26.09000015258789,26.088388442993164,2497800
2008-04-17,25.5,26.079999923706055,25.399999618530273,25.850000381469727,25.848403930664062,2456100
2008-04-18,26.030000686645508,26.329999923706055,25.860000610351562,25.979999542236328,25.978395462036133,1561700
2008-04-21,25.790000915527344,26.40999984741211,25.6200008392334,26.190000534057617,26.188383102416992,1000000
2008-04-22,26.06999969482422,26.3700008392334,25.899999618530273,26.079999923706055,26.07839012145996,1135800
2008-04-23,26.200000762939453,26.389999389648438,26.059999465942383,26.209999084472656,26.2083797454834,1098900
2008-04-24,26.209999084472656,26.389999389648438,26.06999969482422,26.139999389648438,26.138385772705078,1644900
2008-04-25,26.299999237060547,26.299999237060547,26.079999923706055,26.200000762939453,26.198383331298828,520000
2008-04-28,26.399999618530273,27.100000381469727,26.299999237060547,26.469999313354492,26.468364715576172,4470100
2008-04-29,26.700000762939453,26.81999969482422,26.3700008392334,26.6299991607666,26.628355026245117,1412800
2008-04-30,26.709999084472656,26.709999084472656,26.049999237060547,26.239999771118164,26.238378524780273,1433200
2008-05-01,26.079999923706055,26.229999542236328,25.739999771118164,26.09000015258789,26.088388442993164,2749400
2008-05-02,26.0,26.25,25.959999084472656,26.200000762939453,26.198383331298828,2192000
2008-05-05,26.149999618530273,26.149999618530273,25.829999923706055,26.059999465942383,26.05838966369629,1574000
2008-05-06,25.899999618530273,26.3700008392334,25.899999618530273,26.350000381469727,26.348373413085938,758700
2008-05-07,26.56999969482422,26.579999923706055,26.1200008392334,26.260000228881836,26.258378982543945,1100500
2008-05-08,26.290000915527344,26.649999618530273,26.149999618530273,26.600000381469727,26.598358154296875,938200
2008-05-09,26.510000228881836,26.989999771118164,26.510000228881836,26.670000076293945,26.668354034423828,2596100
2008-05-12,26.709999084472656,27.020000457763672,26.709999084472656,26.889999389648438,26.888338088989258,2153400
2008-05-13,26.899999618530273,26.920000076293945,26.530000686645508,26.59000015258789,26.58835792541504,2598200
2008-05-14,26.610000610351562,27.1200008392334,26.549999237060547,26.969999313354492,26.968334197998047,2782900
2008-05-15,27.0,27.420000076293945,26.959999084472656,27.329999923706055,27.328311920166016,2779400
2008-05-16,27.280000686645508,27.56999969482422,26.670000076293945,27.100000381469727,27.09832763671875,3029300
2008-05-19,26.790000915527344,27.110000610351562,26.739999771118164,26.90999984741211,26.90833854675293,1429200
2008-05-20,26.739999771118164,27.170000076293945,26.739999771118164,27.1200008392334,27.11832618713379,995300
2008-05-21,26.979999542236328,27.149999618530273,26.780000686645508,26.950000762939453,26.948335647583008,839900
2008-05-22,27.010000228881836,27.059999465942383,26.639999389648438,26.799999237060547,26.798343658447266,1284500
2008-05-23,26.6200008392334,27.1299991607666,26.5,26.920000076293945,26.918336868286133,795300
2008-05-27,26.889999389648438,27.299999237060547,26.84000015258789,27.170000076293945,27.16832160949707,507900
2008-05-28,27.020000457763672,27.06999969482422,26.739999771118164,26.81999969482422,26.818344116210938,430300
2008-05-29,26.790000915527344,27.1200008392334,26.719999313354492,27.059999465942383,27.05832862854004,524200
2008-05-30,27.030000686645508,27.34000015258789,26.8799991607666,27.06999969482422,27.068328857421875,1182000
2008-06-02,27.270000457763672,27.270000457763672,26.719999313354492,27.0,26.998332977294922,729800
2008-06-03,27.0,27.270000457763672,26.75,27.100000381469727,27.09832763671875,961700
2008-06-04,27.0,27.420000076293945,26.940000534057617,27.309999465942383,27.308313369750977,1210300
2008-06-05,27.399999618530273,27.649999618530273,27.25,27.649999618530273,27.648292541503906,2059600
2008-06-06,27.649999618530273,27.950000762939453,27.31999969482422,27.360000610351562,27.35831069946289,2554500
2008-06-09,27.290000915527344,27.799999237060547,26.899999618530273,27.239999771118164,27.238317489624023,1328500
2008-06-10,27.040000915527344,27.5,27.0,27.010000228881836,27.008333206176758,840800
2008-06-11,26.889999389648438,27.06999969482422,26.670000076293945,26.75,26.748348236083984,1790800
2008-06-12,26.950000762939453,27.06999969482422,26.559999465942383,26.559999465942383,26.558359146118164,1354500
2008-06-13,26.6299991607666,26.6299991607666,26.209999084472656,26.469999313354492,26.468364715576172,1181700
2008-06-16,26.280000686645508,26.59000015258789,26.229999542236328,26.399999618530273,26.39836883544922,1323600
2008-06-17,26.399999618530273,26.469999313354492,26.270000457763672,26.290000915527344,26.28837776184082,890200
2008-06-18,26.149999618530273,26.559999465942383,26.149999618530273,26.40999984741211,26.408369064331055,1424900
2008-06-19,26.469999313354492,26.68000030517578,26.270000457763672,26.34000015258789,26.3383731842041,835200
2008-06-20,26.299999237060547,26.670000076293945,26.299999237060547,26.6299991607666,26.628355026245117,1767000
2008-06-23,26.389999389648438,26.8799991607666,26.059999465942383,26.450000762939453,26.448368072509766,1325900
2008-06-24,26.1200008392334,26.399999618530273,25.739999771118164,25.790000915527344,25.788408279418945,3864900
2008-06-25,25.809999465942383,26.18000030517578,25.760000228881836,25.860000610351562,25.8584041595459,2789200
2008-06-26,25.729999542236328,25.93000030517578,25.479999542236328,25.639999389648438,25.638416290283203,2171600
2008-06-27,25.530000686645508,25.850000381469727,25.389999389648438,25.760000228881836,25.75840950012207,2324200
2008-06-30,25.690000534057617,26.040000915527344,25.510000228881836,25.56999969482422,25.56842041015625,1239800
2008-07-01,25.530000686645508,25.540000915527344,24.979999542236328,25.139999389648438,25.138446807861328,2062600
2008-07-02,25.170000076293945,25.200000762939453,24.100000381469727,24.34000015258789,24.338497161865234,2460600
2008-07-03,24.350000381469727,24.479999542236328,23.329999923706055,23.799999237060547,23.79852867126465,1370300
2008-07-07,23.950000762939453,24.290000915527344,23.68000030517578,23.989999771118164,23.98851776123047,1498700
2008-07-08,24.079999923706055,24.59000015258789,23.959999084472656,24.469999313354492,24.468488693237305,1586400
2008-07-09,24.329999923706055,24.440000534057617,23.600000381469727,23.700000762939453,23.698537826538086,1454900
2008-07-10,23.649999618530273,24.030000686645508,23.559999465942383,23.899999618530273,23.898523330688477,1135800
2008-07-11,23.780000686645508,25.079999923706055,23.260000228881836,24.719999313354492,24.718473434448242,1895600
2008-07-14,24.639999389648438,24.75,24.190000534057617,24.270000457763672,24.26850128173828,1251000
2008-07-15,24.1200008392334,24.600000381469727,23.600000381469727,24.209999084472656,24.20850372314453,993200
2008-07-16,24.34000015258789,25.25,24.110000610351562,25.049999237060547,25.048452377319336,1448100
2008-07-17,25.18000030517578,25.489999771118164,24.770000457763672,24.950000762939453,24.94845962524414,725800
2008-07-18,24.93000030517578,25.25,24.84000015258789,25.040000915527344,25.038454055786133,1110500
2008-07-21,25.079999923706055,25.479999542236328,24.450000762939453,24.65999984741211,24.658477783203125,514800
2008-07-22,24.719999313354492,25.09000015258789,24.3799991607666,24.84000015258789,24.83846664428711,496300
2008-07-23,24.799999237060547,24.8700008392334,23.920000076293945,24.0,23.998517990112305,1042100
2008-07-24,24.219999313354492,24.3700008392334,23.469999313354492,23.639999389648438,23.638540267944336,783200
2008-07-25,23.8799991607666,24.190000534057617,23.209999084472656,24.06999969482422,24.068513870239258,439800
2008-07-28,24.0,24.200000762939453,23.75,23.770000457763672,23.768531799316406,216500
2008-07-29,23.899999618530273,24.280000686645508,23.670000076293945,24.0,23.998517990112305,497900
2008-07-30,24.149999618530273,24.270000457763672,23.079999923706055,23.15999984741211,23.1585693359375,943100
2008-07-31,23.100000381469727,23.3700008392334,22.700000762939453,22.799999237060547,22.79859161376953,1044200
2008-08-01,22.93000030517578,23.389999389648438,22.93000030517578,23.110000610351562,23.10857391357422,722800
2008-08-04,23.059999465942383,23.40999984741211,22.799999237060547,22.950000762939453,22.948583602905273,664400
2008-08-05,23.1200008392334,24.049999237060547,23.020000457763672,24.030000686645508,24.02851676940918,498200
2008-08-06,23.93000030517578,24.420000076293945,23.600000381469727,24.290000915527344,24.288501739501953,341500
2008-08-07,24.079999923706055,24.31999969482422,23.799999237060547,23.889999389648438,23.888525009155273,286600
2008-08-08,23.860000610351562,24.549999237060547,23.790000915527344,24.399999618530273,24.39849281311035,675900
2008-08-11,24.40999984741211,24.579999923706055,24.25,24.56999969482422,24.568483352661133,1283400
2008-08-12,24.549999237060547,24.920000076293945,24.5,24.670000076293945,24.668476104736328,1234500
2008-08-13,24.65999984741211,24.84000015258789,24.5,24.719999313354492,24.718473434448242,1027700
2008-08-14,24.549999237060547,24.799999237060547,24.40999984741211,24.729999542236328,24.728471755981445,447400
2008-08-15,24.979999542236328,25.010000228881836,24.549999237060547,24.84000015258789,24.83846664428711,758900
2008-08-18,23.399999618530273,24.559999465942383,23.170000076293945,23.75,23.748533248901367,4576800
2008-08-19,23.799999237060547,23.799999237060547,22.739999771118164,23.06999969482422,23.068574905395508,2496400
2008-08-20,23.290000915527344,24.56999969482422,23.010000228881836,24.34000015258789,24.338497161865234,3899700
2008-08-21,24.15999984741211,24.610000610351562,23.90999984741211,24.3799991607666,24.378494262695312,975900
2008-08-22,24.489999771118164,24.690000534057617,24.260000228881836,24.469999313354492,24.468488693237305,588500
2008-08-25,24.290000915527344,24.56999969482422,24.190000534057617,24.459999084472656,24.45848846435547,744100
2008-08-26,25.100000381469727,25.75,25.0,25.1299991607666,25.128446578979492,2217900
2008-08-27,25.1299991607666,25.219999313354492,25.06999969482422,25.110000610351562,25.108449935913086,580900
2008-08-28,25.110000610351562,25.25,25.059999465942383,25.100000381469727,25.09844970703125,777300
2008-08-29,25.170000076293945,25.219999313354492,24.959999084472656,25.06999969482422,25.068450927734375,539700
2008-09-02,25.329999923706055,25.34000015258789,24.149999618530273,24.540000915527344,24.53848648071289,1314500
2008-09-03,24.510000228881836,24.600000381469727,21.34000015258789,23.170000076293945,23.168569564819336,4046400
2008-09-04,23.360000610351562,23.450000762939453,22.899999618530273,23.229999542236328,23.228565216064453,1630500
2008-09-05,23.0,23.889999389648438,22.649999618530273,23.610000610351562,23.608543395996094,1875600
2008-09-08,23.860000610351562,23.979999542236328,23.0,23.190000534057617,23.188568115234375,1248200
2008-09-09,23.350000381469727,23.68000030517578,20.559999465942383,21.770000457763672,21.76865577697754,3072400
2008-09-10,21.920000076293945,22.25,21.360000610351562,21.610000610351562,21.608665466308594,2408100
2008-09-11,21.350000381469727,21.850000381469727,20.760000228881836,21.649999618530273,21.648662567138672,3218800
2008-09-12,20.899999618530273,22.1200008392334,20.510000228881836,21.889999389648438,21.888647079467773,987100
2008-09-15,15.800000190734863,17.760000228881836,15.729999542236328,16.56999969482422,16.56897735595703,13552400
2008-09-16,16.299999237060547,17.0,15.869999885559082,16.75,16.748966217041016,3881000
2008-09-17,16.540000915527344,16.829999923706055,15.010000228881836,15.010000228881836,15.009073257446289,3600600
2008-09-18,15.3100004196167,15.720000267028809,14.760000228881836,15.510000228881836,15.509042739868164,3403700
2008-09-19,16.25,17.309999465942383,15.760000228881836,16.56999969482422,16.56897735595703,2742400
2008-09-22,16.549999237060547,17.239999771118164,15.9399995803833,16.350000381469727,16.34899139404297,2094400
2008-09-23,16.40999984741211,16.719999313354492,15.9399995803833,16.299999237060547,16.298992156982422,1733100
2008-09-24,16.649999618530273,16.649999618530273,15.949999809265137,16.200000762939453,16.19900131225586,1629400
2008-09-25,16.299999237060547,16.299999237060547,15.949999809265137,16.219999313354492,16.219999313354492,1285200
2008-09-26,15.899999618530273,16.200000762939453,15.760000228881836,16.15999984741211,16.15999984741211,842300
2008-09-29,16.079999923706055,16.079999923706055,14.819999694824219,15.430000305175781,15.430000305175781,2687100
2008-09-30,15.600000381469727,16.43000030517578,15.229999542236328,16.399999618530273,16.399999618530273,1899200
2008-10-01,16.209999084472656,16.3700008392334,15.6899995803833,15.930000305175781,15.930000305175781,937200
2008-10-02,15.819999694824219,15.979999542236328,14.6899995803833,14.859999656677246,14.859999656677246,1522000
2008-10-03,15.140000343322754,15.289999961853027,14.800000190734863,15.010000228881836,15.010000228881836,1600900
2008-10-06,14.880000114440918,14.880000114440918,13.5,14.4399995803833,14.4399995803833,1476300
2008-10-07,14.640000343322754,14.90999984741211,13.699999809265137,13.770000457763672,13.770000457763672,1080800
2008-10-08,13.359999656677246,14.229999542236328,13.100000381469727,13.529999732971191,13.529999732971191,1772900
2008-10-09,13.850000381469727,15.350000381469727,12.720000267028809,13.010000228881836,13.010000228881836,1247300
2008-10-10,12.5,13.020000457763672,11.489999771118164,12.84000015258789,12.84000015258789,1688900
2008-10-13,13.0,14.15999984741211,13.0,14.079999923706055,14.079999923706055,985700
2008-10-14,14.800000190734863,14.800000190734863,13.300000190734863,13.630000114440918,13.630000114440918,1028400
2008-10-15,13.40999984741211,14.380000114440918,11.949999809265137,12.020000457763672,12.020000457763672,1060200
2008-10-16,12.449999809265137,13.3100004196167,11.859999656677246,12.960000038146973,12.960000038146973,1230300
2008-10-17,12.5600004196167,13.380000114440918,12.5600004196167,12.6899995803833,12.6899995803833,1411900
2008-10-20,12.90999984741211,13.479999542236328,12.529999732971191,13.149999618530273,13.149999618530273,944800
2008-10-21,13.0,13.319999694824219,12.649999618530273,12.979999542236328,12.979999542236328,706400
2008-10-22,12.779999732971191,12.890000343322754,12.260000228881836,12.460000038146973,12.460000038146973,565600
2008-10-23,12.520000457763672,12.800000190734863,11.59000015258789,11.90999984741211,11.90999984741211,1055500
2008-10-24,11.470000267028809,11.789999961853027,11.199999809265137,11.399999618530273,11.399999618530273,562400
2008-10-27,11.279999732971191,11.65999984741211,10.9399995803833,10.949999809265137,10.949999809265137,873400
2008-10-28,11.289999961853027,11.479999542236328,10.979999542236328,11.380000114440918,11.380000114440918,1105300
2008-10-29,11.40999984741211,11.470000267028809,10.8100004196167,11.15999984741211,11.15999984741211,817400
2008-10-30,11.449999809265137,11.960000038146973,11.109999656677246,11.670000076293945,11.670000076293945,941500
2008-10-31,11.5,11.920000076293945,11.279999732971191,11.859999656677246,11.859999656677246,1027100
2008-11-03,11.819999694824219,12.300000190734863,11.6899995803833,12.260000228881836,12.260000228881836,529000
2008-11-04,12.470000267028809,13.029999732971191,12.319999694824219,12.479999542236328,12.479999542236328,856700
2008-11-05,12.510000228881836,12.770000457763672,12.0,12.119999885559082,12.119999885559082,519400
2008-11-06,12.140000343322754,12.220000267028809,11.350000381469727,11.40999984741211,11.40999984741211,506800
2008-11-07,11.640000343322754,11.75,11.199999809265137,11.739999771118164,11.739999771118164,741800
2008-11-10,12.670000076293945,12.680000305175781,12.039999961853027,12.100000381469727,12.100000381469727,724000
2008-11-11,12.0600004196167,12.279999732971191,11.880000114440918,11.960000038146973,11.960000038146973,652500
2008-11-12,11.789999961853027,12.050000190734863,10.770000457763672,10.800000190734863,10.800000190734863,988600
2008-11-13,10.800000190734863,11.270000457763672,10.029999732971191,10.6899995803833,10.6899995803833,1746800
2008-11-14,10.6899995803833,11.399999618530273,10.029999732971191,10.760000228881836,10.760000228881836,1312100
2008-11-17,10.779999732971191,10.869999885559082,10.260000228881836,10.289999961853027,10.289999961853027,587500
2008-11-18,10.399999618530273,10.65999984741211,10.010000228881836,10.390000343322754,10.390000343322754,1005600
2008-11-19,10.420000076293945,10.630000114440918,9.789999961853027,9.819999694824219,9.819999694824219,662700
2008-11-20,9.739999771118164,10.220000267028809,9.630000114440918,9.770000457763672,9.770000457763672,1178600
2008-11-21,9.970000267028809,10.100000381469727,9.350000381469727,10.100000381469727,10.100000381469727,1133500
2008-11-24,10.130000114440918,11.270000457763672,9.8100004196167,11.180000305175781,11.180000305175781,844200
2008-11-25,11.319999694824219,11.319999694824219,10.75,11.239999771118164,11.239999771118164,638000
2008-11-26,11.029999732971191,12.130000114440918,11.029999732971191,12.050000190734863,12.050000190734863,772600
2008-11-28,11.949999809265137,12.170000076293945,11.869999885559082,12.149999618530273,12.149999618530273,143300
2008-12-01,11.90999984741211,12.5,10.979999542236328,11.0,11.0,909700
2008-12-02,11.220000267028809,11.640000343322754,10.800000190734863,11.479999542236328,11.479999542236328,1715700
2008-12-03,11.260000228881836,11.989999771118164,11.0,11.890000343322754,11.890000343322754,814400
2008-12-04,11.779999732971191,11.960000038146973,11.199999809265137,11.289999961853027,11.289999961853027,768200
2008-12-05,11.109999656677246,12.100000381469727,10.869999885559082,12.100000381469727,12.100000381469727,611900
2008-12-08,12.319999694824219,12.430000305175781,11.880000114440918,12.09000015258789,12.09000015258789,1076200
2008-12-09,11.9399995803833,12.8100004196167,11.569999694824219,12.119999885559082,12.119999885559082,971600
2008-12-10,12.050000190734863,12.539999961853027,11.579999923706055,12.460000038146973,12.460000038146973,1141100
2008-12-11,12.390000343322754,12.699999809265137,11.579999923706055,11.770000457763672,11.770000457763672,670700
2008-12-12,11.550000190734863,12.399999618530273,11.260000228881836,12.350000381469727,12.350000381469727,851600
2008-12-15,12.40999984741211,12.479999542236328,11.210000038146973,11.5600004196167,11.5600004196167,811800
2008-12-16,11.460000038146973,12.170000076293945,11.289999961853027,12.0600004196167,12.0600004196167,1020400
2008-12-17,12.050000190734863,12.359999656677246,11.869999885559082,12.069999694824219,12.069999694824219,1840400
2008-12-18,9.329999923706055,10.25,8.649999618530273,8.90999984741211,8.90999984741211,5934900
2008-12-19,9.010000228881836,9.039999961853027,8.149999618530273,8.430000305175781,8.430000305175781,3130600
2008-12-22,8.40999984741211,8.460000038146973,7.389999866485596,7.820000171661377,7.820000171661377,2015900
2008-12-23,7.820000171661377,8.130000114440918,7.630000114440918,7.849999904632568,7.849999904632568,1283600
2008-12-24,7.880000114440918,7.96999979019165,7.650000095367432,7.809999942779541,7.809999942779541,311000
2008-12-26,7.809999942779541,7.889999866485596,7.670000076293945,7.71999979019165,7.71999979019165,297200
2008-12-29,7.769999980926514,7.920000076293945,7.340000152587891,7.480000019073486,7.480000019073486,818600
2008-12-30,7.550000190734863,7.550000190734863,7.170000076293945,7.300000190734863,7.300000190734863,1356800
2008-12-31,7.28000020980835,7.619999885559082,7.059999942779541,7.559999942779541,7.559999942779541,1965000
2009-01-02,7.590000152587891,8.039999961853027,7.539999961853027,7.949999809265137,7.949999809265137,845000
2009-01-05,7.909999847412109,8.229999542236328,7.880000114440918,8.140000343322754,8.140000343322754,1223400
2009-01-06,8.239999771118164,8.25,7.880000114440918,7.889999866485596,7.889999866485596,1629600
2009-01-07,7.75,7.889999866485596,7.659999847412109,7.730000019073486,7.730000019073486,847600
2009-01-08,7.630000114440918,8.170000076293945,7.619999885559082,8.09000015258789,8.09000015258789,1249600
2009-01-09,8.109999656677246,8.170000076293945,7.820000171661377,7.860000133514404,7.860000133514404,831600
2009-01-12,7.869999885559082,7.920000076293945,7.420000076293945,7.5,7.5,1012800
2009-01-13,7.550000190734863,7.730000019073486,7.039999961853027,7.099999904632568,7.099999904632568,1534600
2009-01-14,7.050000190734863,7.170000076293945,6.840000152587891,7.110000133514404,7.110000133514404,1184100
2009-01-15,7.090000152587891,7.210000038146973,6.909999847412109,7.090000152587891,7.090000152587891,1118600
2009-01-16,7.139999866485596,7.599999904632568,7.03000020980835,7.599999904632568,7.599999904632568,2039200
2009-01-20,7.579999923706055,7.630000114440918,7.289999961853027,7.309999942779541,7.309999942779541,940300
2009-01-21,7.400000095367432,7.449999809265137,7.0,7.360000133514404,7.360000133514404,697400
2009-01-22,7.239999771118164,7.239999771118164,6.900000095367432,7.059999942779541,7.059999942779541,499200
2009-01-23,6.849999904632568,7.71999979019165,6.849999904632568,7.460000038146973,7.460000038146973,1753800
2009-01-26,7.289999961853027,7.690000057220459,7.289999961853027,7.440000057220459,7.440000057220459,553300
2009-01-27,7.5,7.550000190734863,7.309999942779541,7.389999866485596,7.389999866485596,506300
2009-01-28,7.519999980926514,7.590000152587891,7.360000133514404,7.440000057220459,7.440000057220459,771700
2009-01-29,7.349999904632568,7.46999979019165,7.159999847412109,7.190000057220459,7.190000057220459,939500
2009-01-30,7.260000228881836,7.28000020980835,7.0,7.019999980926514,7.019999980926514,892600
2009-02-02,6.96999979019165,7.179999828338623,6.699999809265137,7.03000020980835,7.03000020980835,1405100
2009-02-03,6.989999771118164,7.0,6.710000038146973,6.789999961853027,6.789999961853027,1221900
2009-02-04,6.809999942779541,6.989999771118164,6.730000019073486,6.909999847412109,6.909999847412109,1110400
2009-02-05,6.849999904632568,7.489999771118164,6.800000190734863,7.289999961853027,7.289999961853027,1552500
2009-02-06,7.28000020980835,7.820000171661377,7.21999979019165,7.78000020980835,7.78000020980835,1323900
2009-02-09,7.760000228881836,7.980000019073486,7.760000228881836,7.980000019073486,7.980000019073486,782400
2009-02-10,7.989999771118164,8.300000190734863,7.480000019073486,7.489999771118164,7.489999771118164,988500
2009-02-11,7.539999961853027,7.730000019073486,7.210000038146973,7.329999923706055,7.329999923706055,680000
2009-02-12,7.25,7.46999979019165,7.03000020980835,7.429999828338623,7.429999828338623,474200
2009-02-13,7.409999847412109,7.889999866485596,7.329999923706055,7.78000020980835,7.78000020980835,750800
2009-02-17,7.630000114440918,7.630000114440918,7.050000190734863,7.050000190734863,7.050000190734863,771000
2009-02-18,7.170000076293945,7.340000152587891,7.050000190734863,7.179999828338623,7.179999828338623,724800
2009-02-19,7.28000020980835,7.300000190734863,6.929999828338623,7.010000228881836,7.010000228881836,421800
2009-02-20,6.929999828338623,6.929999828338623,6.440000057220459,6.699999809265137,6.699999809265137,885500
2009-02-23,6.699999809265137,6.710000038146973,6.420000076293945,6.480000019073486,6.480000019073486,791100
2009-02-24,6.539999961853027,6.900000095367432,6.510000228881836,6.900000095367432,6.900000095367432,743600
2009-02-25,6.820000171661377,6.860000133514404,6.46999979019165,6.510000228881836,6.510000228881836,893300
2009-02-26,6.539999961853027,6.579999923706055,6.320000171661377,6.320000171661377,6.320000171661377,688500
2009-02-27,6.28000020980835,6.460000038146973,6.179999828338623,6.190000057220459,6.190000057220459,794500
2009-03-02,6.110000133514404,6.179999828338623,5.570000171661377,5.650000095367432,5.650000095367432,1815500
2009-03-03,5.75,5.760000228881836,5.559999942779541,5.619999885559082,5.619999885559082,1911100
2009-03-04,5.730000019073486,6.090000152587891,5.730000019073486,6.079999923706055,6.079999923706055,1031300
2009-03-05,6.039999961853027,6.099999904632568,5.630000114440918,5.679999828338623,5.679999828338623,998100
2009-03-06,6.199999809265137,6.239999771118164,5.829999923706055,6.210000038146973,6.210000038146973,1478000
2009-03-09,6.150000095367432,6.269999980926514,5.869999885559082,6.010000228881836,6.010000228881836,1190100
2009-03-10,6.170000076293945,6.869999885559082,5.900000095367432,6.849999904632568,6.849999904632568,1553900
2009-03-11,6.420000076293945,6.670000076293945,6.050000190734863,6.409999847412109,6.409999847412109,2116100
2009-03-12,6.400000095367432,7.349999904632568,6.309999942779541,7.099999904632568,7.099999904632568,2152400
2009-03-13,7.130000114440918,7.429999828338623,6.920000076293945,7.360000133514404,7.360000133514404,868100
2009-03-16,7.400000095367432,7.46999979019165,7.070000171661377,7.130000114440918,7.130000114440918,1155100
2009-03-17,7.099999904632568,7.510000228881836,7.099999904632568,7.510000228881836,7.510000228881836,835700
2009-03-18,7.489999771118164,7.989999771118164,7.389999866485596,7.940000057220459,7.940000057220459,1256100
2009-03-19,8.029999732971191,8.25,7.960000038146973,8.149999618530273,8.149999618530273,673600
2009-03-20,8.199999809265137,8.649999618530273,8.119999885559082,8.569999694824219,8.569999694824219,2045100
2009-03-23,8.619999885559082,8.84000015258789,8.279999732971191,8.609999656677246,8.609999656677246,1271100
2009-03-24,8.510000228881836,8.6899995803833,8.399999618530273,8.449999809265137,8.449999809265137,1560100
2009-03-25,8.470000267028809,8.770000457763672,8.010000228881836,8.25,8.25,1639700
2009-03-26,8.359999656677246,9.09000015258789,8.359999656677246,8.90999984741211,8.90999984741211,1996200
2009-03-27,8.90999984741211,9.0,8.399999618530273,8.430000305175781,8.430000305175781,988500
2009-03-30,8.600000381469727,8.600000381469727,7.869999885559082,8.220000267028809,8.220000267028809,829700
2009-03-31,8.25,8.65999984741211,8.15999984741211,8.350000381469727,8.350000381469727,1001200
2009-04-01,8.199999809265137,8.550000190734863,8.0,8.470000267028809,8.470000267028809,934600
2009-04-02,8.65999984741211,8.800000190734863,8.329999923706055,8.4399995803833,8.4399995803833,1283800
2009-04-03,8.399999618530273,8.5600004196167,8.210000038146973,8.300000190734863,8.300000190734863,1190600
2009-04-06,8.210000038146973,8.289999961853027,7.909999847412109,7.96999979019165,7.96999979019165,981700
2009-04-07,7.900000095367432,7.960000038146973,7.610000133514404,7.730000019073486,7.730000019073486,941800
2009-04-08,7.760000228881836,8.020000457763672,7.760000228881836,7.980000019073486,7.980000019073486,567000
2009-04-09,8.15999984741211,8.569999694824219,8.0600004196167,8.399999618530273,8.399999618530273,2221700
2009-04-13,8.90999984741211,9.579999923706055,8.819999694824219,9.449999809265137,9.449999809265137,3815100
2009-04-14,9.369999885559082,9.710000038146973,9.130000114440918,9.369999885559082,9.369999885559082,1766300
2009-04-15,9.3100004196167,9.489999771118164,9.170000076293945,9.40999984741211,9.40999984741211,1091900
2009-04-16,9.460000038146973,9.9399995803833,9.3100004196167,9.859999656677246,9.859999656677246,1852800
2009-04-17,9.619999885559082,9.619999885559082,8.960000038146973,9.380000114440918,9.380000114440918,1997000
2009-04-20,9.050000190734863,9.109999656677246,8.630000114440918,8.789999961853027,8.789999961853027,1552600
2009-04-21,8.65999984741211,9.25,8.550000190734863,9.229999542236328,9.229999542236328,1193400
2009-04-22,9.130000114440918,9.510000228881836,8.920000076293945,9.260000228881836,9.260000228881836,1361200
2009-04-23,9.25,9.25,8.779999732971191,8.869999885559082,8.869999885559082,987500
2009-04-24,8.920000076293945,9.0,8.760000228881836,8.859999656677246,8.859999656677246,975200
2009-04-27,8.779999732971191,8.949999809265137,8.579999923706055,8.739999771118164,8.739999771118164,798300
2009-04-28,8.609999656677246,8.829999923706055,8.5,8.670000076293945,8.670000076293945,739100
2009-04-29,8.760000228881836,9.210000038146973,8.75,9.109999656677246,9.109999656677246,611600
2009-04-30,9.149999618530273,9.270000457763672,8.949999809265137,9.079999923706055,9.079999923706055,862100
2009-05-01,9.130000114440918,9.270000457763672,8.819999694824219,8.850000381469727,8.850000381469727,584000
2009-05-04,8.829999923706055,9.199999809265137,8.760000228881836,9.0600004196167,9.0600004196167,789700
2009-05-05,9.109999656677246,9.170000076293945,8.770000457763672,8.930000305175781,8.930000305175781,1006800
2009-05-06,8.989999771118164,9.020000457763672,8.670000076293945,8.960000038146973,8.960000038146973,1890500
2009-05-07,9.0,9.010000228881836,8.359999656677246,8.90999984741211,8.90999984741211,1924800
2009-05-08,9.0,9.0,8.729999542236328,8.899999618530273,8.899999618530273,714600
2009-05-11,8.649999618530273,8.960000038146973,8.649999618530273,8.739999771118164,8.739999771118164,913700
2009-05-12,8.640000343322754,8.859999656677246,8.449999809265137,8.550000190734863,8.550000190734863,782600
2009-05-13,8.460000038146973,8.550000190734863,8.149999618530273,8.15999984741211,8.15999984741211,836200
2009-05-14,8.170000076293945,8.449999809265137,8.0,8.1899995803833,8.1899995803833,1554500
2009-05-15,8.220000267028809,8.880000114440918,8.170000076293945,8.8100004196167,8.8100004196167,2496500
2009-05-18,8.880000114440918,9.039999961853027,8.800000190734863,9.029999732971191,9.029999732971191,1189000
2009-05-19,9.0600004196167,9.300000190734863,8.920000076293945,9.09000015258789,9.09000015258789,1554500
2009-05-20,9.180000305175781,9.6899995803833,9.180000305175781,9.350000381469727,9.350000381469727,1391200
2009-05-21,9.1899995803833,9.569999694824219,8.979999542236328,9.229999542236328,9.229999542236328,1073900
2009-05-22,9.25,9.399999618530273,8.989999771118164,9.0,9.0,909200
2009-05-26,9.229999542236328,9.229999542236328,8.75,8.829999923706055,8.829999923706055,2139600
2009-05-27,9.0,9.970000267028809,8.979999542236328,9.529999732971191,9.529999732971191,4129400
2009-05-28,9.180000305175781,9.399999618530273,8.5,8.539999961853027,8.539999961853027,4271800
2009-05-29,8.59000015258789,8.729999542236328,8.300000190734863,8.630000114440918,8.630000114440918,6956700
2009-06-01,8.699999809265137,9.100000381469727,8.699999809265137,9.010000228881836,9.010000228881836,3155400
2009-06-02,8.979999542236328,8.979999542236328,8.489999771118164,8.510000228881836,8.510000228881836,4020400
2009-06-03,8.479999542236328,8.5,8.069999694824219,8.399999618530273,8.399999618530273,2599300
2009-06-04,8.489999771118164,8.680000305175781,8.40999984741211,8.600000381469727,8.600000381469727,1854400
2009-06-05,8.6899995803833,8.800000190734863,8.5,8.529999732971191,8.529999732971191,1055200
2009-06-08,8.5,8.619999885559082,8.300000190734863,8.4399995803833,8.4399995803833,1459100
2009-06-09,8.470000267028809,8.569999694824219,8.34000015258789,8.359999656677246,8.359999656677246,1617600
2009-06-10,8.40999984741211,8.470000267028809,8.119999885559082,8.170000076293945,8.170000076293945,2818900
2009-06-11,8.119999885559082,8.1899995803833,8.0,8.010000228881836,8.010000228881836,2403800
2009-06-12,8.020000457763672,8.109999656677246,7.519999980926514,8.0,8.0,4305400
2009-06-15,7.639999866485596,7.789999961853027,7.539999961853027,7.639999866485596,7.639999866485596,2090200
2009-06-16,7.75,7.800000190734863,7.519999980926514,7.519999980926514,7.519999980926514,1733800
2009-06-17,7.739999771118164,7.96999979019165,7.550000190734863,7.900000095367432,7.900000095367432,3062500
2009-06-18,7.869999885559082,8.100000381469727,7.75,8.020000457763672,8.020000457763672,2081400
2009-06-19,8.130000114440918,8.489999771118164,8.09000015258789,8.460000038146973,8.460000038146973,2377700
2009-06-22,8.449999809265137,8.930000305175781,8.369999885559082,8.729999542236328,8.729999542236328,5085700
2009-06-23,8.729999542236328,8.970000267028809,8.699999809265137,8.899999618530273,8.899999618530273,2391500
2009-06-24,8.949999809265137,9.449999809265137,8.949999809265137,9.220000267028809,9.220000267028809,3162000
2009-06-25,9.140000343322754,9.180000305175781,8.960000038146973,9.149999618530273,9.149999618530273,2324600
2009-06-26,9.100000381469727,9.5,9.100000381469727,9.5,9.5,6066500
2009-06-29,9.390000343322754,9.5,9.130000114440918,9.489999771118164,9.489999771118164,2495100
2009-06-30,9.479999542236328,9.640000343322754,9.34000015258789,9.470000267028809,9.470000267028809,2952400
2009-07-01,9.5600004196167,9.920000076293945,9.350000381469727,9.729999542236328,9.729999542236328,3366200
2009-07-02,9.9399995803833,10.010000228881836,9.699999809265137,9.84000015258789,9.84000015258789,3806200
2009-07-06,9.84000015258789,9.850000381469727,9.050000190734863,9.180000305175781,9.180000305175781,3359100
2009-07-07,9.210000038146973,9.25,8.970000267028809,9.149999618530273,9.149999618530273,3201500
2009-07-08,9.140000343322754,9.140000343322754,8.739999771118164,8.930000305175781,8.930000305175781,3653300
2009-07-09,8.989999771118164,9.100000381469727,8.859999656677246,8.979999542236328,8.979999542236328,1868200
2009-07-10,8.90999984741211,9.029999732971191,8.720000267028809,8.84000015258789,8.84000015258789,1759600
2009-07-13,8.84000015258789,8.979999542236328,8.569999694824219,8.979999542236328,8.979999542236328,1500400
2009-07-14,8.010000228881836,8.5,7.96999979019165,8.100000381469727,8.100000381469727,6695000
2009-07-15,8.170000076293945,8.220000267028809,7.96999979019165,8.09000015258789,8.09000015258789,4547700
2009-07-16,8.029999732971191,8.579999923706055,8.020000457763672,8.520000457763672,8.520000457763672,4438800
2009-07-17,8.539999961853027,8.880000114440918,8.520000457763672,8.680000305175781,8.680000305175781,2472200
2009-07-20,8.770000457763672,8.800000190734863,8.510000228881836,8.609999656677246,8.609999656677246,2743800
2009-07-21,8.6899995803833,8.739999771118164,8.520000457763672,8.579999923706055,8.579999923706055,3119500
2009-07-22,8.5,8.630000114440918,8.390000343322754,8.539999961853027,8.539999961853027,1775300
2009-07-23,8.539999961853027,9.050000190734863,8.470000267028809,9.010000228881836,9.010000228881836,3000900
2009-07-24,8.899999618530273,9.220000267028809,8.869999885559082,9.220000267028809,9.220000267028809,2283700
2009-07-27,9.210000038146973,9.420000076293945,9.210000038146973,9.350000381469727,9.350000381469727,2867400
2009-07-28,9.210000038146973,9.529999732971191,9.210000038146973,9.369999885559082,9.369999885559082,3141500
2009-07-29,9.329999923706055,9.529999732971191,9.25,9.449999809265137,9.449999809265137,3650600
2009-07-30,9.5,9.640000343322754,9.430000305175781,9.510000228881836,9.510000228881836,1788200
2009-07-31,9.449999809265137,9.649999618530273,9.279999732971191,9.520000457763672,9.520000457763672,1143600
2009-08-03,9.600000381469727,9.670000076293945,9.260000228881836,9.609999656677246,9.609999656677246,1830200
2009-08-04,9.529999732971191,9.649999618530273,9.430000305175781,9.539999961853027,9.539999961853027,1125600
2009-08-05,9.529999732971191,9.539999961853027,9.1899995803833,9.270000457763672,9.270000457763672,1706500
2009-08-06,9.329999923706055,9.699999809265137,9.25,9.5600004196167,9.5600004196167,1243300
2009-08-07,9.699999809265137,9.930000305175781,9.600000381469727,9.729999542236328,9.729999542236328,1383000
2009-08-10,9.710000038146973,9.920000076293945,9.649999618530273,9.789999961853027,9.789999961853027,1276500
2009-08-11,9.890000343322754,9.930000305175781,9.619999885559082,9.760000228881836,9.760000228881836,1284200
2009-08-12,9.739999771118164,10.130000114440918,9.699999809265137,9.899999618530273,9.899999618530273,1454800
2009-08-13,10.0,10.270000457763672,9.920000076293945,10.180000305175781,10.180000305175781,2412300
2009-08-14,10.180000305175781,10.229999542236328,10.050000190734863,10.100000381469727,10.100000381469727,2152300
2009-08-17,9.989999771118164,9.989999771118164,9.59000015258789,9.680000305175781,9.680000305175781,1631400
2009-08-18,9.770000457763672,10.180000305175781,9.600000381469727,9.770000457763672,9.770000457763672,1905600
2009-08-19,9.75,10.069999694824219,9.649999618530273,9.989999771118164,9.989999771118164,1420400
2009-08-20,9.9399995803833,10.199999809265137,9.899999618530273,10.149999618530273,10.149999618530273,1929400
2009-08-21,10.25,10.529999732971191,10.130000114440918,10.289999961853027,10.289999961853027,2330800
2009-08-24,10.34000015258789,10.520000457763672,10.270000457763672,10.369999885559082,10.369999885559082,1338400
2009-08-25,10.380000114440918,10.470000267028809,10.199999809265137,10.359999656677246,10.359999656677246,2302900
2009-08-26,10.380000114440918,10.619999885559082,10.25,10.600000381469727,10.600000381469727,1262900
2009-08-27,10.520000457763672,10.899999618530273,10.319999694824219,10.869999885559082,10.869999885559082,2044900
2009-08-28,10.90999984741211,10.979999542236328,10.319999694824219,10.430000305175781,10.430000305175781,2574200
2009-08-31,10.420000076293945,10.65999984741211,10.220000267028809,10.5,10.5,2488300
2009-09-01,10.479999542236328,10.680000305175781,10.020000457763672,10.15999984741211,10.15999984741211,3520300
2009-09-02,10.140000343322754,11.180000305175781,10.029999732971191,10.949999809265137,10.949999809265137,5248300
2009-09-03,10.920000076293945,10.930000305175781,10.460000038146973,10.670000076293945,10.670000076293945,2377200
2009-09-04,10.420000076293945,10.75,10.329999923706055,10.720000267028809,10.720000267028809,1978200
2009-09-08,10.829999923706055,10.90999984741211,10.630000114440918,10.869999885559082,10.869999885559082,1524400
2009-09-09,10.890000343322754,10.960000038146973,10.600000381469727,10.699999809265137,10.699999809265137,2660200
2009-09-10,10.800000190734863,11.210000038146973,10.800000190734863,11.149999618530273,11.149999618530273,3376500
2009-09-11,11.350000381469727,12.100000381469727,11.229999542236328,11.579999923706055,11.579999923706055,4845200
2009-09-14,11.460000038146973,11.579999923706055,11.329999923706055,11.489999771118164,11.489999771118164,1506400
2009-09-15,11.510000228881836,11.75,11.430000305175781,11.479999542236328,11.479999542236328,1249400
2009-09-16,12.100000381469727,12.210000038146973,11.779999732971191,12.119999885559082,12.119999885559082,2980500
2009-09-17,12.069999694824219,12.140000343322754,11.59000015258789,11.640000343322754,11.640000343322754,2017900
2009-09-18,11.699999809265137,11.850000381469727,11.470000267028809,11.729999542236328,11.729999542236328,1346000
2009-09-21,11.3100004196167,11.630000114440918,10.989999771118164,11.149999618530273,11.149999618530273,3545600
2009-09-22,11.229999542236328,11.789999961853027,11.1899995803833,11.720000267028809,11.720000267028809,2528000
2009-09-23,11.680000305175781,12.020000457763672,11.619999885559082,11.739999771118164,11.739999771118164,2106200
2009-09-24,11.729999542236328,11.869999885559082,11.300000190734863,11.430000305175781,11.430000305175781,1105000
2009-09-25,11.350000381469727,11.390000343322754,11.100000381469727,11.25,11.25,1155500
2009-09-28,11.329999923706055,11.600000381469727,11.3100004196167,11.520000457763672,11.520000457763672,724800
2009-09-29,11.550000190734863,11.640000343322754,11.399999618530273,11.420000076293945,11.420000076293945,1011700
2009-09-30,11.5,11.510000228881836,11.109999656677246,11.210000038146973,11.210000038146973,1275400
2009-10-01,11.199999809265137,11.34000015258789,10.760000228881836,10.829999923706055,10.829999923706055,1367300
2009-10-02,10.609999656677246,11.050000190734863,10.550000190734863,10.869999885559082,10.869999885559082,1004600
2009-10-05,10.9399995803833,11.220000267028809,10.880000114440918,10.989999771118164,10.989999771118164,975600
2009-10-06,11.029999732971191,11.279999732971191,10.90999984741211,11.149999618530273,11.149999618530273,1067200
2009-10-07,11.149999618530273,11.239999771118164,10.970000267028809,11.199999809265137,11.199999809265137,668400
2009-10-08,11.260000228881836,11.539999961853027,11.180000305175781,11.520000457763672,11.520000457763672,1427600
2009-10-09,11.550000190734863,11.789999961853027,11.5,11.609999656677246,11.609999656677246,790800
2009-10-12,11.630000114440918,11.779999732971191,11.449999809265137,11.479999542236328,11.479999542236328,1385800
2009-10-13,11.5,11.670000076293945,11.359999656677246,11.65999984741211,11.65999984741211,761500
2009-10-14,11.770000457763672,11.989999771118164,11.510000228881836,11.8100004196167,11.8100004196167,1746500
2009-10-15,11.649999618530273,11.869999885559082,11.40999984741211,11.520000457763672,11.520000457763672,1806200
2009-10-16,11.479999542236328,11.649999618530273,11.149999618530273,11.180000305175781,11.180000305175781,3001000
2009-10-19,11.239999771118164,11.319999694824219,11.039999961853027,11.210000038146973,11.210000038146973,1108400
2009-10-20,11.1899995803833,11.399999618530273,10.8100004196167,10.880000114440918,10.880000114440918,2260800
2009-10-21,10.779999732971191,11.130000114440918,10.600000381469727,10.930000305175781,10.930000305175781,3631200
2009-10-22,10.930000305175781,11.220000267028809,10.779999732971191,11.130000114440918,11.130000114440918,1646100
2009-10-23,11.170000076293945,12.5,11.140000343322754,11.859999656677246,11.859999656677246,8456000
2009-10-26,11.829999923706055,12.569999694824219,11.829999923706055,11.989999771118164,11.989999771118164,3900800
2009-10-27,11.979999542236328,12.329999923706055,11.829999923706055,12.170000076293945,12.170000076293945,2467000
2009-10-28,12.09000015258789,12.09000015258789,11.300000190734863,11.430000305175781,11.430000305175781,3320400
2009-10-29,11.5,11.829999923706055,11.4399995803833,11.59000015258789,11.59000015258789,1707800
2009-10-30,11.489999771118164,11.569999694824219,10.819999694824219,10.970000267028809,10.970000267028809,2003100
2009-11-02,11.0,11.130000114440918,10.770000457763672,10.899999618530273,10.899999618530273,2235500
2009-11-03,10.880000114440918,11.100000381469727,10.800000190734863,10.989999771118164,10.989999771118164,2066800
2009-11-04,11.039999961853027,11.220000267028809,10.899999618530273,11.09000015258789,11.09000015258789,1520400
2009-11-05,11.140000343322754,11.449999809265137,11.050000190734863,11.420000076293945,11.420000076293945,1329000
2009-11-06,11.289999961853027,11.65999984741211,11.1899995803833,11.40999984741211,11.40999984741211,747000
2009-11-09,11.470000267028809,11.789999961853027,11.470000267028809,11.729999542236328,11.729999542236328,1569500
2009-11-10,11.720000267028809,11.800000190734863,11.539999961853027,11.5600004196167,11.5600004196167,1636900
2009-11-11,11.680000305175781,11.829999923706055,11.5,11.75,11.75,1282600
2009-11-12,11.770000457763672,11.899999618530273,11.4399995803833,11.5600004196167,11.5600004196167,1427800
2009-11-13,11.649999618530273,11.979999542236328,11.489999771118164,11.920000076293945,11.920000076293945,1889900
2009-11-16,12.0,12.149999618530273,11.8100004196167,11.880000114440918,11.880000114440918,2052700
2009-11-17,11.899999618530273,11.989999771118164,11.75,11.970000267028809,11.970000267028809,1173300
2009-11-18,11.9399995803833,11.949999809265137,11.5600004196167,11.670000076293945,11.670000076293945,1323000
2009-11-19,11.5600004196167,11.569999694824219,11.199999809265137,11.279999732971191,11.279999732971191,1520500
2009-11-20,11.15999984741211,11.34000015258789,11.079999923706055,11.199999809265137,11.199999809265137,1268200
2009-11-23,11.359999656677246,11.65999984741211,11.34000015258789,11.420000076293945,11.420000076293945,698500
2009-11-24,11.359999656677246,11.569999694824219,11.260000228881836,11.569999694824219,11.569999694824219,786600
2009-11-25,11.579999923706055,11.829999923706055,11.399999618530273,11.680000305175781,11.680000305175781,1646000
2009-11-27,11.369999885559082,11.390000343322754,11.140000343322754,11.239999771118164,11.239999771118164,418000
2009-11-30,11.199999809265137,11.289999961853027,10.989999771118164,11.25,11.25,1005100
2009-12-01,11.350000381469727,11.630000114440918,11.34000015258789,11.399999618530273,11.399999618530273,971200
2009-12-02,11.4399995803833,11.510000228881836,11.180000305175781,11.3100004196167,11.3100004196167,1432400
2009-12-03,11.350000381469727,11.390000343322754,10.869999885559082,10.920000076293945,10.920000076293945,4065700
2009-12-04,7.5,7.960000038146973,7.0,7.739999771118164,7.739999771118164,52797400
2009-12-07,7.840000152587891,8.140000343322754,7.789999961853027,7.909999847412109,7.909999847412109,13986600
2009-12-08,7.820000171661377,8.039999961853027,7.769999980926514,7.900000095367432,7.900000095367432,5205500
2009-12-09,7.96999979019165,7.96999979019165,7.710000038146973,7.849999904632568,7.849999904632568,4064000
2009-12-10,7.989999771118164,7.989999771118164,7.650000095367432,7.78000020980835,7.78000020980835,4082500
2009-12-11,7.809999942779541,7.880000114440918,7.710000038146973,7.800000190734863,7.800000190734863,3145500
2009-12-14,7.860000133514404,7.929999828338623,7.760000228881836,7.920000076293945,7.920000076293945,2054900
2009-12-15,7.909999847412109,8.319999694824219,7.820000171661377,8.0600004196167,8.0600004196167,4927300
2009-12-16,8.0600004196167,8.149999618530273,7.800000190734863,8.100000381469727,8.100000381469727,3872300
2009-12-17,8.100000381469727,8.319999694824219,7.96999979019165,8.25,8.25,5935300
2009-12-18,9.270000457763672,9.640000343322754,8.869999885559082,9.010000228881836,9.010000228881836,19671200
2009-12-21,9.180000305175781,9.4399995803833,9.079999923706055,9.430000305175781,9.430000305175781,4561200
2009-12-22,9.050000190734863,9.539999961853027,8.880000114440918,9.5,9.5,8517700
2009-12-23,9.600000381469727,9.90999984741211,9.510000228881836,9.899999618530273,9.899999618530273,3360300
2009-12-24,9.890000343322754,10.1899995803833,9.720000267028809,10.069999694824219,10.069999694824219,1528800
2009-12-28,10.109999656677246,10.119999885559082,9.6899995803833,9.859999656677246,9.859999656677246,2579600
2009-12-29,9.84000015258789,10.0600004196167,9.789999961853027,10.050000190734863,10.050000190734863,1395800
2009-12-30,9.890000343322754,10.1899995803833,9.890000343322754,10.1899995803833,10.1899995803833,1504100
2009-12-31,10.210000038146973,10.300000190734863,10.039999961853027,10.050000190734863,10.050000190734863,1621100
2010-01-04,10.180000305175781,10.600000381469727,10.079999923706055,10.399999618530273,10.399999618530273,3666400
2010-01-05,10.380000114440918,10.489999771118164,10.109999656677246,10.470000267028809,10.470000267028809,4442300
2010-01-06,10.460000038146973,10.65999984741211,10.329999923706055,10.4399995803833,10.4399995803833,2829400
2010-01-07,10.390000343322754,10.430000305175781,9.989999771118164,10.390000343322754,10.390000343322754,2655500
2010-01-08,10.329999923706055,10.489999771118164,10.270000457763672,10.420000076293945,10.420000076293945,2143400
2010-01-11,10.5,10.819999694824219,10.40999984741211,10.680000305175781,10.680000305175781,3858200
2010-01-12,10.5600004196167,10.5600004196167,10.140000343322754,10.1899995803833,10.1899995803833,2808300
2010-01-13,10.25,10.369999885559082,10.050000190734863,10.359999656677246,10.359999656677246,1691100
2010-01-14,10.300000190734863,10.380000114440918,10.119999885559082,10.149999618530273,10.149999618530273,1403500
2010-01-15,10.199999809265137,10.289999961853027,9.920000076293945,10.079999923706055,10.079999923706055,2084500
2010-01-19,10.0600004196167,10.25,9.829999923706055,9.949999809265137,9.949999809265137,3223100
2010-01-20,9.899999618530273,9.979999542236328,9.529999732971191,9.729999542236328,9.729999542236328,3587600
2010-01-21,9.8100004196167,9.890000343322754,9.359999656677246,9.369999885559082,9.369999885559082,2600600
2010-01-22,9.880000114440918,9.880000114440918,9.25,9.289999961853027,9.289999961853027,2730300
2010-01-25,9.300000190734863,9.350000381469727,8.970000267028809,9.119999885559082,9.119999885559082,3342700
2010-01-26,9.0600004196167,9.289999961853027,9.0600004196167,9.199999809265137,9.199999809265137,2461700
2010-01-27,9.149999618530273,9.369999885559082,9.130000114440918,9.329999923706055,9.329999923706055,1938400
2010-01-28,9.34000015258789,9.420000076293945,9.079999923706055,9.279999732971191,9.279999732971191,1946700
2010-01-29,9.75,9.75,9.25,9.279999732971191,9.279999732971191,4289600
2010-02-01,9.289999961853027,9.40999984741211,9.279999732971191,9.34000015258789,9.34000015258789,1705400
2010-02-02,9.319999694824219,9.399999618530273,9.199999809265137,9.34000015258789,9.34000015258789,1847300
2010-02-03,9.329999923706055,9.819999694824219,9.329999923706055,9.600000381469727,9.600000381469727,4273300
2010-02-04,9.550000190734863,9.760000228881836,9.149999618530273,9.25,9.25,2636800
2010-02-05,9.270000457763672,9.350000381469727,9.09000015258789,9.289999961853027,9.289999961853027,2604200
2010-02-08,9.329999923706055,9.539999961853027,9.180000305175781,9.449999809265137,9.449999809265137,1760700
2010-02-09,9.5600004196167,9.65999984741211,9.350000381469727,9.520000457763672,9.520000457763672,1960200
2010-02-10,9.5,9.739999771118164,9.479999542236328,9.710000038146973,9.710000038146973,1729500
2010-02-11,9.640000343322754,9.960000038146973,9.569999694824219,9.859999656677246,9.859999656677246,1771000
2010-02-12,9.739999771118164,9.75,9.5,9.649999618530273,9.649999618530273,1384900
2010-02-16,9.699999809265137,9.829999923706055,9.569999694824219,9.75,9.75,1072200
2010-02-17,9.789999961853027,9.930000305175781,9.630000114440918,9.65999984741211,9.65999984741211,2178500
2010-02-18,9.680000305175781,9.6899995803833,9.5,9.640000343322754,9.640000343322754,1523000
2010-02-19,9.59000015258789,9.680000305175781,9.40999984741211,9.5,9.5,1641600
2010-02-22,9.520000457763672,9.569999694824219,9.1899995803833,9.239999771118164,9.239999771118164,2405200
2010-02-23,9.239999771118164,9.329999923706055,9.140000343322754,9.319999694824219,9.319999694824219,1630300
2010-02-24,9.319999694824219,9.34000015258789,9.15999984741211,9.220000267028809,9.220000267028809,1390300
2010-02-25,9.119999885559082,9.279999732971191,9.029999732971191,9.279999732971191,9.279999732971191,1538400
2010-02-26,9.3100004196167,9.640000343322754,9.210000038146973,9.619999885559082,9.619999885559082,2811100
2010-03-01,9.619999885559082,9.75,9.390000343322754,9.4399995803833,9.4399995803833,2125100
2010-03-02,9.489999771118164,9.550000190734863,9.239999771118164,9.279999732971191,9.279999732971191,2160100
2010-03-03,9.260000228881836,9.319999694824219,8.9399995803833,9.029999732971191,9.029999732971191,5512400
2010-03-04,9.5,10.020000457763672,9.3100004196167,10.020000457763672,10.020000457763672,7570800
2010-03-05,10.029999732971191,10.220000267028809,9.90999984741211,9.989999771118164,9.989999771118164,3041400
2010-03-08,10.039999961853027,10.25,9.930000305175781,10.180000305175781,10.180000305175781,1674200
2010-03-09,10.229999542236328,10.449999809265137,10.1899995803833,10.390000343322754,10.390000343322754,1741100
2010-03-10,10.420000076293945,10.539999961853027,10.319999694824219,10.5,10.5,1526000
2010-03-11,10.420000076293945,10.420000076293945,10.109999656677246,10.220000267028809,10.220000267028809,1725500
2010-03-12,10.199999809265137,10.279999732971191,10.039999961853027,10.130000114440918,10.130000114440918,1044600
2010-03-15,9.960000038146973,10.130000114440918,9.850000381469727,10.119999885559082,10.119999885559082,1304400
2010-03-16,10.130000114440918,10.140000343322754,9.850000381469727,9.960000038146973,9.960000038146973,1801300
2010-03-17,9.970000267028809,10.0,9.760000228881836,9.829999923706055,9.829999923706055,1509000
2010-03-18,9.899999618530273,10.180000305175781,9.819999694824219,10.0,10.0,1736300
2010-03-19,10.0600004196167,10.119999885559082,9.8100004196167,10.020000457763672,10.020000457763672,3063600
2010-03-22,9.9399995803833,10.460000038146973,9.789999961853027,10.270000457763672,10.270000457763672,4066500
2010-03-23,10.239999771118164,10.510000228881836,10.239999771118164,10.5,10.5,1799300
2010-03-24,10.479999542236328,10.550000190734863,10.350000381469727,10.380000114440918,10.380000114440918,1011900
2010-03-25,10.399999618530273,10.449999809265137,10.170000076293945,10.180000305175781,10.180000305175781,1252200
2010-03-26,10.239999771118164,10.319999694824219,10.039999961853027,10.210000038146973,10.210000038146973,1246300
2010-03-29,10.199999809265137,10.260000228881836,10.050000190734863,10.109999656677246,10.109999656677246,953000
2010-03-30,10.079999923706055,10.1899995803833,9.979999542236328,10.09000015258789,10.09000015258789,1062600
2010-03-31,10.029999732971191,10.079999923706055,9.850000381469727,9.869999885559082,9.869999885559082,1402400
2010-04-01,9.880000114440918,10.069999694824219,9.869999885559082,10.039999961853027,10.039999961853027,1306500
2010-04-05,10.09000015258789,10.359999656677246,10.010000228881836,10.359999656677246,10.359999656677246,1215500
2010-04-06,10.300000190734863,10.5,10.270000457763672,10.420000076293945,10.420000076293945,1074700
2010-04-07,10.380000114440918,10.4399995803833,10.260000228881836,10.319999694824219,10.319999694824219,1346600
2010-04-08,10.319999694824219,10.40999984741211,10.170000076293945,10.380000114440918,10.380000114440918,1284000
2010-04-09,10.460000038146973,10.550000190734863,10.3100004196167,10.510000228881836,10.510000228881836,1387400
2010-04-12,10.569999694824219,10.869999885559082,10.510000228881836,10.869999885559082,10.869999885559082,1357900
2010-04-13,10.869999885559082,10.90999984741211,10.720000267028809,10.859999656677246,10.859999656677246,1070200
2010-04-14,10.859999656677246,11.1899995803833,10.8100004196167,10.859999656677246,10.859999656677246,2304800
2010-04-15,10.890000343322754,10.930000305175781,10.640000343322754,10.789999961853027,10.789999961853027,1665700
2010-04-16,10.739999771118164,10.890000343322754,10.460000038146973,10.649999618530273,10.649999618530273,1495000
2010-04-19,10.600000381469727,10.640000343322754,10.289999961853027,10.380000114440918,10.380000114440918,1448400
2010-04-20,10.449999809265137,10.569999694824219,10.239999771118164,10.479999542236328,10.479999542236328,2640300
2010-04-21,10.479999542236328,10.75,10.470000267028809,10.680000305175781,10.680000305175781,1272200
2010-04-22,10.65999984741211,10.880000114440918,10.510000228881836,10.84000015258789,10.84000015258789,1374400
2010-04-23,10.859999656677246,11.25,10.829999923706055,11.210000038146973,11.210000038146973,1778600
2010-04-26,11.239999771118164,11.25,11.029999732971191,11.09000015258789,11.09000015258789,1660500
2010-04-27,11.079999923706055,11.199999809265137,10.770000457763672,10.800000190734863,10.800000190734863,2881600
2010-04-28,10.84000015258789,10.920000076293945,10.550000190734863,10.649999618530273,10.649999618530273,1452900
2010-04-29,10.699999809265137,11.0,10.579999923706055,11.0,11.0,1538100
2010-04-30,10.989999771118164,11.029999732971191,10.800000190734863,10.850000381469727,10.850000381469727,1366500
2010-05-03,10.829999923706055,11.170000076293945,10.739999771118164,11.170000076293945,11.170000076293945,1249600
2010-05-04,11.039999961853027,11.130000114440918,10.520000457763672,10.59000015258789,10.59000015258789,1860700
2010-05-05,10.5,10.520000457763672,10.149999618530273,10.289999961853027,10.289999961853027,1929700
2010-05-06,10.289999961853027,10.479999542236328,9.270000457763672,9.829999923706055,9.829999923706055,2306800
2010-05-07,9.800000190734863,9.989999771118164,9.34000015258789,9.829999923706055,9.829999923706055,3586800
2010-05-10,10.470000267028809,11.029999732971191,10.300000190734863,10.539999961853027,10.539999961853027,2020500
2010-05-11,10.470000267028809,10.859999656677246,10.390000343322754,10.670000076293945,10.670000076293945,1417200
2010-05-12,10.739999771118164,11.300000190734863,10.640000343322754,11.029999732971191,11.029999732971191,2148800
2010-05-13,11.010000228881836,11.4399995803833,11.010000228881836,11.239999771118164,11.239999771118164,1950700
2010-05-14,11.020000457763672,11.09000015258789,10.640000343322754,11.069999694824219,11.069999694824219,3375500
2010-05-17,11.170000076293945,11.25,10.819999694824219,11.25,11.25,2786400
2010-05-18,11.369999885559082,11.600000381469727,11.15999984741211,11.180000305175781,11.180000305175781,4472900
2010-05-19,11.180000305175781,11.229999542236328,10.859999656677246,11.0,11.0,2581800
2010-05-20,10.899999618530273,11.039999961853027,10.539999961853027,10.6899995803833,10.6899995803833,3395800
2010-05-21,10.5600004196167,10.869999885559082,10.420000076293945,10.760000228881836,10.760000228881836,2703900
2010-05-24,10.760000228881836,11.020000457763672,10.760000228881836,10.819999694824219,10.819999694824219,1791000
2010-05-25,10.4399995803833,10.699999809265137,10.25,10.649999618530273,10.649999618530273,2891700
2010-05-26,10.710000038146973,10.960000038146973,10.300000190734863,10.40999984741211,10.40999984741211,3512100
2010-05-27,10.600000381469727,10.760000228881836,10.489999771118164,10.729999542236328,10.729999542236328,2066500
2010-05-28,11.100000381469727,11.65999984741211,10.949999809265137,11.569999694824219,11.569999694824219,4833300
2010-06-01,11.539999961853027,11.84000015258789,11.180000305175781,11.1899995803833,11.1899995803833,2780000
2010-06-02,11.260000228881836,11.520000457763672,11.15999984741211,11.399999618530273,11.399999618530273,3152600
2010-06-03,11.420000076293945,11.579999923706055,11.34000015258789,11.529999732971191,11.529999732971191,2322200
2010-06-04,11.279999732971191,11.4399995803833,10.979999542236328,11.029999732971191,11.029999732971191,2609500
2010-06-07,11.109999656677246,11.25,10.630000114440918,10.640000343322754,10.640000343322754,3224200
2010-06-08,10.640000343322754,10.779999732971191,10.279999732971191,10.520000457763672,10.520000457763672,2990000
2010-06-09,10.989999771118164,11.0,9.710000038146973,9.710000038146973,9.710000038146973,9433300
2010-06-10,9.869999885559082,10.1899995803833,9.75,10.1899995803833,10.1899995803833,3247900
2010-06-11,10.050000190734863,10.470000267028809,10.029999732971191,10.4399995803833,10.4399995803833,2583900
2010-06-14,10.289999961853027,10.350000381469727,10.0,10.029999732971191,10.029999732971191,2404500
2010-06-15,10.149999618530273,10.3100004196167,10.0600004196167,10.3100004196167,10.3100004196167,1808200
2010-06-16,10.25,10.430000305175781,10.130000114440918,10.260000228881836,10.260000228881836,1383100
2010-06-17,10.300000190734863,10.399999618530273,10.199999809265137,10.300000190734863,10.300000190734863,1013300
2010-06-18,10.329999923706055,10.380000114440918,9.970000267028809,10.069999694824219,10.069999694824219,1948900
2010-06-21,10.109999656677246,10.199999809265137,9.890000343322754,9.979999542236328,9.979999542236328,1341400
2010-06-22,10.0600004196167,10.149999618530273,9.680000305175781,9.720000267028809,9.720000267028809,1516800
2010-06-23,9.720000267028809,9.850000381469727,9.510000228881836,9.569999694824219,9.569999694824219,2301100
2010-06-24,9.569999694824219,9.65999984741211,9.390000343322754,9.510000228881836,9.510000228881836,1934200
2010-06-25,9.520000457763672,9.989999771118164,9.4399995803833,9.84000015258789,9.84000015258789,3838900
2010-06-28,9.819999694824219,9.989999771118164,9.699999809265137,9.75,9.75,1468500
2010-06-29,9.59000015258789,9.739999771118164,9.1899995803833,9.25,9.25,2049600
2010-06-30,9.25,9.369999885559082,8.979999542236328,9.0,9.0,1694000
2010-07-01,8.989999771118164,9.020000457763672,8.680000305175781,8.850000381469727,8.850000381469727,2155900
2010-07-02,8.899999618530273,9.170000076293945,8.899999618530273,9.010000228881836,9.010000228881836,1972400
2010-07-06,9.0600004196167,9.229999542236328,8.800000190734863,8.90999984741211,8.90999984741211,2395000
2010-07-07,8.979999542236328,9.770000457763672,8.859999656677246,9.75,9.75,3171400
2010-07-08,9.8100004196167,9.920000076293945,9.270000457763672,9.390000343322754,9.390000343322754,2999000
2010-07-09,9.390000343322754,9.5600004196167,9.329999923706055,9.489999771118164,9.489999771118164,1110800
2010-07-12,9.4399995803833,9.59000015258789,9.229999542236328,9.550000190734863,9.550000190734863,1878300
2010-07-13,9.680000305175781,10.199999809265137,9.579999923706055,10.140000343322754,10.140000343322754,2224700
2010-07-14,10.09000015258789,10.149999618530273,9.800000190734863,9.920000076293945,9.920000076293945,1995100
2010-07-15,9.899999618530273,9.930000305175781,9.649999618530273,9.829999923706055,9.829999923706055,1760000
2010-07-16,9.899999618530273,9.979999542236328,9.600000381469727,9.760000228881836,9.760000228881836,1770600
2010-07-19,9.789999961853027,10.100000381469727,9.65999984741211,10.039999961853027,10.039999961853027,1771600
2010-07-20,9.920000076293945,9.920000076293945,9.65999984741211,9.859999656677246,9.859999656677246,2082900
2010-07-21,9.930000305175781,9.960000038146973,9.670000076293945,9.699999809265137,9.699999809265137,1399000
2010-07-22,9.829999923706055,10.25,9.800000190734863,10.1899995803833,10.1899995803833,2087600
2010-07-23,10.130000114440918,10.5,9.970000267028809,10.460000038146973,10.460000038146973,1309300
2010-07-26,10.470000267028809,10.770000457763672,10.289999961853027,10.75,10.75,1833400
2010-07-27,10.829999923706055,10.829999923706055,10.449999809265137,10.59000015258789,10.59000015258789,1481700
2010-07-28,10.539999961853027,10.640000343322754,10.1899995803833,10.289999961853027,10.289999961853027,1146400
2010-07-29,10.390000343322754,10.470000267028809,10.050000190734863,10.380000114440918,10.380000114440918,1169800
2010-07-30,10.220000267028809,10.399999618530273,10.079999923706055,10.25,10.25,1226300
2010-08-02,10.399999618530273,10.609999656677246,10.3100004196167,10.430000305175781,10.430000305175781,939500
2010-08-03,10.369999885559082,10.65999984741211,10.319999694824219,10.34000015258789,10.34000015258789,1439200
2010-08-04,10.40999984741211,10.65999984741211,10.270000457763672,10.65999984741211,10.65999984741211,1404000
2010-08-05,10.569999694824219,10.649999618530273,10.34000015258789,10.479999542236328,10.479999542236328,1035900
2010-08-06,10.350000381469727,10.5,10.100000381469727,10.1899995803833,10.1899995803833,1406700
2010-08-09,10.239999771118164,10.289999961853027,10.15999984741211,10.239999771118164,10.239999771118164,776000
2010-08-10,10.149999618530273,10.149999618530273,9.65999984741211,9.680000305175781,9.680000305175781,2154600
2010-08-11,9.609999656677246,9.609999656677246,9.1899995803833,9.1899995803833,9.1899995803833,1744000
2010-08-12,9.069999694824219,9.1899995803833,8.489999771118164,8.510000228881836,8.510000228881836,5116400
2010-08-13,8.920000076293945,8.920000076293945,8.289999961853027,8.289999961853027,8.289999961853027,3593100
2010-08-16,8.25,8.470000267028809,8.199999809265137,8.300000190734863,8.300000190734863,2468200
2010-08-17,8.369999885559082,8.489999771118164,8.229999542236328,8.390000343322754,8.390000343322754,3602400
2010-08-18,8.390000343322754,8.619999885559082,8.350000381469727,8.539999961853027,8.539999961853027,2049500
2010-08-19,8.529999732971191,8.569999694824219,8.300000190734863,8.40999984741211,8.40999984741211,1481300
2010-08-20,8.380000114440918,8.460000038146973,8.260000228881836,8.4399995803833,8.4399995803833,760700
2010-08-23,8.5,8.520000457763672,8.25,8.260000228881836,8.260000228881836,738400
2010-08-24,8.15999984741211,8.289999961853027,8.039999961853027,8.229999542236328,8.229999542236328,1242600
2010-08-25,8.0,8.279999732971191,7.980000019073486,8.270000457763672,8.270000457763672,923700
2010-08-26,8.34000015258789,8.4399995803833,8.149999618530273,8.229999542236328,8.229999542236328,1203500
2010-08-27,8.34000015258789,8.449999809265137,8.149999618530273,8.4399995803833,8.4399995803833,849400
2010-08-30,8.420000076293945,8.550000190734863,8.180000305175781,8.1899995803833,8.1899995803833,901800
2010-08-31,8.140000343322754,8.350000381469727,8.079999923706055,8.300000190734863,8.300000190734863,1534500
2010-09-01,8.4399995803833,8.609999656677246,8.3100004196167,8.5600004196167,8.5600004196167,2791500
2010-09-02,8.520000457763672,8.899999618530273,8.520000457763672,8.850000381469727,8.850000381469727,3758700
2010-09-03,10.050000190734863,10.25,9.449999809265137,9.5,9.5,11885200
2010-09-07,9.449999809265137,9.600000381469727,9.3100004196167,9.359999656677246,9.359999656677246,4125800
2010-09-08,9.350000381469727,9.369999885559082,9.229999542236328,9.239999771118164,9.239999771118164,1849800
2010-09-09,9.359999656677246,9.649999618530273,9.300000190734863,9.34000015258789,9.34000015258789,2368300
2010-09-10,9.350000381469727,9.680000305175781,9.260000228881836,9.569999694824219,9.569999694824219,2263400
2010-09-13,9.670000076293945,9.680000305175781,9.449999809265137,9.569999694824219,9.569999694824219,1966700
2010-09-14,9.520000457763672,9.600000381469727,9.380000114440918,9.529999732971191,9.529999732971191,1280400
2010-09-15,9.619999885559082,9.9399995803833,9.619999885559082,9.869999885559082,9.869999885559082,2296700
2010-09-16,9.850000381469727,9.920000076293945,9.600000381469727,9.75,9.75,1679800
2010-09-17,9.829999923706055,9.850000381469727,9.619999885559082,9.829999923706055,9.829999923706055,1704700
2010-09-20,9.800000190734863,9.970000267028809,9.699999809265137,9.930000305175781,9.930000305175781,1681200
2010-09-21,10.0,10.149999618530273,9.90999984741211,9.989999771118164,9.989999771118164,1684000
2010-09-22,9.9399995803833,10.09000015258789,9.779999732971191,9.949999809265137,9.949999809265137,1617600
2010-09-23,9.869999885559082,10.239999771118164,9.729999542236328,9.739999771118164,9.739999771118164,2146400
2010-09-24,9.880000114440918,10.029999732971191,9.880000114440918,9.989999771118164,9.989999771118164,1179100
2010-09-27,9.979999542236328,10.039999961853027,9.84000015258789,9.899999618530273,9.899999618530273,1157100
2010-09-28,10.050000190734863,10.15999984741211,9.869999885559082,10.100000381469727,10.100000381469727,1435700
2010-09-29,10.029999732971191,10.229999542236328,10.0,10.069999694824219,10.069999694824219,1313300
2010-09-30,10.199999809265137,10.289999961853027,9.970000267028809,10.140000343322754,10.140000343322754,1317000
2010-10-01,10.25,10.3100004196167,10.050000190734863,10.25,10.25,1210900
2010-10-04,10.300000190734863,10.539999961853027,10.180000305175781,10.40999984741211,10.40999984741211,2565200
2010-10-05,10.489999771118164,10.569999694824219,10.369999885559082,10.550000190734863,10.550000190734863,1846600
2010-10-06,10.550000190734863,10.670000076293945,10.369999885559082,10.460000038146973,10.460000038146973,1489800
2010-10-07,10.5,10.550000190734863,10.279999732971191,10.40999984741211,10.40999984741211,766200
2010-10-08,10.390000343322754,10.59000015258789,10.300000190734863,10.529999732971191,10.529999732971191,907600
2010-10-11,10.529999732971191,10.600000381469727,10.479999542236328,10.550000190734863,10.550000190734863,852500
2010-10-12,10.5600004196167,10.680000305175781,10.489999771118164,10.649999618530273,10.649999618530273,1153500
2010-10-13,10.699999809265137,11.0,10.680000305175781,10.899999618530273,10.899999618530273,1970000
2010-10-14,10.920000076293945,10.9399995803833,10.6899995803833,10.829999923706055,10.829999923706055,1971600
2010-10-15,10.930000305175781,10.9399995803833,10.369999885559082,10.569999694824219,10.569999694824219,1830200
2010-10-18,10.609999656677246,10.65999984741211,10.489999771118164,10.550000190734863,10.550000190734863,811500
2010-10-19,10.40999984741211,10.4399995803833,10.079999923706055,10.100000381469727,10.100000381469727,1913700
2010-10-20,10.130000114440918,10.319999694824219,10.130000114440918,10.260000228881836,10.260000228881836,879000
2010-10-21,10.319999694824219,10.390000343322754,10.010000228881836,10.210000038146973,10.210000038146973,1119500
2010-10-22,10.210000038146973,10.300000190734863,10.029999732971191,10.15999984741211,10.15999984741211,1735200
2010-10-25,10.229999542236328,10.239999771118164,9.850000381469727,9.880000114440918,9.880000114440918,2149200
2010-10-26,9.859999656677246,10.279999732971191,9.770000457763672,10.220000267028809,10.220000267028809,1479300
2010-10-27,10.079999923706055,10.289999961853027,10.039999961853027,10.289999961853027,10.289999961853027,1314600
2010-10-28,10.350000381469727,10.380000114440918,10.100000381469727,10.1899995803833,10.1899995803833,879100
2010-10-29,10.149999618530273,10.779999732971191,10.149999618530273,10.670000076293945,10.670000076293945,2223300
2010-11-01,10.729999542236328,10.9399995803833,10.579999923706055,10.789999961853027,10.789999961853027,2687500
2010-11-02,10.9399995803833,11.130000114440918,10.729999542236328,11.109999656677246,11.109999656677246,2660300
2010-11-03,11.109999656677246,11.25,11.029999732971191,11.1899995803833,11.1899995803833,1265800
2010-11-04,11.260000228881836,11.300000190734863,11.079999923706055,11.239999771118164,11.239999771118164,1394500
2010-11-05,11.229999542236328,11.229999542236328,10.989999771118164,11.130000114440918,11.130000114440918,1203400
2010-11-08,11.050000190734863,11.430000305175781,10.920000076293945,11.329999923706055,11.329999923706055,1081600
2010-11-09,11.390000343322754,11.449999809265137,11.210000038146973,11.289999961853027,11.289999961853027,1476600
2010-11-10,11.239999771118164,11.5600004196167,11.170000076293945,11.470000267028809,11.470000267028809,1235100
2010-11-11,11.350000381469727,11.739999771118164,11.210000038146973,11.619999885559082,11.619999885559082,1730600
2010-11-12,11.510000228881836,11.510000228881836,11.069999694824219,11.109999656677246,11.109999656677246,1129100
2010-11-15,11.149999618530273,11.239999771118164,11.0,11.079999923706055,11.079999923706055,850700
2010-11-16,11.050000190734863,11.09000015258789,10.619999885559082,10.729999542236328,10.729999542236328,1388500
2010-11-17,10.800000190734863,11.270000457763672,10.720000267028809,11.220000267028809,11.220000267028809,2185100
2010-11-18,11.399999618530273,11.430000305175781,11.25,11.319999694824219,11.319999694824219,870000
2010-11-19,11.319999694824219,11.449999809265137,11.020000457763672,11.069999694824219,11.069999694824219,1078900
2010-11-22,11.029999732971191,11.210000038146973,10.899999618530273,11.1899995803833,11.1899995803833,1063300
2010-11-23,10.989999771118164,11.0600004196167,10.710000038146973,10.770000457763672,10.770000457763672,1383800
2010-11-24,10.869999885559082,11.09000015258789,10.850000381469727,10.9399995803833,10.9399995803833,1325300
2010-11-26,10.880000114440918,11.130000114440918,10.84000015258789,11.100000381469727,11.100000381469727,395800
2010-11-29,11.0,11.039999961853027,10.710000038146973,11.029999732971191,11.029999732971191,705400
2010-11-30,10.890000343322754,11.140000343322754,10.699999809265137,11.069999694824219,11.069999694824219,1473900
2010-12-01,11.220000267028809,11.489999771118164,11.15999984741211,11.369999885559082,11.369999885559082,1552600
2010-12-02,11.40999984741211,11.539999961853027,11.279999732971191,11.470000267028809,11.470000267028809,710800
2010-12-03,11.449999809265137,12.149999618530273,11.350000381469727,11.989999771118164,11.989999771118164,2060300
2010-12-06,11.960000038146973,12.069999694824219,11.789999961853027,12.039999961853027,12.039999961853027,1033500
2010-12-07,12.170000076293945,12.180000305175781,11.789999961853027,12.0,12.0,1234800
2010-12-08,12.0,12.149999618530273,11.859999656677246,12.069999694824219,12.069999694824219,612000
2010-12-09,12.119999885559082,12.319999694824219,11.989999771118164,12.050000190734863,12.050000190734863,1256700
2010-12-10,12.069999694824219,12.390000343322754,11.9399995803833,12.329999923706055,12.329999923706055,1140800
2010-12-13,12.390000343322754,12.390000343322754,11.880000114440918,11.920000076293945,11.920000076293945,1370100
2010-12-14,11.899999618530273,12.119999885559082,11.819999694824219,12.0600004196167,12.0600004196167,1743700
2010-12-15,11.979999542236328,12.109999656677246,11.850000381469727,12.0,12.0,2888200
2010-12-16,11.979999542236328,12.079999923706055,11.880000114440918,11.9399995803833,11.9399995803833,5222700
2010-12-17,12.859999656677246,13.619999885559082,12.729999542236328,12.930000305175781,12.930000305175781,11047000
2010-12-20,13.130000114440918,13.270000457763672,12.630000114440918,12.850000381469727,12.850000381469727,2351400
2010-12-21,12.6899995803833,12.819999694824219,12.539999961853027,12.5600004196167,12.5600004196167,1909500
2010-12-22,12.489999771118164,12.579999923706055,12.40999984741211,12.569999694824219,12.569999694824219,1261700
2010-12-23,12.539999961853027,12.550000190734863,12.369999885559082,12.40999984741211,12.40999984741211,700500
2010-12-27,12.350000381469727,12.510000228881836,12.180000305175781,12.449999809265137,12.449999809265137,940400
2010-12-28,12.5,12.59000015258789,12.25,12.390000343322754,12.390000343322754,1178300
2010-12-29,12.380000114440918,12.380000114440918,12.170000076293945,12.25,12.25,1227100
2010-12-30,12.199999809265137,12.430000305175781,12.15999984741211,12.279999732971191,12.279999732971191,1034700
2010-12-31,12.210000038146973,12.34000015258789,12.0,12.270000457763672,12.270000457763672,1204000
2011-01-03,12.319999694824219,12.600000381469727,12.260000228881836,12.369999885559082,12.369999885559082,1560900
2011-01-04,12.460000038146973,12.529999732971191,12.199999809265137,12.380000114440918,12.380000114440918,1453400
2011-01-05,12.3100004196167,12.520000457763672,12.3100004196167,12.40999984741211,12.40999984741211,1312400
2011-01-06,12.369999885559082,12.479999542236328,12.210000038146973,12.279999732971191,12.279999732971191,1050300
2011-01-07,12.270000457763672,12.65999984741211,12.119999885559082,12.550000190734863,12.550000190734863,1542100
2011-01-10,12.59000015258789,12.899999618530273,12.550000190734863,12.779999732971191,12.779999732971191,1533200
2011-01-11,12.819999694824219,12.970000267028809,12.699999809265137,12.8100004196167,12.8100004196167,1352200
2011-01-12,12.880000114440918,12.920000076293945,12.65999984741211,12.75,12.75,689300
2011-01-13,12.699999809265137,13.210000038146973,12.680000305175781,13.149999618530273,13.149999618530273,1817900
2011-01-14,13.0,13.119999885559082,12.859999656677246,13.029999732971191,13.029999732971191,1459900
2011-01-18,12.920000076293945,13.079999923706055,12.770000457763672,12.949999809265137,12.949999809265137,1510500
2011-01-19,12.970000267028809,12.989999771118164,12.670000076293945,12.75,12.75,1988400
2011-01-20,12.720000267028809,12.739999771118164,12.300000190734863,12.4399995803833,12.4399995803833,1810000
2011-01-21,12.5,12.539999961853027,12.0600004196167,12.149999618530273,12.149999618530273,1692100
2011-01-24,12.109999656677246,12.300000190734863,12.039999961853027,12.279999732971191,12.279999732971191,903900
2011-01-25,12.170000076293945,12.289999961853027,12.039999961853027,12.220000267028809,12.220000267028809,886600
2011-01-26,12.260000228881836,12.420000076293945,12.079999923706055,12.40999984741211,12.40999984741211,1190200
2011-01-27,12.680000305175781,12.920000076293945,12.539999961853027,12.819999694824219,12.819999694824219,1966300
2011-01-28,12.789999961853027,12.880000114440918,12.210000038146973,12.40999984741211,12.40999984741211,2694700
2011-01-31,12.430000305175781,12.59000015258789,12.3100004196167,12.479999542236328,12.479999542236328,1124300
2011-02-01,12.649999618530273,13.270000457763672,12.600000381469727,13.119999885559082,13.119999885559082,2038600
2011-02-02,13.15999984741211,13.920000076293945,13.15999984741211,13.829999923706055,13.829999923706055,3463000
2011-02-03,13.739999771118164,14.3100004196167,13.5,14.130000114440918,14.130000114440918,3799100
2011-02-04,14.079999923706055,14.220000267028809,13.789999961853027,14.119999885559082,14.119999885559082,2211200
2011-02-07,14.100000381469727,14.399999618530273,14.09000015258789,14.359999656677246,14.359999656677246,1713400
2011-02-08,14.359999656677246,14.539999961853027,14.109999656677246,14.539999961853027,14.539999961853027,4001200
2011-02-09,15.489999771118164,15.5,14.75,14.760000228881836,14.760000228881836,6668200
2011-02-10,14.630000114440918,15.510000228881836,14.600000381469727,15.420000076293945,15.420000076293945,3283600
2011-02-11,15.399999618530273,15.9399995803833,15.0,15.819999694824219,15.819999694824219,3125200
2011-02-14,15.859999656677246,16.270000457763672,15.710000038146973,15.970000267028809,15.970000267028809,2841800
2011-02-15,15.970000267028809,16.15999984741211,15.850000381469727,16.0,16.0,1371400
2011-02-16,16.149999618530273,16.75,16.059999465942383,16.59000015258789,16.59000015258789,2660900
2011-02-17,16.6200008392334,16.709999084472656,16.31999969482422,16.34000015258789,16.34000015258789,2497100
2011-02-18,16.420000076293945,16.440000534057617,16.1200008392334,16.280000686645508,16.280000686645508,1833200
2011-02-22,16.079999923706055,16.190000534057617,15.489999771118164,15.920000076293945,15.920000076293945,1802200
2011-02-23,15.960000038146973,16.139999389648438,15.300000190734863,15.529999732971191,15.529999732971191,3004000
2011-02-24,15.510000228881836,15.949999809265137,15.329999923706055,15.6899995803833,15.6899995803833,2076200
2011-02-25,15.899999618530273,16.350000381469727,15.84000015258789,16.239999771118164,16.239999771118164,1674000
2011-02-28,16.31999969482422,16.3700008392334,15.760000228881836,16.06999969482422,16.06999969482422,1064500
2011-03-01,16.170000076293945,16.239999771118164,15.630000114440918,15.90999984741211,15.90999984741211,1634700
2011-03-02,15.869999885559082,16.030000686645508,15.6899995803833,15.880000114440918,15.880000114440918,1060100
2011-03-03,16.010000228881836,16.270000457763672,15.960000038146973,16.139999389648438,16.139999389648438,1528600
2011-03-04,16.100000381469727,16.190000534057617,15.859999656677246,16.049999237060547,16.049999237060547,1170100
2011-03-07,16.06999969482422,16.299999237060547,15.5,15.670000076293945,15.670000076293945,1434100
2011-03-08,15.609999656677246,16.079999923706055,15.359999656677246,15.800000190734863,15.800000190734863,1777900
2011-03-09,15.800000190734863,15.829999923706055,15.449999809265137,15.5600004196167,15.5600004196167,1338300
2011-03-10,15.25,15.569999694824219,15.010000228881836,15.369999885559082,15.369999885559082,1529900
2011-03-11,15.199999809265137,15.5600004196167,15.15999984741211,15.4399995803833,15.4399995803833,769800
2011-03-14,15.25,15.539999961853027,15.0,15.449999809265137,15.449999809265137,1135000
2011-03-15,14.979999542236328,15.380000114440918,14.800000190734863,15.25,15.25,945200
2011-03-16,15.199999809265137,15.40999984741211,14.699999809265137,14.960000038146973,14.960000038146973,1842000
2011-03-17,15.239999771118164,15.390000343322754,14.890000343322754,14.960000038146973,14.960000038146973,1294500
2011-03-18,15.170000076293945,15.199999809265137,14.770000457763672,15.0600004196167,15.0600004196167,1152100
2011-03-21,15.180000305175781,15.460000038146973,15.119999885559082,15.180000305175781,15.180000305175781,922700
2011-03-22,15.25,15.359999656677246,15.0,15.09000015258789,15.09000015258789,588800
2011-03-23,15.010000228881836,15.350000381469727,14.90999984741211,15.279999732971191,15.279999732971191,1281300
2011-03-24,15.369999885559082,15.739999771118164,15.329999923706055,15.550000190734863,15.550000190734863,794600
2011-03-25,15.640000343322754,15.960000038146973,15.460000038146973,15.609999656677246,15.609999656677246,933000
2011-03-28,15.640000343322754,15.84000015258789,15.5,15.569999694824219,15.569999694824219,1413900
2011-03-29,15.539999961853027,15.989999771118164,15.489999771118164,15.930000305175781,15.930000305175781,1085900
2011-03-30,15.970000267028809,15.979999542236328,15.109999656677246,15.40999984741211,15.40999984741211,3140100
2011-03-31,15.390000343322754,15.489999771118164,15.109999656677246,15.369999885559082,15.369999885559082,1802900
2011-04-01,15.390000343322754,15.390000343322754,15.029999732971191,15.050000190734863,15.050000190734863,1201000
2011-04-04,15.119999885559082,15.289999961853027,14.949999809265137,15.100000381469727,15.100000381469727,1356500
2011-04-05,15.029999732971191,15.40999984741211,15.010000228881836,15.300000190734863,15.300000190734863,1342300
2011-04-06,15.40999984741211,15.8100004196167,15.40999984741211,15.720000267028809,15.720000267028809,1825500
2011-04-07,15.760000228881836,16.0,15.539999961853027,15.65999984741211,15.65999984741211,2119800
2011-04-08,15.75,15.779999732971191,15.359999656677246,15.5600004196167,15.5600004196167,1066900
2011-04-11,15.539999961853027,15.649999618530273,15.279999732971191,15.460000038146973,15.460000038146973,1558000
2011-04-12,15.300000190734863,15.449999809265137,14.930000305175781,15.100000381469727,15.100000381469727,1219100
2011-04-13,15.119999885559082,15.239999771118164,14.930000305175781,15.130000114440918,15.130000114440918,1249700
2011-04-14,15.0,15.279999732971191,14.859999656677246,15.270000457763672,15.270000457763672,875000
2011-04-15,15.229999542236328,15.880000114440918,15.109999656677246,15.5600004196167,15.5600004196167,1899000
2011-04-18,15.4399995803833,15.640000343322754,15.149999618530273,15.300000190734863,15.300000190734863,948100
2011-04-19,15.260000228881836,15.329999923706055,15.0600004196167,15.300000190734863,15.300000190734863,926600
2011-04-20,15.5,15.8100004196167,15.399999618530273,15.630000114440918,15.630000114440918,1174300
2011-04-21,15.770000457763672,15.800000190734863,15.550000190734863,15.59000015258789,15.59000015258789,559000
2011-04-25,15.569999694824219,15.569999694824219,15.289999961853027,15.460000038146973,15.460000038146973,712400
2011-04-26,15.5,15.779999732971191,15.449999809265137,15.539999961853027,15.539999961853027,1100000
2011-04-27,15.529999732971191,16.540000915527344,15.380000114440918,16.170000076293945,16.170000076293945,3146800
2011-04-28,16.020000457763672,16.34000015258789,15.75,16.290000915527344,16.290000915527344,1900000
2011-04-29,16.329999923706055,16.59000015258789,16.149999618530273,16.18000030517578,16.18000030517578,1300000
2011-05-02,16.200000762939453,16.3799991607666,16.020000457763672,16.100000381469727,16.100000381469727,1058200
2011-05-03,16.030000686645508,16.079999923706055,15.600000381469727,15.970000267028809,15.970000267028809,1499900
2011-05-04,15.979999542236328,15.989999771118164,15.380000114440918,15.529999732971191,15.529999732971191,1396400
2011-05-05,15.369999885559082,15.9399995803833,15.369999885559082,15.670000076293945,15.670000076293945,1100000
2011-05-06,15.8100004196167,15.84000015258789,15.449999809265137,15.600000381469727,15.600000381469727,1111800
2011-05-09,15.5600004196167,15.90999984741211,15.5,15.770000457763672,15.770000457763672,589400
2011-05-10,15.90999984741211,16.389999389648438,15.770000457763672,16.18000030517578,16.18000030517578,1266800
2011-05-11,16.09000015258789,16.200000762939453,15.75,16.040000915527344,16.040000915527344,1300000
2011-05-12,15.960000038146973,16.170000076293945,15.710000038146973,15.989999771118164,15.989999771118164,1000000
2011-05-13,16.040000915527344,16.6200008392334,15.880000114440918,15.930000305175781,15.930000305175781,1574800
2011-05-16,15.850000381469727,16.190000534057617,15.680000305175781,15.869999885559082,15.869999885559082,2041200
2011-05-17,15.760000228881836,17.5,15.760000228881836,17.100000381469727,17.100000381469727,6100400
2011-05-18,17.040000915527344,17.280000686645508,16.760000228881836,17.06999969482422,17.06999969482422,3250300
2011-05-19,17.25,17.579999923706055,17.06999969482422,17.40999984741211,17.40999984741211,3622500
2011-05-20,17.030000686645508,17.25,16.829999923706055,16.8799991607666,16.8799991607666,2571700
2011-05-23,16.65999984741211,16.770000457763672,16.309999465942383,16.450000762939453,16.450000762939453,2296200
2011-05-24,16.479999542236328,16.56999969482422,15.9399995803833,16.100000381469727,16.100000381469727,3393900
2011-05-25,16.1299991607666,17.1200008392334,16.110000610351562,16.6200008392334,16.6200008392334,5284100
2011-05-26,16.510000228881836,17.209999084472656,16.31999969482422,16.760000228881836,16.760000228881836,4469000
2011-05-27,16.549999237060547,16.670000076293945,16.190000534057617,16.389999389648438,16.389999389648438,2048300
2011-05-31,16.56999969482422,16.649999618530273,16.100000381469727,16.389999389648438,16.389999389648438,3106900
2011-06-01,16.389999389648438,16.530000686645508,16.280000686645508,16.31999969482422,16.31999969482422,2506100
2011-06-02,16.40999984741211,16.579999923706055,16.270000457763672,16.290000915527344,16.290000915527344,2367300
2011-06-03,16.049999237060547,16.399999618530273,15.8100004196167,16.170000076293945,16.170000076293945,1572700
2011-06-06,16.100000381469727,16.229999542236328,15.84000015258789,15.869999885559082,15.869999885559082,1430100
2011-06-07,15.949999809265137,16.06999969482422,15.680000305175781,15.8100004196167,15.8100004196167,1964700
2011-06-08,15.739999771118164,16.0,15.279999732971191,15.289999961853027,15.289999961853027,3829900
2011-06-09,15.329999923706055,15.84000015258789,15.140000343322754,15.729999542236328,15.729999542236328,3326500
2011-06-10,15.65999984741211,15.760000228881836,15.399999618530273,15.59000015258789,15.59000015258789,2546900
2011-06-13,15.5600004196167,15.579999923706055,15.300000190734863,15.420000076293945,15.420000076293945,1428900
2011-06-14,15.180000305175781,15.300000190734863,14.640000343322754,15.0,15.0,5485200
2011-06-15,14.949999809265137,14.989999771118164,14.470000267028809,14.529999732971191,14.529999732971191,3483700
2011-06-16,14.529999732971191,14.670000076293945,14.260000228881836,14.489999771118164,14.489999771118164,1796800
2011-06-17,14.569999694824219,14.75,14.380000114440918,14.489999771118164,14.489999771118164,2322400
2011-06-20,14.520000457763672,14.710000038146973,14.390000343322754,14.630000114440918,14.630000114440918,1809600
2011-06-21,14.670000076293945,15.0,14.579999923706055,14.9399995803833,14.9399995803833,1656000
2011-06-22,14.800000190734863,14.960000038146973,14.75,14.859999656677246,14.859999656677246,1987800
2011-06-23,14.739999771118164,15.300000190734863,14.649999618530273,15.210000038146973,15.210000038146973,2608400
2011-06-24,15.210000038146973,15.300000190734863,14.760000228881836,14.800000190734863,14.800000190734863,3002000
2011-06-27,14.800000190734863,15.390000343322754,14.760000228881836,15.140000343322754,15.140000343322754,1614900
2011-06-28,15.270000457763672,15.329999923706055,14.989999771118164,15.260000228881836,15.260000228881836,1146800
2011-06-29,15.350000381469727,15.579999923706055,15.180000305175781,15.380000114440918,15.380000114440918,1487400
2011-06-30,15.4399995803833,15.619999885559082,14.949999809265137,15.279999732971191,15.279999732971191,1633600
2011-07-01,15.359999656677246,15.470000267028809,15.220000267028809,15.420000076293945,15.420000076293945,1396300
2011-07-05,15.380000114440918,15.699999809265137,15.350000381469727,15.569999694824219,15.569999694824219,993700
2011-07-06,15.470000267028809,15.630000114440918,15.329999923706055,15.479999542236328,15.479999542236328,1095200
2011-07-07,15.6899995803833,15.770000457763672,15.550000190734863,15.579999923706055,15.579999923706055,1444600
2011-07-08,15.380000114440918,15.4399995803833,15.149999618530273,15.359999656677246,15.359999656677246,1157600
2011-07-11,15.140000343322754,15.260000228881836,14.75,14.84000015258789,14.84000015258789,1331900
2011-07-12,14.770000457763672,14.920000076293945,14.600000381469727,14.770000457763672,14.770000457763672,1816900
2011-07-13,14.779999732971191,14.989999771118164,14.680000305175781,14.75,14.75,750500
2011-07-14,14.729999542236328,14.890000343322754,14.199999809265137,14.489999771118164,14.489999771118164,1389600
2011-07-15,14.5,14.579999923706055,14.25,14.369999885559082,14.369999885559082,1158100
2011-07-18,14.369999885559082,14.369999885559082,13.949999809265137,14.210000038146973,14.210000038146973,1582700
2011-07-19,14.359999656677246,14.670000076293945,14.319999694824219,14.449999809265137,14.449999809265137,1321200
2011-07-20,14.449999809265137,14.449999809265137,13.890000343322754,14.15999984741211,14.15999984741211,1850500
2011-07-21,14.170000076293945,14.5,14.020000457763672,14.199999809265137,14.199999809265137,1503300
2011-07-22,14.229999542236328,14.319999694824219,14.050000190734863,14.079999923706055,14.079999923706055,1024100
2011-07-25,14.010000228881836,14.170000076293945,13.859999656677246,14.09000015258789,14.09000015258789,708800
2011-07-26,14.039999961853027,14.140000343322754,13.869999885559082,14.069999694824219,14.069999694824219,780400
2011-07-27,14.0600004196167,14.079999923706055,13.59000015258789,13.65999984741211,13.65999984741211,1496900
2011-07-28,13.6899995803833,13.720000267028809,13.5,13.510000228881836,13.510000228881836,1080000
2011-07-29,13.319999694824219,13.59000015258789,13.210000038146973,13.489999771118164,13.489999771118164,1109300
2011-08-01,13.5600004196167,13.619999885559082,13.039999961853027,13.25,13.25,1043900
2011-08-02,13.420000076293945,13.529999732971191,12.760000228881836,12.760000228881836,12.760000228881836,1290500
2011-08-03,12.829999923706055,13.109999656677246,12.420000076293945,13.050000190734863,13.050000190734863,1832800
2011-08-04,12.9399995803833,12.9399995803833,12.270000457763672,12.279999732971191,12.279999732971191,2331200
2011-08-05,12.470000267028809,12.649999618530273,11.65999984741211,12.140000343322754,12.140000343322754,3521800
2011-08-08,11.649999618530273,11.989999771118164,10.859999656677246,11.069999694824219,11.069999694824219,3139000
2011-08-09,10.789999961853027,12.0,10.75,11.609999656677246,11.609999656677246,5513800
2011-08-10,11.239999771118164,11.529999732971191,10.65999984741211,10.800000190734863,10.800000190734863,2961700
2011-08-11,10.859999656677246,11.4399995803833,10.630000114440918,11.239999771118164,11.239999771118164,2227600
2011-08-12,11.390000343322754,11.600000381469727,11.1899995803833,11.479999542236328,11.479999542236328,1594500
2011-08-15,11.550000190734863,12.020000457763672,11.5,11.90999984741211,11.90999984741211,1925000
2011-08-16,11.819999694824219,11.880000114440918,11.479999542236328,11.630000114440918,11.630000114440918,1548800
2011-08-17,11.720000267028809,11.739999771118164,11.420000076293945,11.59000015258789,11.59000015258789,1077900
2011-08-18,11.220000267028809,11.350000381469727,10.8100004196167,10.9399995803833,10.9399995803833,1644000
2011-08-19,10.800000190734863,11.319999694824219,10.680000305175781,10.9399995803833,10.9399995803833,1492000
2011-08-22,11.289999961853027,11.430000305175781,10.960000038146973,11.020000457763672,11.020000457763672,1680700
2011-08-23,11.15999984741211,11.800000190734863,10.979999542236328,11.65999984741211,11.65999984741211,1854600
2011-08-24,11.6899995803833,11.899999618530273,11.539999961853027,11.8100004196167,11.8100004196167,1481300
2011-08-25,11.829999923706055,11.920000076293945,11.569999694824219,11.75,11.75,1533800
2011-08-26,11.649999618530273,12.1899995803833,11.5,12.079999923706055,12.079999923706055,1026200
2011-08-29,12.199999809265137,12.760000228881836,12.130000114440918,12.699999809265137,12.699999809265137,1687700
2011-08-30,12.779999732971191,13.529999732971191,12.489999771118164,13.140000343322754,13.140000343322754,2902200
2011-08-31,13.289999961853027,13.649999618530273,13.029999732971191,13.220000267028809,13.220000267028809,1855100
2011-09-01,13.270000457763672,13.550000190734863,12.8100004196167,12.819999694824219,12.819999694824219,1762200
2011-09-02,12.59000015258789,12.760000228881836,12.5,12.609999656677246,12.609999656677246,1264000
2011-09-06,12.260000228881836,12.680000305175781,12.220000267028809,12.609999656677246,12.609999656677246,1371500
2011-09-07,12.859999656677246,13.09000015258789,12.760000228881836,13.050000190734863,13.050000190734863,1316300
2011-09-08,13.010000228881836,13.699999809265137,12.9399995803833,13.40999984741211,13.40999984741211,3040400
2011-09-09,13.270000457763672,13.550000190734863,13.220000267028809,13.4399995803833,13.4399995803833,2366500
2011-09-12,13.34000015258789,13.609999656677246,13.100000381469727,13.579999923706055,13.579999923706055,1689400
2011-09-13,13.569999694824219,13.84000015258789,13.140000343322754,13.760000228881836,13.760000228881836,1930700
2011-09-14,13.680000305175781,14.130000114440918,13.600000381469727,13.960000038146973,13.960000038146973,1927900
2011-09-15,14.039999961853027,14.149999618530273,13.729999542236328,14.0,14.0,1248300
2011-09-16,14.0,14.020000457763672,13.710000038146973,14.010000228881836,14.010000228881836,1269300
2011-09-19,13.710000038146973,13.930000305175781,13.4399995803833,13.779999732971191,13.779999732971191,804700
2011-09-20,13.84000015258789,14.039999961853027,13.569999694824219,13.600000381469727,13.600000381469727,907600
2011-09-21,13.630000114440918,13.880000114440918,13.239999771118164,13.239999771118164,13.239999771118164,1444600
2011-09-22,12.850000381469727,13.039999961853027,12.40999984741211,12.619999885559082,12.619999885559082,2668700
2011-09-23,12.579999923706055,12.949999809265137,12.479999542236328,12.880000114440918,12.880000114440918,1242100
2011-09-26,12.960000038146973,13.229999542236328,12.720000267028809,13.1899995803833,13.1899995803833,900500
2011-09-27,13.430000305175781,13.600000381469727,13.220000267028809,13.329999923706055,13.329999923706055,1122300
2011-09-28,13.380000114440918,13.40999984741211,12.899999618530273,12.899999618530273,12.899999618530273,1425400
2011-09-29,13.149999618530273,13.279999732971191,12.729999542236328,13.15999984741211,13.15999984741211,1542500
2011-09-30,13.0,13.100000381469727,12.710000038146973,12.720000267028809,12.720000267028809,1288600
2011-10-03,12.579999923706055,12.949999809265137,12.25,12.25,12.25,1953400
2011-10-04,12.15999984741211,12.4399995803833,11.779999732971191,12.430000305175781,12.430000305175781,2193300
2011-10-05,12.4399995803833,13.279999732971191,12.289999961853027,13.220000267028809,13.220000267028809,1713400
2011-10-06,13.289999961853027,14.100000381469727,13.239999771118164,14.09000015258789,14.09000015258789,2483400
2011-10-07,14.140000343322754,14.140000343322754,13.430000305175781,13.5600004196167,13.5600004196167,2112200
2011-10-10,13.819999694824219,14.550000190734863,13.75,14.420000076293945,14.420000076293945,1720600
2011-10-11,14.239999771118164,14.449999809265137,14.130000114440918,14.359999656677246,14.359999656677246,2036900
2011-10-12,14.449999809265137,14.609999656677246,14.229999542236328,14.279999732971191,14.279999732971191,1124400
2011-10-13,14.239999771118164,14.40999984741211,14.15999984741211,14.289999961853027,14.289999961853027,839900
2011-10-14,14.4399995803833,14.4399995803833,14.010000228881836,14.039999961853027,14.039999961853027,1061700
2011-10-17,13.890000343322754,14.100000381469727,13.84000015258789,13.920000076293945,13.920000076293945,976500
2011-10-18,13.880000114440918,14.359999656677246,13.600000381469727,14.270000457763672,14.270000457763672,919600
2011-10-19,14.220000267028809,14.399999618530273,13.829999923706055,13.890000343322754,13.890000343322754,811600
2011-10-20,13.850000381469727,14.0,13.489999771118164,13.9399995803833,13.9399995803833,991500
2011-10-21,14.210000038146973,14.210000038146973,13.800000190734863,14.09000015258789,14.09000015258789,578100
2011-10-24,14.130000114440918,14.470000267028809,14.020000457763672,14.390000343322754,14.390000343322754,815400
2011-10-25,14.899999618530273,15.710000038146973,14.800000190734863,15.220000267028809,15.220000267028809,3509200
2011-10-26,15.489999771118164,15.510000228881836,15.0600004196167,15.270000457763672,15.270000457763672,2066000
2011-10-27,15.65999984741211,15.930000305175781,15.489999771118164,15.800000190734863,15.800000190734863,3477200
2011-10-28,15.699999809265137,16.270000457763672,15.600000381469727,16.209999084472656,16.209999084472656,1327800
2011-10-31,15.869999885559082,15.989999771118164,15.569999694824219,15.779999732971191,15.779999732971191,983400
2011-11-01,15.279999732971191,15.569999694824219,15.020000457763672,15.289999961853027,15.289999961853027,1493000
2011-11-02,15.399999618530273,15.779999732971191,15.369999885559082,15.640000343322754,15.640000343322754,937400
2011-11-03,15.5,15.949999809265137,15.279999732971191,15.899999618530273,15.899999618530273,1609900
2011-11-04,15.739999771118164,16.09000015258789,15.739999771118164,15.899999618530273,15.899999618530273,1488200
2011-11-07,15.899999618530273,15.899999618530273,15.380000114440918,15.569999694824219,15.569999694824219,1056500
2011-11-08,15.710000038146973,15.899999618530273,15.270000457763672,15.65999984741211,15.65999984741211,1473200
2011-11-09,15.0,16.239999771118164,14.84000015258789,15.449999809265137,15.449999809265137,2783800
2011-11-10,15.109999656677246,15.109999656677246,13.90999984741211,14.40999984741211,14.40999984741211,13745900
2011-11-11,14.529999732971191,14.859999656677246,14.359999656677246,14.720000267028809,14.720000267028809,8020600
2011-11-14,14.710000038146973,15.0,14.460000038146973,14.479999542236328,14.479999542236328,3035800
2011-11-15,14.0,14.40999984741211,13.960000038146973,14.170000076293945,14.170000076293945,5699400
2011-11-16,14.069999694824219,14.15999984741211,13.670000076293945,13.699999809265137,13.699999809265137,3387900
2011-11-17,13.680000305175781,13.680000305175781,13.079999923706055,13.59000015258789,13.59000015258789,5870700
2011-11-18,13.579999923706055,13.75,13.470000267028809,13.579999923706055,13.579999923706055,2540300
2011-11-21,13.34000015258789,13.430000305175781,13.09000015258789,13.329999923706055,13.329999923706055,1894100
2011-11-22,13.279999732971191,13.65999984741211,13.260000228881836,13.470000267028809,13.470000267028809,2546200
2011-11-23,13.34000015258789,13.420000076293945,13.25,13.270000457763672,13.270000457763672,1415400
2011-11-25,13.199999809265137,13.529999732971191,13.1899995803833,13.270000457763672,13.270000457763672,823100
2011-11-28,13.75,14.010000228881836,13.670000076293945,13.9399995803833,13.9399995803833,3057300
2011-11-29,13.930000305175781,13.949999809265137,13.550000190734863,13.670000076293945,13.670000076293945,1287200
2011-11-30,14.130000114440918,14.149999618530273,13.729999542236328,13.949999809265137,13.949999809265137,2537800
2011-12-01,13.9399995803833,14.039999961853027,13.760000228881836,13.819999694824219,13.819999694824219,1262600
2011-12-02,13.989999771118164,14.050000190734863,13.59000015258789,13.65999984741211,13.65999984741211,2012300
2011-12-05,14.180000305175781,14.270000457763672,13.899999618530273,14.130000114440918,14.130000114440918,2809500
2011-12-06,14.199999809265137,14.529999732971191,13.989999771118164,14.25,14.25,1883200
2011-12-07,14.180000305175781,14.220000267028809,13.920000076293945,14.180000305175781,14.180000305175781,1094200
2011-12-08,14.069999694824219,14.170000076293945,13.739999771118164,13.770000457763672,13.770000457763672,1400200
2011-12-09,13.770000457763672,14.210000038146973,13.760000228881836,14.100000381469727,14.100000381469727,1739800
2011-12-12,13.970000267028809,14.180000305175781,13.850000381469727,14.149999618530273,14.149999618530273,1802600
2011-12-13,14.3100004196167,14.369999885559082,13.670000076293945,13.819999694824219,13.819999694824219,3219500
2011-12-14,13.65999984741211,13.800000190734863,13.420000076293945,13.550000190734863,13.550000190734863,2028400
2011-12-15,13.710000038146973,13.90999984741211,13.460000038146973,13.760000228881836,13.760000228881836,1552800
2011-12-16,13.819999694824219,14.010000228881836,13.5600004196167,13.6899995803833,13.6899995803833,2166900
2011-12-19,13.75,13.75,13.380000114440918,13.479999542236328,13.479999542236328,1274100
2011-12-20,13.729999542236328,13.9399995803833,13.609999656677246,13.760000228881836,13.760000228881836,1569100
2011-12-21,13.779999732971191,13.779999732971191,13.329999923706055,13.550000190734863,13.550000190734863,2022900
2011-12-22,13.579999923706055,13.65999984741211,13.470000267028809,13.520000457763672,13.520000457763672,983000
2011-12-23,13.609999656677246,13.84000015258789,13.510000228881836,13.800000190734863,13.800000190734863,1237800
2011-12-27,13.800000190734863,13.819999694824219,13.640000343322754,13.760000228881836,13.760000228881836,910300
2011-12-28,13.789999961853027,13.789999961853027,13.289999961853027,13.350000381469727,13.350000381469727,1734500
2011-12-29,13.369999885559082,13.550000190734863,13.239999771118164,13.399999618530273,13.399999618530273,1073100
2011-12-30,13.350000381469727,13.640000343322754,13.350000381469727,13.550000190734863,13.550000190734863,1474400
2012-01-03,13.829999923706055,14.050000190734863,13.779999732971191,14.0,14.0,3323800
2012-01-04,13.979999542236328,14.100000381469727,13.869999885559082,14.0,14.0,1882800
2012-01-05,14.239999771118164,14.859999656677246,14.140000343322754,14.65999984741211,14.65999984741211,3656900
2012-01-06,14.640000343322754,14.979999542236328,14.520000457763672,14.760000228881836,14.760000228881836,2926800
2012-01-09,14.789999961853027,14.949999809265137,14.600000381469727,14.90999984741211,14.90999984741211,2406700
2012-01-10,15.010000228881836,15.069999694824219,14.300000190734863,14.489999771118164,14.489999771118164,2659100
2012-01-11,14.40999984741211,14.59000015258789,14.319999694824219,14.5,14.5,1301700
2012-01-12,14.260000228881836,14.579999923706055,14.109999656677246,14.579999923706055,14.579999923706055,1821700
2012-01-13,14.369999885559082,14.510000228881836,14.25,14.5,14.5,1714300
2012-01-17,14.510000228881836,14.979999542236328,14.5,14.819999694824219,14.819999694824219,3896900
2012-01-18,14.75,15.3100004196167,14.710000038146973,15.210000038146973,15.210000038146973,2391200
2012-01-19,15.210000038146973,15.319999694824219,15.0,15.100000381469727,15.100000381469727,1981100
2012-01-20,15.170000076293945,15.65999984741211,15.020000457763672,15.079999923706055,15.079999923706055,2247600
2012-01-23,15.149999618530273,15.199999809265137,14.890000343322754,15.15999984741211,15.15999984741211,1192600
2012-01-24,15.09000015258789,15.479999542236328,15.079999923706055,15.399999618530273,15.399999618530273,1895700
2012-01-25,15.399999618530273,15.5,15.239999771118164,15.399999618530273,15.399999618530273,1065500
2012-01-26,15.470000267028809,15.510000228881836,15.15999984741211,15.199999809265137,15.199999809265137,1144300
2012-01-27,15.100000381469727,15.6899995803833,15.09000015258789,15.630000114440918,15.630000114440918,1644600
2012-01-30,15.40999984741211,15.649999618530273,15.3100004196167,15.550000190734863,15.550000190734863,921900
2012-01-31,15.649999618530273,15.6899995803833,15.479999542236328,15.600000381469727,15.600000381469727,1440300
2012-02-01,15.600000381469727,15.8100004196167,15.479999542236328,15.760000228881836,15.760000228881836,2729600
2012-02-02,15.850000381469727,15.890000343322754,15.420000076293945,15.720000267028809,15.720000267028809,3012400
2012-02-03,16.5,16.989999771118164,16.15999984741211,16.200000762939453,16.200000762939453,4515100
2012-02-06,16.190000534057617,16.350000381469727,16.010000228881836,16.270000457763672,16.270000457763672,1469600
2012-02-07,16.18000030517578,16.3700008392334,16.0,16.020000457763672,16.020000457763672,1973200
2012-02-08,15.989999771118164,16.209999084472656,15.800000190734863,16.110000610351562,16.110000610351562,2313500
2012-02-09,16.170000076293945,16.350000381469727,16.06999969482422,16.190000534057617,16.190000534057617,2410200
2012-02-10,16.290000915527344,16.290000915527344,15.6899995803833,15.800000190734863,15.800000190734863,2151200
2012-02-13,15.970000267028809,16.110000610351562,15.869999885559082,16.049999237060547,16.049999237060547,1702900
2012-02-14,15.960000038146973,16.030000686645508,15.720000267028809,15.899999618530273,15.899999618530273,1467100
2012-02-15,15.949999809265137,15.979999542236328,15.550000190734863,15.569999694824219,15.569999694824219,1540300
2012-02-16,15.59000015258789,15.75,15.539999961853027,15.609999656677246,15.609999656677246,2041800
2012-02-17,15.550000190734863,15.619999885559082,15.300000190734863,15.34000015258789,15.34000015258789,1773000
2012-02-21,15.3100004196167,15.5,15.130000114440918,15.199999809265137,15.199999809265137,786700
2012-02-22,15.130000114440918,15.550000190734863,15.050000190734863,15.40999984741211,15.40999984741211,1019800
2012-02-23,15.399999618530273,15.609999656677246,15.260000228881836,15.5600004196167,15.5600004196167,698800
2012-02-24,15.5600004196167,15.760000228881836,15.550000190734863,15.569999694824219,15.569999694824219,1474100
2012-02-27,15.399999618530273,15.770000457763672,15.239999771118164,15.59000015258789,15.59000015258789,1212400
2012-02-28,15.529999732971191,15.729999542236328,15.449999809265137,15.579999923706055,15.579999923706055,1145600
2012-02-29,15.5600004196167,15.649999618530273,15.430000305175781,15.449999809265137,15.449999809265137,1727900
2012-03-01,15.460000038146973,15.6899995803833,15.350000381469727,15.520000457763672,15.520000457763672,1194700
2012-03-02,15.520000457763672,15.600000381469727,15.390000343322754,15.579999923706055,15.579999923706055,1477100
2012-03-05,15.510000228881836,15.65999984741211,15.40999984741211,15.479999542236328,15.479999542236328,1179700
2012-03-06,15.399999618530273,15.569999694824219,15.260000228881836,15.40999984741211,15.40999984741211,1392700
2012-03-07,15.430000305175781,15.579999923706055,15.359999656677246,15.40999984741211,15.40999984741211,1175400
2012-03-08,15.430000305175781,15.649999618530273,15.25,15.609999656677246,15.609999656677246,804300
2012-03-09,15.600000381469727,15.899999618530273,15.600000381469727,15.829999923706055,15.829999923706055,1126500
2012-03-12,15.770000457763672,15.989999771118164,15.720000267028809,15.920000076293945,15.920000076293945,794500
2012-03-13,15.960000038146973,16.0,15.489999771118164,15.90999984741211,15.90999984741211,1228800
2012-03-14,15.699999809265137,15.880000114440918,15.350000381469727,15.680000305175781,15.680000305175781,1706300
2012-03-15,15.65999984741211,15.970000267028809,15.59000015258789,15.930000305175781,15.930000305175781,923000
2012-03-16,15.899999618530273,16.1299991607666,15.899999618530273,16.030000686645508,16.030000686645508,1860800
2012-03-19,15.9399995803833,16.229999542236328,15.850000381469727,16.1299991607666,16.1299991607666,924000
2012-03-20,16.040000915527344,16.059999465942383,15.859999656677246,15.989999771118164,15.989999771118164,1011500
2012-03-21,16.020000457763672,16.1299991607666,15.890000343322754,15.970000267028809,15.970000267028809,1321600
2012-03-22,15.880000114440918,16.149999618530273,15.710000038146973,15.8100004196167,15.8100004196167,1290800
2012-03-23,15.770000457763672,15.8100004196167,15.529999732971191,15.8100004196167,15.8100004196167,1160000
2012-03-26,15.869999885559082,16.1200008392334,15.859999656677246,16.030000686645508,16.030000686645508,703100
2012-03-27,16.049999237060547,16.149999618530273,15.850000381469727,15.899999618530273,15.899999618530273,826100
2012-03-28,15.989999771118164,16.030000686645508,15.550000190734863,15.680000305175781,15.680000305175781,1085700
2012-03-29,15.609999656677246,15.670000076293945,15.270000457763672,15.489999771118164,15.489999771118164,1139800
2012-03-30,15.619999885559082,15.619999885559082,15.329999923706055,15.390000343322754,15.390000343322754,910200
2012-04-02,15.34000015258789,15.460000038146973,15.100000381469727,15.4399995803833,15.4399995803833,1308400
2012-04-03,15.470000267028809,15.670000076293945,15.40999984741211,15.529999732971191,15.529999732971191,817300
2012-04-04,15.350000381469727,15.520000457763672,15.25,15.449999809265137,15.449999809265137,828000
2012-04-05,15.350000381469727,15.539999961853027,15.25,15.270000457763672,15.270000457763672,1052600
2012-04-09,15.0600004196167,15.359999656677246,15.050000190734863,15.15999984741211,15.15999984741211,1120100
2012-04-10,15.1899995803833,15.460000038146973,14.729999542236328,14.739999771118164,14.739999771118164,999400
2012-04-11,14.859999656677246,15.0,14.6899995803833,14.739999771118164,14.739999771118164,1056700
2012-04-12,14.710000038146973,14.869999885559082,14.699999809265137,14.75,14.75,2788000
2012-04-13,14.680000305175781,14.789999961853027,14.489999771118164,14.65999984741211,14.65999984741211,1804800
2012-04-16,14.65999984741211,14.760000228881836,14.109999656677246,14.149999618530273,14.149999618530273,3209100
2012-04-17,14.270000457763672,14.699999809265137,14.140000343322754,14.630000114440918,14.630000114440918,3110800
2012-04-18,14.5600004196167,14.600000381469727,14.34000015258789,14.380000114440918,14.380000114440918,1171300
2012-04-19,14.479999542236328,14.670000076293945,14.149999618530273,14.149999618530273,14.149999618530273,1291800
2012-04-20,14.329999923706055,14.329999923706055,14.029999732971191,14.039999961853027,14.039999961853027,1106800
2012-04-23,13.920000076293945,14.0,13.739999771118164,13.9399995803833,13.9399995803833,1211200
2012-04-24,13.890000343322754,14.050000190734863,13.6899995803833,13.729999542236328,13.729999542236328,1312200
2012-04-25,13.920000076293945,14.149999618530273,13.90999984741211,14.149999618530273,14.149999618530273,1028700
2012-04-26,14.15999984741211,14.279999732971191,14.020000457763672,14.25,14.25,1031500
2012-04-27,14.279999732971191,14.34000015258789,14.119999885559082,14.300000190734863,14.300000190734863,641300
2012-04-30,14.300000190734863,14.350000381469727,14.100000381469727,14.109999656677246,14.109999656677246,646500
2012-05-01,14.069999694824219,14.380000114440918,13.850000381469727,13.859999656677246,13.859999656677246,1295300
2012-05-02,13.8100004196167,13.859999656677246,13.529999732971191,13.579999923706055,13.579999923706055,2015100
2012-05-03,13.600000381469727,13.75,13.470000267028809,13.649999618530273,13.649999618530273,1473400
2012-05-04,13.539999961853027,13.609999656677246,13.399999618530273,13.40999984741211,13.40999984741211,1046100
2012-05-07,13.3100004196167,13.529999732971191,13.220000267028809,13.4399995803833,13.4399995803833,1500000
2012-05-08,13.399999618530273,13.569999694824219,13.270000457763672,13.40999984741211,13.40999984741211,1120100
2012-05-09,13.220000267028809,13.239999771118164,12.510000228881836,12.630000114440918,12.630000114440918,4319900
2012-05-10,12.710000038146973,12.949999809265137,12.5600004196167,12.760000228881836,12.760000228881836,1600000
2012-05-11,12.649999618530273,12.890000343322754,12.600000381469727,12.609999656677246,12.609999656677246,853800
2012-05-14,12.550000190734863,12.899999618530273,12.529999732971191,12.600000381469727,12.600000381469727,1473400
2012-05-15,12.600000381469727,12.699999809265137,12.289999961853027,12.329999923706055,12.329999923706055,1495500
2012-05-16,12.390000343322754,12.4399995803833,11.899999618530273,11.9399995803833,11.9399995803833,2432100
2012-05-17,11.949999809265137,12.010000228881836,11.609999656677246,11.619999885559082,11.619999885559082,1902100
2012-05-18,11.600000381469727,11.770000457763672,11.149999618530273,11.1899995803833,11.1899995803833,2237400
2012-05-21,11.25,11.3100004196167,11.0,11.270000457763672,11.270000457763672,2908700
2012-05-22,11.319999694824219,11.510000228881836,11.020000457763672,11.15999984741211,11.15999984741211,2985600
2012-05-23,11.829999923706055,12.270000457763672,11.319999694824219,11.779999732971191,11.779999732971191,8700000
2012-05-24,11.739999771118164,11.8100004196167,11.479999542236328,11.510000228881836,11.510000228881836,2662800
2012-05-25,11.5,11.609999656677246,11.350000381469727,11.5600004196167,11.5600004196167,1755400
2012-05-29,11.65999984741211,11.90999984741211,11.579999923706055,11.899999618530273,11.899999618530273,2372200
2012-05-30,11.75,11.859999656677246,11.569999694824219,11.729999542236328,11.729999542236328,2075700
2012-05-31,11.710000038146973,11.75,11.5,11.520000457763672,11.520000457763672,2719500
2012-06-01,11.350000381469727,11.399999618530273,10.899999618530273,11.0600004196167,11.0600004196167,2695500
2012-06-04,11.0600004196167,11.25,10.720000267028809,10.899999618530273,10.899999618530273,2942100
2012-06-05,10.890000343322754,11.1899995803833,10.800000190734863,11.140000343322754,11.140000343322754,2249100
2012-06-06,11.270000457763672,11.630000114440918,11.25,11.630000114440918,11.630000114440918,2059000
2012-06-07,11.789999961853027,11.8100004196167,11.119999885559082,11.140000343322754,11.140000343322754,1684300
2012-06-08,11.140000343322754,11.140000343322754,10.630000114440918,10.869999885559082,10.869999885559082,2956800
2012-06-11,10.989999771118164,10.989999771118164,10.550000190734863,10.5600004196167,10.5600004196167,1313800
2012-06-12,10.59000015258789,10.789999961853027,10.539999961853027,10.75,10.75,1454400
2012-06-13,10.609999656677246,10.739999771118164,10.1899995803833,10.260000228881836,10.260000228881836,2248900
2012-06-14,10.270000457763672,10.270000457763672,9.90999984741211,10.039999961853027,10.039999961853027,2966100
2012-06-15,10.029999732971191,10.09000015258789,9.609999656677246,10.0,10.0,3549800
2012-06-18,9.920000076293945,10.079999923706055,9.760000228881836,10.029999732971191,10.029999732971191,1576500
2012-06-19,10.0600004196167,10.319999694824219,10.0600004196167,10.289999961853027,10.289999961853027,2233700
2012-06-20,10.3100004196167,10.350000381469727,10.050000190734863,10.229999542236328,10.229999542236328,1481000
2012-06-21,10.260000228881836,10.300000190734863,9.819999694824219,9.850000381469727,9.850000381469727,1242700
2012-06-22,9.869999885559082,10.0,9.819999694824219,9.869999885559082,9.869999885559082,2315900
2012-06-25,9.729999542236328,9.819999694824219,9.520000457763672,9.619999885559082,9.619999885559082,1152400
2012-06-26,9.609999656677246,9.649999618530273,9.390000343322754,9.40999984741211,9.40999984741211,1626000
2012-06-27,9.460000038146973,9.579999923706055,9.25,9.399999618530273,9.399999618530273,2776100
2012-06-28,9.350000381469727,9.5,9.130000114440918,9.239999771118164,9.239999771118164,1514400
2012-06-29,9.40999984741211,9.520000457763672,9.260000228881836,9.460000038146973,9.460000038146973,2113200
2012-07-02,9.479999542236328,9.579999923706055,9.270000457763672,9.399999618530273,9.399999618530273,1063400
2012-07-03,9.430000305175781,9.779999732971191,9.380000114440918,9.779999732971191,9.779999732971191,1343000
2012-07-05,9.920000076293945,9.930000305175781,9.5,9.5,9.5,1904800
2012-07-06,9.460000038146973,9.460000038146973,9.130000114440918,9.420000076293945,9.420000076293945,1779600
2012-07-09,9.399999618530273,9.430000305175781,9.130000114440918,9.260000228881836,9.260000228881836,1366500
2012-07-10,9.34000015258789,9.380000114440918,9.039999961853027,9.119999885559082,9.119999885559082,1221200
2012-07-11,9.170000076293945,9.289999961853027,9.0,9.15999984741211,9.15999984741211,9791500
2012-07-12,9.130000114440918,9.15999984741211,8.90999984741211,9.100000381469727,9.100000381469727,1498000
2012-07-13,9.109999656677246,9.1899995803833,8.829999923706055,8.890000343322754,8.890000343322754,2297000
2012-07-16,8.930000305175781,9.079999923706055,8.880000114440918,9.020000457763672,9.020000457763672,924100
2012-07-17,9.09000015258789,9.149999618530273,8.930000305175781,9.010000228881836,9.010000228881836,1244700
2012-07-18,9.029999732971191,9.289999961853027,9.029999732971191,9.199999809265137,9.199999809265137,1051300
2012-07-19,9.239999771118164,9.84000015258789,9.239999771118164,9.84000015258789,9.84000015258789,3204600
2012-07-20,9.729999542236328,9.729999542236328,9.399999618530273,9.420000076293945,9.420000076293945,1890500
2012-07-23,9.220000267028809,9.300000190734863,8.989999771118164,9.079999923706055,9.079999923706055,1394100
2012-07-24,9.09000015258789,9.130000114440918,8.930000305175781,8.949999809265137,8.949999809265137,1365700
2012-07-25,8.960000038146973,9.130000114440918,8.800000190734863,8.930000305175781,8.930000305175781,1146800
2012-07-26,9.029999732971191,9.09000015258789,8.6899995803833,8.729999542236328,8.729999542236328,1357400
2012-07-27,8.770000457763672,9.130000114440918,8.729999542236328,9.100000381469727,9.100000381469727,1081300
2012-07-30,9.079999923706055,9.25,9.020000457763672,9.130000114440918,9.130000114440918,1693800
2012-07-31,9.079999923706055,9.210000038146973,8.649999618530273,8.779999732971191,8.779999732971191,2858800
2012-08-01,8.619999885559082,9.079999923706055,7.869999885559082,7.869999885559082,7.869999885559082,7850500
2012-08-02,7.809999942779541,7.980000019073486,7.369999885559082,7.820000171661377,7.820000171661377,4775200
2012-08-03,7.860000133514404,8.199999809265137,7.710000038146973,8.079999923706055,8.079999923706055,2805500
2012-08-06,8.079999923706055,8.680000305175781,8.050000190734863,8.609999656677246,8.609999656677246,3357900
2012-08-07,8.640000343322754,9.569999694824219,8.630000114440918,9.4399995803833,9.4399995803833,5158700
2012-08-08,9.239999771118164,9.420000076293945,8.970000267028809,8.989999771118164,8.989999771118164,2471400
2012-08-09,9.010000228881836,9.010000228881836,8.720000267028809,8.819999694824219,8.819999694824219,1885400
2012-08-10,8.84000015258789,9.399999618530273,8.800000190734863,9.380000114440918,9.380000114440918,1629000
2012-08-13,9.390000343322754,9.430000305175781,8.979999542236328,9.079999923706055,9.079999923706055,1808000
2012-08-14,9.229999542236328,9.229999542236328,8.770000457763672,8.8100004196167,8.8100004196167,1737300
2012-08-15,8.890000343322754,9.380000114440918,8.739999771118164,9.380000114440918,9.380000114440918,1858100
2012-08-16,9.350000381469727,10.039999961853027,9.319999694824219,9.869999885559082,9.869999885559082,3598400
2012-08-17,9.899999618530273,10.119999885559082,9.75,10.069999694824219,10.069999694824219,2935000
2012-08-20,10.069999694824219,10.350000381469727,9.930000305175781,10.3100004196167,10.3100004196167,2830700
2012-08-21,10.329999923706055,10.359999656677246,10.050000190734863,10.1899995803833,10.1899995803833,1793600
2012-08-22,10.1899995803833,10.229999542236328,10.0,10.140000343322754,10.140000343322754,1234400
2012-08-23,10.109999656677246,10.319999694824219,9.890000343322754,10.279999732971191,10.279999732971191,2246800
2012-08-24,10.229999542236328,10.300000190734863,10.100000381469727,10.140000343322754,10.140000343322754,1330400
2012-08-27,10.220000267028809,10.399999618530273,9.949999809265137,9.989999771118164,9.989999771118164,2015800
2012-08-28,10.039999961853027,10.399999618530273,10.010000228881836,10.350000381469727,10.350000381469727,2158100
2012-08-29,10.34000015258789,10.479999542236328,10.220000267028809,10.289999961853027,10.289999961853027,954000
2012-08-30,10.170000076293945,10.180000305175781,9.960000038146973,10.029999732971191,10.029999732971191,1273000
2012-08-31,10.140000343322754,10.390000343322754,10.029999732971191,10.25,10.25,1367400
2012-09-04,10.220000267028809,10.319999694824219,9.859999656677246,10.010000228881836,10.010000228881836,1406700
2012-09-05,9.970000267028809,10.140000343322754,9.890000343322754,9.9399995803833,9.9399995803833,1634000
2012-09-06,10.029999732971191,10.4399995803833,10.029999732971191,10.34000015258789,10.34000015258789,3166200
2012-09-07,10.390000343322754,10.579999923706055,10.260000228881836,10.539999961853027,10.539999961853027,1864000
2012-09-10,10.520000457763672,10.65999984741211,10.350000381469727,10.649999618530273,10.649999618530273,2237400
2012-09-11,10.640000343322754,10.880000114440918,10.609999656677246,10.819999694824219,10.819999694824219,3067600
2012-09-12,10.880000114440918,11.0,10.510000228881836,10.569999694824219,10.569999694824219,1948100
2012-09-13,10.609999656677246,10.8100004196167,10.399999618530273,10.6899995803833,10.6899995803833,1695900
2012-09-14,10.8100004196167,11.079999923706055,10.720000267028809,10.930000305175781,10.930000305175781,1661100
2012-09-17,10.970000267028809,11.220000267028809,10.850000381469727,11.149999618530273,11.149999618530273,2782000
2012-09-18,11.180000305175781,11.359999656677246,11.0,11.140000343322754,11.140000343322754,1633600
2012-09-19,11.239999771118164,11.3100004196167,11.010000228881836,11.149999618530273,11.149999618530273,1432500
2012-09-20,11.050000190734863,11.149999618530273,10.9399995803833,11.0,11.0,1343400
2012-09-21,11.130000114440918,11.180000305175781,10.6899995803833,10.729999542236328,10.729999542236328,1937000
2012-09-24,10.699999809265137,11.140000343322754,10.65999984741211,10.75,10.75,1271800
2012-09-25,10.90999984741211,10.90999984741211,10.449999809265137,10.460000038146973,10.460000038146973,1994700
2012-09-26,10.479999542236328,10.569999694824219,10.119999885559082,10.5,10.5,1219800
2012-09-27,10.59000015258789,10.8100004196167,10.489999771118164,10.609999656677246,10.609999656677246,2127500
2012-09-28,10.5600004196167,10.59000015258789,10.239999771118164,10.4399995803833,10.4399995803833,2018900
2012-10-01,10.430000305175781,10.649999618530273,10.1899995803833,10.199999809265137,10.199999809265137,1761400
2012-10-02,11.170000076293945,11.170000076293945,10.140000343322754,10.239999771118164,10.239999771118164,893500
2012-10-03,10.289999961853027,10.289999961853027,10.010000228881836,10.1899995803833,10.1899995803833,1559800
2012-10-04,10.199999809265137,10.880000114440918,10.109999656677246,10.850000381469727,10.850000381469727,2832500
2012-10-05,10.899999618530273,11.260000228881836,10.850000381469727,11.210000038146973,11.210000038146973,2501600
2012-10-08,11.130000114440918,11.180000305175781,10.899999618530273,11.010000228881836,11.010000228881836,1260700
2012-10-09,11.020000457763672,11.09000015258789,10.600000381469727,10.609999656677246,10.609999656677246,2241700
2012-10-10,10.59000015258789,10.619999885559082,10.289999961853027,10.319999694824219,10.319999694824219,1284200
2012-10-11,10.390000343322754,11.09000015258789,10.319999694824219,10.970000267028809,10.970000267028809,1935100
2012-10-12,11.010000228881836,11.369999885559082,10.960000038146973,11.180000305175781,11.180000305175781,1768700
2012-10-15,11.300000190734863,11.569999694824219,11.220000267028809,11.5,11.5,2087000
2012-10-16,11.579999923706055,11.789999961853027,11.40999984741211,11.5,11.5,1837300
2012-10-17,11.489999771118164,11.640000343322754,11.34000015258789,11.460000038146973,11.460000038146973,1072800
2012-10-18,11.479999542236328,11.600000381469727,11.329999923706055,11.449999809265137,11.449999809265137,1676200
2012-10-19,11.390000343322754,11.430000305175781,10.899999618530273,10.979999542236328,10.979999542236328,1964800
2012-10-22,10.850000381469727,11.100000381469727,10.760000228881836,10.930000305175781,10.930000305175781,1345900
2012-10-23,10.8100004196167,11.039999961853027,10.569999694824219,11.020000457763672,11.020000457763672,1707500
2012-10-24,11.119999885559082,11.270000457763672,10.890000343322754,11.239999771118164,11.239999771118164,1634100
2012-10-25,11.359999656677246,11.380000114440918,10.890000343322754,10.9399995803833,10.9399995803833,1339900
2012-10-26,10.970000267028809,11.069999694824219,10.489999771118164,10.710000038146973,10.710000038146973,1301700
2012-10-31,11.380000114440918,11.550000190734863,10.979999542236328,11.149999618530273,11.149999618530273,3658000
2012-11-01,11.15999984741211,11.279999732971191,10.770000457763672,11.210000038146973,11.210000038146973,2926800
2012-11-02,11.279999732971191,11.279999732971191,10.829999923706055,11.039999961853027,11.039999961853027,1649800
2012-11-05,11.010000228881836,11.149999618530273,10.90999984741211,11.029999732971191,11.029999732971191,1769400
2012-11-06,11.149999618530273,11.489999771118164,11.109999656677246,11.319999694824219,11.319999694824219,2909400
2012-11-07,11.069999694824219,11.260000228881836,10.800000190734863,10.869999885559082,10.869999885559082,2784500
2012-11-08,11.029999732971191,11.4399995803833,11.0,11.109999656677246,11.109999656677246,2400800
2012-11-09,11.069999694824219,11.239999771118164,10.970000267028809,11.029999732971191,11.029999732971191,2310800
2012-11-12,11.1899995803833,11.550000190734863,11.1899995803833,11.449999809265137,11.449999809265137,2941000
2012-11-13,11.399999618530273,11.529999732971191,11.239999771118164,11.510000228881836,11.510000228881836,1820800
2012-11-14,11.529999732971191,11.579999923706055,11.420000076293945,11.470000267028809,11.470000267028809,2197200
2012-11-15,11.5,11.6899995803833,11.359999656677246,11.550000190734863,11.550000190734863,2378300
2012-11-16,11.520000457763672,11.979999542236328,11.449999809265137,11.850000381469727,11.850000381469727,3541800
2012-11-19,11.979999542236328,12.470000267028809,11.930000305175781,12.350000381469727,12.350000381469727,3001700
2012-11-20,12.329999923706055,12.470000267028809,12.1899995803833,12.239999771118164,12.239999771118164,1976000
2012-11-21,12.3100004196167,12.5,12.25,12.300000190734863,12.300000190734863,1572700
2012-11-23,12.430000305175781,12.640000343322754,12.359999656677246,12.420000076293945,12.420000076293945,1207700
2012-11-26,12.390000343322754,12.479999542236328,12.239999771118164,12.390000343322754,12.390000343322754,1606900
2012-11-27,12.34000015258789,12.579999923706055,12.210000038146973,12.399999618530273,12.399999618530273,1117200
2012-11-28,12.359999656677246,12.569999694824219,12.180000305175781,12.529999732971191,12.529999732971191,1722300
2012-11-29,12.630000114440918,12.760000228881836,12.449999809265137,12.529999732971191,12.529999732971191,1238900
2012-11-30,12.399999618530273,12.479999542236328,12.279999732971191,12.369999885559082,12.369999885559082,1498200
2012-12-03,12.479999542236328,12.539999961853027,12.229999542236328,12.34000015258789,12.34000015258789,1069200
2012-12-04,12.319999694824219,12.40999984741211,12.149999618530273,12.300000190734863,12.300000190734863,943400
2012-12-05,12.329999923706055,12.329999923706055,12.069999694824219,12.100000381469727,12.100000381469727,1211000
2012-12-06,12.149999618530273,12.289999961853027,12.039999961853027,12.1899995803833,12.1899995803833,826800
2012-12-07,12.239999771118164,12.359999656677246,12.140000343322754,12.329999923706055,12.329999923706055,1016800
2012-12-10,12.319999694824219,12.550000190734863,12.300000190734863,12.520000457763672,12.520000457763672,1078000
2012-12-11,12.59000015258789,12.880000114440918,12.489999771118164,12.770000457763672,12.770000457763672,2236600
2012-12-12,13.25,13.380000114440918,13.050000190734863,13.100000381469727,13.100000381469727,3984600
2012-12-13,13.149999618530273,13.329999923706055,12.949999809265137,13.029999732971191,13.029999732971191,1202800
2012-12-14,13.0,13.140000343322754,12.949999809265137,13.100000381469727,13.100000381469727,1468900
2012-12-17,13.15999984741211,13.15999984741211,12.430000305175781,12.600000381469727,12.600000381469727,2370400
2012-12-18,12.539999961853027,12.859999656677246,12.539999961853027,12.65999984741211,12.65999984741211,1922400
2012-12-19,12.640000343322754,12.859999656677246,11.9399995803833,11.979999542236328,11.979999542236328,4108200
2012-12-20,11.960000038146973,12.0600004196167,11.420000076293945,11.6899995803833,11.6899995803833,5885000
2012-12-21,11.479999542236328,11.479999542236328,11.119999885559082,11.350000381469727,11.350000381469727,4876800
2012-12-24,11.399999618530273,11.529999732971191,11.079999923706055,11.199999809265137,11.199999809265137,692600
2012-12-26,11.199999809265137,11.34000015258789,11.020000457763672,11.140000343322754,11.140000343322754,1126700
2012-12-27,11.100000381469727,11.119999885559082,10.84000015258789,11.0,11.0,1418900
2012-12-28,10.949999809265137,11.109999656677246,10.899999618530273,11.020000457763672,11.020000457763672,1563200
2012-12-31,10.850000381469727,11.170000076293945,10.609999656677246,11.010000228881836,11.010000228881836,2590500
2013-01-02,11.220000267028809,11.5600004196167,11.109999656677246,11.479999542236328,11.479999542236328,2975800
2013-01-03,11.5,11.960000038146973,11.420000076293945,11.880000114440918,11.880000114440918,2344900
2013-01-04,11.930000305175781,12.260000228881836,11.920000076293945,12.199999809265137,12.199999809265137,1798800
2013-01-07,12.109999656677246,12.369999885559082,12.079999923706055,12.15999984741211,12.15999984741211,1237600
2013-01-08,12.100000381469727,12.149999618530273,11.779999732971191,11.779999732971191,11.779999732971191,1129400
2013-01-09,11.869999885559082,12.09000015258789,11.529999732971191,11.920000076293945,11.920000076293945,1419600
2013-01-10,12.050000190734863,12.220000267028809,11.970000267028809,11.979999542236328,11.979999542236328,1592700
2013-01-11,11.960000038146973,12.390000343322754,11.880000114440918,12.3100004196167,12.3100004196167,1100500
2013-01-14,12.25,12.390000343322754,12.119999885559082,12.199999809265137,12.199999809265137,742100
2013-01-15,12.140000343322754,12.510000228881836,12.0600004196167,12.460000038146973,12.460000038146973,805800
2013-01-16,12.529999732971191,12.529999732971191,12.270000457763672,12.300000190734863,12.300000190734863,1121800
2013-01-17,12.40999984741211,12.710000038146973,12.40999984741211,12.489999771118164,12.489999771118164,1192500
2013-01-18,12.5,12.699999809265137,12.449999809265137,12.520000457763672,12.520000457763672,924500
2013-01-22,12.489999771118164,12.539999961853027,12.40999984741211,12.539999961853027,12.539999961853027,1256000
2013-01-23,12.539999961853027,12.609999656677246,12.470000267028809,12.529999732971191,12.529999732971191,874400
2013-01-24,12.489999771118164,12.699999809265137,12.350000381469727,12.609999656677246,12.609999656677246,599600
2013-01-25,12.699999809265137,12.920000076293945,12.600000381469727,12.819999694824219,12.819999694824219,945100
2013-01-28,13.010000228881836,13.170000076293945,12.819999694824219,13.119999885559082,13.119999885559082,1204000
2013-01-29,13.15999984741211,13.199999809265137,12.930000305175781,13.0600004196167,13.0600004196167,1374700
2013-01-30,13.100000381469727,13.1899995803833,12.960000038146973,13.0600004196167,13.0600004196167,1119400
2013-01-31,12.989999771118164,13.300000190734863,11.550000190734863,12.170000076293945,12.170000076293945,6081400
2013-02-01,12.180000305175781,12.880000114440918,12.180000305175781,12.779999732971191,12.779999732971191,2039500
2013-02-04,12.770000457763672,12.880000114440918,12.260000228881836,12.510000228881836,12.510000228881836,1363000
2013-02-05,12.5600004196167,12.75,12.5,12.65999984741211,12.65999984741211,1768200
2013-02-06,13.5,14.579999923706055,13.399999618530273,14.4399995803833,14.4399995803833,9115400
2013-02-07,14.479999542236328,14.90999984741211,14.3100004196167,14.800000190734863,14.800000190734863,3324100
2013-02-08,14.930000305175781,15.180000305175781,14.8100004196167,15.039999961853027,15.039999961853027,3274100
2013-02-11,14.989999771118164,15.279999732971191,14.699999809265137,15.130000114440918,15.130000114440918,2959300
2013-02-12,15.170000076293945,15.289999961853027,14.84000015258789,14.859999656677246,14.859999656677246,2068300
2013-02-13,14.9399995803833,15.039999961853027,14.619999885559082,14.90999984741211,14.90999984741211,2525700
2013-02-14,14.8100004196167,15.069999694824219,14.5600004196167,14.970000267028809,14.970000267028809,2661000
2013-02-15,15.050000190734863,15.289999961853027,15.039999961853027,15.079999923706055,15.079999923706055,2170500
2013-02-19,14.989999771118164,15.569999694824219,14.859999656677246,15.520000457763672,15.520000457763672,3996800
2013-02-20,15.539999961853027,15.640000343322754,15.100000381469727,15.109999656677246,15.109999656677246,2046300
2013-02-21,14.880000114440918,15.0,14.640000343322754,14.899999618530273,14.899999618530273,2952900
2013-02-22,15.029999732971191,15.109999656677246,14.880000114440918,14.949999809265137,14.949999809265137,1521200
2013-02-25,15.079999923706055,15.270000457763672,14.90999984741211,14.930000305175781,14.930000305175781,2638400
2013-02-26,15.010000228881836,15.09000015258789,14.800000190734863,14.890000343322754,14.890000343322754,1297000
2013-02-27,14.819999694824219,14.989999771118164,14.739999771118164,14.8100004196167,14.8100004196167,1273600
2013-02-28,14.8100004196167,15.0,14.600000381469727,14.640000343322754,14.640000343322754,1256100
2013-03-01,14.529999732971191,14.8100004196167,14.470000267028809,14.720000267028809,14.720000267028809,2696700
2013-03-04,14.720000267028809,15.069999694824219,14.710000038146973,14.989999771118164,14.989999771118164,2011700
2013-03-05,15.069999694824219,15.25,14.960000038146973,15.0,15.0,936100
2013-03-06,15.260000228881836,15.649999618530273,15.130000114440918,15.430000305175781,15.430000305175781,2625800
2013-03-07,15.359999656677246,15.510000228881836,15.270000457763672,15.40999984741211,15.40999984741211,1036200
2013-03-08,15.489999771118164,15.529999732971191,15.260000228881836,15.420000076293945,15.420000076293945,1124100
2013-03-11,15.359999656677246,15.630000114440918,15.229999542236328,15.579999923706055,15.579999923706055,766100
2013-03-12,15.5,15.640000343322754,15.399999618530273,15.539999961853027,15.539999961853027,887800
2013-03-13,15.59000015258789,15.760000228881836,15.4399995803833,15.579999923706055,15.579999923706055,1084700
2013-03-14,15.5600004196167,16.049999237060547,15.529999732971191,15.930000305175781,15.930000305175781,1886800
2013-03-15,15.960000038146973,15.960000038146973,15.550000190734863,15.680000305175781,15.680000305175781,1572300
2013-03-18,15.380000114440918,15.630000114440918,15.220000267028809,15.479999542236328,15.479999542236328,610100
2013-03-19,15.520000457763672,15.59000015258789,15.050000190734863,15.229999542236328,15.229999542236328,1249400
2013-03-20,15.289999961853027,15.800000190734863,15.25,15.65999984741211,15.65999984741211,1133300
2013-03-21,15.59000015258789,15.970000267028809,15.5600004196167,15.59000015258789,15.59000015258789,1002500
2013-03-22,15.609999656677246,15.75,15.380000114440918,15.5,15.5,834800
2013-03-25,15.569999694824219,16.030000686645508,15.569999694824219,15.869999885559082,15.869999885559082,1273500
2013-03-26,16.010000228881836,16.100000381469727,15.869999885559082,16.020000457763672,16.020000457763672,1261400
2013-03-27,15.899999618530273,16.139999389648438,15.859999656677246,16.059999465942383,16.059999465942383,667700
2013-03-28,16.040000915527344,16.15999984741211,15.760000228881836,16.149999618530273,16.149999618530273,1036200
2013-04-01,16.0,16.1299991607666,15.779999732971191,15.890000343322754,15.890000343322754,956500
2013-04-02,15.960000038146973,15.989999771118164,15.279999732971191,15.600000381469727,15.600000381469727,1470300
2013-04-03,15.600000381469727,15.729999542236328,15.09000015258789,15.359999656677246,15.359999656677246,1023600
2013-04-04,15.399999618530273,15.5,15.130000114440918,15.4399995803833,15.4399995803833,693800
2013-04-05,15.3100004196167,15.420000076293945,15.069999694824219,15.420000076293945,15.420000076293945,701600
2013-04-08,15.479999542236328,15.569999694824219,15.3100004196167,15.539999961853027,15.539999961853027,799400
2013-04-09,15.529999732971191,15.710000038146973,15.449999809265137,15.600000381469727,15.600000381469727,647400
2013-04-10,15.649999618530273,15.949999809265137,15.59000015258789,15.869999885559082,15.869999885559082,1457500
2013-04-11,15.880000114440918,15.930000305175781,15.649999618530273,15.699999809265137,15.699999809265137,691100
2013-04-12,15.579999923706055,15.789999961853027,15.399999618530273,15.779999732971191,15.779999732971191,974600
2013-04-15,15.569999694824219,15.600000381469727,14.699999809265137,15.100000381469727,15.100000381469727,2233700
2013-04-16,15.1899995803833,15.300000190734863,14.869999885559082,14.9399995803833,14.9399995803833,1189000
2013-04-17,14.739999771118164,14.75,14.25,14.449999809265137,14.449999809265137,1906800
2013-04-18,14.529999732971191,14.529999732971191,14.079999923706055,14.319999694824219,14.319999694824219,1458200
2013-04-19,14.319999694824219,14.960000038146973,14.25,14.859999656677246,14.859999656677246,1852100
2013-04-22,14.989999771118164,15.180000305175781,14.680000305175781,15.0600004196167,15.0600004196167,1178900
2013-04-23,15.140000343322754,15.34000015258789,14.899999618530273,15.319999694824219,15.319999694824219,962200
2013-04-24,15.380000114440918,15.880000114440918,15.329999923706055,15.859999656677246,15.859999656677246,2293700
2013-04-25,15.890000343322754,15.989999771118164,15.449999809265137,15.510000228881836,15.510000228881836,1015500
2013-04-26,15.420000076293945,15.760000228881836,15.420000076293945,15.600000381469727,15.600000381469727,648500
2013-04-29,15.630000114440918,15.75,15.40999984741211,15.460000038146973,15.460000038146973,552000
2013-04-30,15.390000343322754,15.420000076293945,15.0,15.260000228881836,15.260000228881836,1091800
2013-05-01,15.15999984741211,15.300000190734863,14.869999885559082,15.109999656677246,15.109999656677246,2150300
2013-05-02,15.15999984741211,15.369999885559082,15.020000457763672,15.300000190734863,15.300000190734863,2651500
2013-05-03,15.479999542236328,15.960000038146973,15.350000381469727,15.680000305175781,15.680000305175781,1979800
2013-05-06,15.789999961853027,15.829999923706055,15.579999923706055,15.609999656677246,15.609999656677246,630500
2013-05-07,15.6899995803833,15.890000343322754,15.510000228881836,15.75,15.75,1332600
2013-05-08,15.859999656677246,16.68000030517578,15.819999694824219,16.219999313354492,16.219999313354492,2800300
2013-05-09,16.1299991607666,16.200000762939453,15.779999732971191,15.989999771118164,15.989999771118164,1776800
2013-05-10,15.970000267028809,16.530000686645508,15.869999885559082,16.440000534057617,16.440000534057617,4905400
2013-05-13,16.600000381469727,16.600000381469727,16.1299991607666,16.389999389648438,16.389999389648438,3555900
2013-05-14,17.510000228881836,17.540000915527344,16.229999542236328,16.540000915527344,16.540000915527344,9084500
2013-05-15,16.510000228881836,16.6299991607666,16.079999923706055,16.34000015258789,16.34000015258789,2986200
2013-05-16,16.31999969482422,16.40999984741211,15.949999809265137,16.020000457763672,16.020000457763672,1580700
2013-05-17,16.0,16.440000534057617,15.859999656677246,16.329999923706055,16.329999923706055,2190000
2013-05-20,16.290000915527344,16.520000457763672,16.15999984741211,16.209999084472656,16.209999084472656,1187400
2013-05-21,16.260000228881836,16.260000228881836,15.989999771118164,16.06999969482422,16.06999969482422,1236700
2013-05-22,16.0,16.350000381469727,15.829999923706055,15.880000114440918,15.880000114440918,1693900
2013-05-23,15.75,16.0,15.5600004196167,15.949999809265137,15.949999809265137,1346400
2013-05-24,15.850000381469727,16.110000610351562,15.729999542236328,16.020000457763672,16.020000457763672,1760600
2013-05-28,16.229999542236328,16.5,16.079999923706055,16.280000686645508,16.280000686645508,1389700
2013-05-29,16.25,16.510000228881836,16.06999969482422,16.450000762939453,16.450000762939453,1560000
2013-05-30,16.530000686645508,16.75,16.459999084472656,16.65999984741211,16.65999984741211,1127800
2013-05-31,16.56999969482422,16.959999084472656,16.549999237060547,16.639999389648438,16.639999389648438,1777700
2013-06-03,16.290000915527344,16.59000015258789,15.869999885559082,16.260000228881836,16.260000228881836,3265900
2013-06-04,16.1200008392334,16.450000762939453,15.920000076293945,16.079999923706055,16.079999923706055,1067600
2013-06-05,16.0,16.209999084472656,15.859999656677246,15.979999542236328,15.979999542236328,1113800
2013-06-06,15.920000076293945,16.100000381469727,15.75,16.079999923706055,16.079999923706055,1258700
2013-06-07,16.43000030517578,17.200000762939453,16.209999084472656,16.979999542236328,16.979999542236328,2930900
2013-06-10,17.059999465942383,17.1299991607666,16.510000228881836,16.540000915527344,16.540000915527344,1437100
2013-06-11,17.0,17.350000381469727,16.729999542236328,16.809999465942383,16.809999465942383,4404500
2013-06-12,16.600000381469727,16.649999618530273,15.25,15.369999885559082,15.369999885559082,7221300
2013-06-13,15.350000381469727,15.520000457763672,15.0600004196167,15.5,15.5,4388500
2013-06-14,15.470000267028809,15.569999694824219,15.300000190734863,15.460000038146973,15.460000038146973,1866500
2013-06-17,15.579999923706055,15.880000114440918,15.4399995803833,15.59000015258789,15.59000015258789,1412700
2013-06-18,15.65999984741211,15.850000381469727,15.520000457763672,15.65999984741211,15.65999984741211,1302400
2013-06-19,15.600000381469727,15.670000076293945,15.1899995803833,15.359999656677246,15.359999656677246,1506500
2013-06-20,15.210000038146973,15.430000305175781,14.930000305175781,15.119999885559082,15.119999885559082,2144200
2013-06-21,15.149999618530273,15.4399995803833,15.010000228881836,15.039999961853027,15.039999961853027,2032000
2013-06-24,14.84000015258789,14.890000343322754,14.25,14.529999732971191,14.529999732971191,3275800
2013-06-25,14.65999984741211,14.770000457763672,14.489999771118164,14.630000114440918,14.630000114440918,1948800
2013-06-26,14.739999771118164,14.75,14.100000381469727,14.210000038146973,14.210000038146973,2702000
2013-06-27,14.279999732971191,14.65999984741211,14.260000228881836,14.569999694824219,14.569999694824219,1814200
2013-06-28,14.600000381469727,15.100000381469727,14.399999618530273,14.970000267028809,14.970000267028809,2030600
2013-07-01,15.220000267028809,15.489999771118164,15.050000190734863,15.369999885559082,15.369999885559082,1691800
2013-07-02,15.399999618530273,15.600000381469727,15.149999618530273,15.4399995803833,15.4399995803833,1757200
2013-07-03,15.350000381469727,15.5600004196167,15.199999809265137,15.430000305175781,15.430000305175781,692300
2013-07-05,15.710000038146973,15.739999771118164,15.380000114440918,15.699999809265137,15.699999809265137,1099700
2013-07-08,15.770000457763672,16.0,15.229999542236328,15.510000228881836,15.510000228881836,2007700
2013-07-09,15.729999542236328,15.850000381469727,15.390000343322754,15.8100004196167,15.8100004196167,1361500
2013-07-10,15.850000381469727,16.010000228881836,15.699999809265137,15.899999618530273,15.899999618530273,1063300
2013-07-11,16.209999084472656,16.209999084472656,15.720000267028809,16.040000915527344,16.040000915527344,2093700
2013-07-12,16.0,16.1299991607666,15.779999732971191,15.880000114440918,15.880000114440918,1271900
2013-07-15,15.989999771118164,16.079999923706055,15.869999885559082,15.920000076293945,15.920000076293945,845100
2013-07-16,15.970000267028809,16.049999237060547,15.710000038146973,15.90999984741211,15.90999984741211,1332500
2013-07-17,15.979999542236328,16.43000030517578,15.789999961853027,16.309999465942383,16.309999465942383,2760900
2013-07-18,16.389999389648438,16.68000030517578,16.3700008392334,16.43000030517578,16.43000030517578,1747700
2013-07-19,16.3700008392334,16.75,16.229999542236328,16.68000030517578,16.68000030517578,1410700
2013-07-22,16.75,16.809999465942383,16.520000457763672,16.559999465942383,16.559999465942383,1199400
2013-07-23,16.829999923706055,16.829999923706055,16.440000534057617,16.479999542236328,16.479999542236328,888800
2013-07-24,16.670000076293945,16.979999542236328,16.5,16.59000015258789,16.59000015258789,1885300
2013-07-25,16.760000228881836,16.760000228881836,16.270000457763672,16.40999984741211,16.40999984741211,1703300
2013-07-26,16.600000381469727,16.920000076293945,16.299999237060547,16.81999969482422,16.81999969482422,1751100
2013-07-29,16.979999542236328,17.049999237060547,16.530000686645508,16.969999313354492,16.969999313354492,1423000
2013-07-30,17.049999237060547,17.139999389648438,16.809999465942383,16.989999771118164,16.989999771118164,2670500
2013-07-31,17.579999923706055,17.84000015258789,17.170000076293945,17.549999237060547,17.549999237060547,4706000
2013-08-01,17.829999923706055,18.209999084472656,17.559999465942383,17.889999389648438,17.889999389648438,2673600
2013-08-02,18.1299991607666,18.239999771118164,17.719999313354492,18.1299991607666,18.1299991607666,2683500
2013-08-05,18.25,18.389999389648438,18.06999969482422,18.260000228881836,18.260000228881836,1406500
2013-08-06,18.25,18.260000228881836,17.860000610351562,17.959999084472656,17.959999084472656,2013800
2013-08-07,17.850000381469727,18.139999389648438,17.809999465942383,18.059999465942383,18.059999465942383,1541600
2013-08-08,18.15999984741211,18.549999237060547,18.040000915527344,18.469999313354492,18.469999313354492,1869400
2013-08-09,18.56999969482422,18.8700008392334,18.469999313354492,18.56999969482422,18.56999969482422,2379900
2013-08-12,18.530000686645508,18.780000686645508,18.510000228881836,18.65999984741211,18.65999984741211,1551100
2013-08-13,18.649999618530273,18.700000762939453,18.299999237060547,18.600000381469727,18.600000381469727,1857300
2013-08-14,18.59000015258789,18.860000610351562,18.350000381469727,18.420000076293945,18.420000076293945,1930600
2013-08-15,18.299999237060547,18.579999923706055,18.139999389648438,18.329999923706055,18.329999923706055,1857500
2013-08-16,18.309999465942383,18.520000457763672,18.18000030517578,18.360000610351562,18.360000610351562,1499600
2013-08-19,18.450000762939453,18.489999771118164,17.959999084472656,17.989999771118164,17.989999771118164,1544600
2013-08-20,18.040000915527344,18.530000686645508,18.010000228881836,18.469999313354492,18.469999313354492,1545100
2013-08-21,18.489999771118164,18.6200008392334,18.190000534057617,18.190000534057617,18.190000534057617,1291500
2013-08-22,18.690000534057617,19.0,18.5,18.940000534057617,18.940000534057617,1765100
2013-08-23,19.110000610351562,19.1200008392334,18.610000610351562,18.829999923706055,18.829999923706055,1109800
2013-08-26,19.110000610351562,19.25,18.920000076293945,19.100000381469727,19.100000381469727,2338900
2013-08-27,18.790000915527344,18.8700008392334,18.18000030517578,18.290000915527344,18.290000915527344,1822800
2013-08-28,18.31999969482422,18.6299991607666,18.309999465942383,18.59000015258789,18.59000015258789,1076300
2013-08-29,18.549999237060547,18.959999084472656,18.510000228881836,18.8700008392334,18.8700008392334,799600
2013-08-30,18.899999618530273,18.90999984741211,18.290000915527344,18.360000610351562,18.360000610351562,1325900
2013-09-03,18.549999237060547,18.920000076293945,18.5,18.649999618530273,18.649999618530273,1152700
2013-09-04,18.709999084472656,18.84000015258789,18.530000686645508,18.6299991607666,18.6299991607666,1656700
2013-09-05,18.690000534057617,18.829999923706055,18.5,18.65999984741211,18.65999984741211,1154700
2013-09-06,18.75,18.75,18.030000686645508,18.18000030517578,18.18000030517578,1779700
2013-09-09,18.270000457763672,18.530000686645508,18.200000762939453,18.489999771118164,18.489999771118164,1362900
2013-09-10,18.56999969482422,18.600000381469727,18.1200008392334,18.139999389648438,18.139999389648438,1747200
2013-09-11,17.959999084472656,17.979999542236328,16.959999084472656,17.299999237060547,17.299999237060547,7014200
2013-09-12,17.329999923706055,17.520000457763672,17.200000762939453,17.239999771118164,17.239999771118164,2502100
2013-09-13,17.389999389648438,17.84000015258789,17.25,17.65999984741211,17.65999984741211,2683400
2013-09-16,18.149999618530273,18.15999984741211,17.139999389648438,17.350000381469727,17.350000381469727,3555200
2013-09-17,17.700000762939453,17.700000762939453,16.440000534057617,17.0,17.0,6393200
2013-09-18,17.1299991607666,17.690000534057617,16.780000686645508,17.200000762939453,17.200000762939453,5615000
2013-09-19,18.100000381469727,18.1200008392334,17.270000457763672,17.43000030517578,17.43000030517578,8354300
2013-09-20,17.700000762939453,17.700000762939453,16.979999542236328,16.989999771118164,16.989999771118164,5737600
2013-09-23,17.459999084472656,17.479999542236328,16.950000762939453,17.229999542236328,17.229999542236328,4734800
2013-09-24,17.350000381469727,18.200000762939453,17.25,18.040000915527344,18.040000915527344,6435600
2013-09-25,18.43000030517578,18.610000610351562,18.06999969482422,18.350000381469727,18.350000381469727,4919400
2013-09-26,18.610000610351562,18.8799991607666,18.329999923706055,18.420000076293945,18.420000076293945,3707500
2013-09-27,18.31999969482422,18.6200008392334,18.0,18.1200008392334,18.1200008392334,2792200
2013-09-30,17.65999984741211,18.290000915527344,17.399999618530273,18.170000076293945,18.170000076293945,3324800
2013-10-01,18.15999984741211,18.540000915527344,17.8799991607666,18.3799991607666,18.3799991607666,3648400
2013-10-02,18.25,18.59000015258789,18.0,18.200000762939453,18.200000762939453,3491000
2013-10-03,18.110000610351562,18.31999969482422,17.65999984741211,17.729999542236328,17.729999542236328,2508100
2013-10-04,17.829999923706055,18.149999618530273,17.739999771118164,17.829999923706055,17.829999923706055,2961000
2013-10-07,17.719999313354492,17.799999237060547,17.389999389648438,17.40999984741211,17.40999984741211,2780700
2013-10-08,17.40999984741211,17.43000030517578,16.700000762939453,16.799999237060547,16.799999237060547,4218900
2013-10-09,16.979999542236328,17.100000381469727,16.450000762939453,16.84000015258789,16.84000015258789,3587700
2013-10-10,17.0,17.360000610351562,16.920000076293945,17.049999237060547,17.049999237060547,3641900
2013-10-11,17.1200008392334,17.309999465942383,16.809999465942383,16.84000015258789,16.84000015258789,2499800
2013-10-14,16.700000762939453,17.149999618530273,16.59000015258789,17.1200008392334,17.1200008392334,1714400
2013-10-15,17.1200008392334,17.15999984741211,16.8799991607666,16.940000534057617,16.940000534057617,1458400
2013-10-16,17.0,17.200000762939453,16.90999984741211,17.020000457763672,17.020000457763672,1799500
2013-10-17,17.020000457763672,17.18000030517578,16.860000610351562,17.149999618530273,17.149999618530273,2153100
2013-10-18,17.219999313354492,17.350000381469727,16.959999084472656,17.219999313354492,17.219999313354492,2552500
2013-10-21,17.290000915527344,17.5,17.1299991607666,17.149999618530273,17.149999618530273,1772300
2013-10-22,17.299999237060547,17.440000534057617,17.1299991607666,17.280000686645508,17.280000686645508,2378000
2013-10-23,17.25,17.299999237060547,16.979999542236328,16.989999771118164,16.989999771118164,2392300
2013-10-24,16.989999771118164,17.200000762939453,16.989999771118164,17.059999465942383,17.059999465942383,3102400
2013-10-25,17.25,17.450000762939453,17.149999618530273,17.34000015258789,17.34000015258789,2884300
2013-10-28,17.5,17.690000534057617,17.360000610351562,17.68000030517578,17.68000030517578,3022900
2013-10-29,17.899999618530273,18.020000457763672,17.600000381469727,17.950000762939453,17.950000762939453,6491800
2013-10-30,17.860000610351562,18.229999542236328,16.84000015258789,17.139999389648438,17.139999389648438,11228100
2013-10-31,17.1299991607666,18.170000076293945,17.100000381469727,17.90999984741211,17.90999984741211,7464900
2013-11-01,17.90999984741211,18.030000686645508,17.5,17.969999313354492,17.969999313354492,3833200
2013-11-04,17.989999771118164,18.3799991607666,17.84000015258789,18.350000381469727,18.350000381469727,3656500
2013-11-05,18.149999618530273,18.459999084472656,17.8700008392334,18.239999771118164,18.239999771118164,3039800
2013-11-06,18.399999618530273,18.479999542236328,17.790000915527344,17.829999923706055,17.829999923706055,2610700
2013-11-07,17.84000015258789,17.920000076293945,17.34000015258789,17.399999618530273,17.399999618530273,3047500
2013-11-08,17.31999969482422,17.75,17.209999084472656,17.510000228881836,17.510000228881836,3037100
2013-11-11,17.8799991607666,18.0,17.700000762939453,17.950000762939453,17.950000762939453,2279400
2013-11-12,17.950000762939453,17.969999313354492,17.760000228881836,17.860000610351562,17.860000610351562,1635600
2013-11-13,17.780000686645508,18.049999237060547,17.760000228881836,18.049999237060547,18.049999237060547,1483100
2013-11-14,18.059999465942383,18.110000610351562,17.8700008392334,18.0,18.0,1478300
2013-11-15,18.030000686645508,18.030000686645508,17.700000762939453,17.989999771118164,17.989999771118164,1850100
2013-11-18,17.809999465942383,17.969999313354492,17.479999542236328,17.510000228881836,17.510000228881836,2798900
2013-11-19,17.450000762939453,17.649999618530273,17.1299991607666,17.1299991607666,17.1299991607666,2204800
2013-11-20,17.190000534057617,17.3700008392334,17.010000228881836,17.040000915527344,17.040000915527344,1793400
2013-11-21,17.049999237060547,17.229999542236328,16.989999771118164,17.1200008392334,17.1200008392334,1690200
2013-11-22,16.719999313354492,17.010000228881836,16.260000228881836,16.860000610351562,16.860000610351562,4051300
2013-11-25,16.889999389648438,17.0,16.350000381469727,16.93000030517578,16.93000030517578,3472500
2013-11-26,16.010000228881836,16.420000076293945,15.989999771118164,16.010000228881836,16.010000228881836,6732800
2013-11-27,16.030000686645508,16.270000457763672,16.0,16.149999618530273,16.149999618530273,3333000
2013-11-29,16.229999542236328,16.440000534057617,16.149999618530273,16.360000610351562,16.360000610351562,997000
2013-12-02,16.360000610351562,16.6200008392334,16.260000228881836,16.450000762939453,16.450000762939453,2308800
2013-12-03,16.489999771118164,16.6299991607666,16.350000381469727,16.5,16.5,2302900
2013-12-04,16.440000534057617,16.690000534057617,16.399999618530273,16.610000610351562,16.610000610351562,1319200
2013-12-05,16.610000610351562,16.709999084472656,16.360000610351562,16.40999984741211,16.40999984741211,1826300
2013-12-06,16.510000228881836,16.75,16.5,16.639999389648438,16.639999389648438,1442200
2013-12-09,16.729999542236328,17.040000915527344,16.670000076293945,16.889999389648438,16.889999389648438,2196900
2013-12-10,16.799999237060547,17.0,16.700000762939453,16.899999618530273,16.899999618530273,1262400
2013-12-11,16.979999542236328,16.989999771118164,16.420000076293945,16.489999771118164,16.489999771118164,1788400
2013-12-12,16.43000030517578,16.56999969482422,16.25,16.420000076293945,16.420000076293945,2924800
2013-12-13,16.450000762939453,16.979999542236328,16.450000762939453,16.940000534057617,16.940000534057617,1751600
2013-12-16,16.989999771118164,17.3700008392334,16.90999984741211,17.360000610351562,17.360000610351562,2837800
2013-12-17,17.360000610351562,17.549999237060547,17.170000076293945,17.479999542236328,17.479999542236328,1884500
2013-12-18,17.489999771118164,17.75,17.309999465942383,17.700000762939453,17.700000762939453,1847900
2013-12-19,17.600000381469727,17.829999923706055,17.5,17.799999237060547,17.799999237060547,3138400
2013-12-20,17.770000457763672,17.829999923706055,17.5,17.579999923706055,17.579999923706055,3902100
2013-12-23,17.610000610351562,17.760000228881836,17.520000457763672,17.729999542236328,17.729999542236328,2666400
2013-12-24,17.579999923706055,17.760000228881836,17.579999923706055,17.670000076293945,17.670000076293945,1398900
2013-12-26,17.75,17.899999618530273,17.65999984741211,17.8799991607666,17.8799991607666,1938800
2013-12-27,17.90999984741211,17.93000030517578,17.649999618530273,17.68000030517578,17.68000030517578,980100
2013-12-30,17.639999389648438,17.68000030517578,17.34000015258789,17.399999618530273,17.399999618530273,1336500
2013-12-31,17.40999984741211,17.59000015258789,17.34000015258789,17.3700008392334,17.3700008392334,2883100
2014-01-02,17.270000457763672,17.540000915527344,17.149999618530273,17.530000686645508,17.530000686645508,976100
2014-01-03,17.5,17.75,17.5,17.6299991607666,17.6299991607666,857300
2014-01-06,17.670000076293945,17.75,17.420000076293945,17.600000381469727,17.600000381469727,1190200
2014-01-07,17.639999389648438,18.270000457763672,17.520000457763672,18.110000610351562,18.110000610351562,2811700
2014-01-08,17.950000762939453,18.170000076293945,17.729999542236328,17.799999237060547,17.799999237060547,1452000
2014-01-09,17.90999984741211,17.979999542236328,17.639999389648438,17.670000076293945,17.670000076293945,1006900
2014-01-10,17.65999984741211,17.739999771118164,17.5,17.639999389648438,17.639999389648438,1022400
2014-01-13,17.610000610351562,17.700000762939453,17.3700008392334,17.459999084472656,17.459999084472656,1506000
2014-01-14,17.350000381469727,17.489999771118164,17.049999237060547,17.170000076293945,17.170000076293945,2375400
2014-01-15,17.15999984741211,17.389999389648438,16.920000076293945,16.959999084472656,16.959999084472656,2798100
2014-01-16,16.950000762939453,17.0,16.65999984741211,16.68000030517578,16.68000030517578,3231400
2014-01-17,16.950000762939453,17.219999313354492,16.8700008392334,17.049999237060547,17.049999237060547,3253600
2014-01-21,17.299999237060547,17.40999984741211,17.059999465942383,17.389999389648438,17.389999389648438,2300300
2014-01-22,17.3700008392334,18.68000030517578,17.329999923706055,18.649999618530273,18.649999618530273,7057700
2014-01-23,18.440000534057617,19.040000915527344,18.299999237060547,18.520000457763672,18.520000457763672,4713800
2014-01-24,18.360000610351562,18.59000015258789,18.040000915527344,18.459999084472656,18.459999084472656,2722700
2014-01-27,18.6200008392334,18.780000686645508,18.15999984741211,18.239999771118164,18.239999771118164,1843800
2014-01-28,18.469999313354492,19.020000457763672,18.440000534057617,18.6200008392334,18.6200008392334,2657200
2014-01-29,18.25,18.700000762939453,18.149999618530273,18.360000610351562,18.360000610351562,2373200
2014-01-30,18.3700008392334,19.110000610351562,18.360000610351562,19.049999237060547,19.049999237060547,4692600
2014-01-31,18.75,19.459999084472656,18.6299991607666,19.18000030517578,19.18000030517578,4744800
2014-02-03,19.489999771118164,19.670000076293945,18.610000610351562,18.899999618530273,18.899999618530273,6407500
2014-02-04,17.25,17.770000457763672,16.399999618530273,17.059999465942383,17.059999465942383,21546700
2014-02-05,17.110000610351562,18.329999923706055,17.020000457763672,18.0,18.0,8933000
2014-02-06,18.0,18.25,17.799999237060547,18.239999771118164,18.239999771118164,3010200
2014-02-07,18.299999237060547,18.850000381469727,18.280000686645508,18.649999618530273,18.649999618530273,4625000
2014-02-10,18.65999984741211,18.959999084472656,18.6299991607666,18.93000030517578,18.93000030517578,3222400
2014-02-11,18.860000610351562,19.579999923706055,18.700000762939453,19.209999084472656,19.209999084472656,5357700
2014-02-12,19.18000030517578,19.389999389648438,18.760000228881836,19.219999313354492,19.219999313354492,3626600
2014-02-13,19.110000610351562,19.350000381469727,18.8700008392334,19.209999084472656,19.209999084472656,2010400
2014-02-14,19.1299991607666,19.40999984741211,19.049999237060547,19.110000610351562,19.110000610351562,2072800
2014-02-18,19.280000686645508,20.420000076293945,19.25,20.399999618530273,20.399999618530273,6423000
2014-02-19,20.399999618530273,20.489999771118164,19.510000228881836,19.56999969482422,19.56999969482422,3751900
2014-02-20,19.5,19.739999771118164,19.350000381469727,19.59000015258789,19.59000015258789,1447200
2014-02-21,19.690000534057617,19.850000381469727,19.239999771118164,19.290000915527344,19.290000915527344,2004700
2014-02-24,19.239999771118164,19.639999389648438,19.219999313354492,19.610000610351562,19.610000610351562,2449900
2014-02-25,19.510000228881836,20.219999313354492,19.43000030517578,19.59000015258789,19.59000015258789,3675600
2014-02-26,19.59000015258789,20.0,19.399999618530273,19.780000686645508,19.780000686645508,1670100
2014-02-27,19.850000381469727,20.079999923706055,19.65999984741211,20.020000457763672,20.020000457763672,1260700
2014-02-28,20.09000015258789,20.149999618530273,19.579999923706055,19.770000457763672,19.770000457763672,2404700
2014-03-03,19.549999237060547,20.0,19.3799991607666,20.0,20.0,1824200
2014-03-04,20.200000762939453,20.530000686645508,20.09000015258789,20.43000030517578,20.43000030517578,3557200
2014-03-05,20.309999465942383,20.799999237060547,20.309999465942383,20.799999237060547,20.799999237060547,2353900
2014-03-06,20.81999969482422,21.059999465942383,20.709999084472656,20.739999771118164,20.739999771118164,1740700
2014-03-07,20.780000686645508,21.25,20.6200008392334,21.209999084472656,21.209999084472656,2929200
2014-03-10,21.200000762939453,21.209999084472656,20.690000534057617,20.809999465942383,20.809999465942383,1367000
2014-03-11,20.850000381469727,20.950000762939453,20.540000915527344,20.719999313354492,20.719999313354492,1075800
2014-03-12,20.559999465942383,21.239999771118164,20.360000610351562,21.219999313354492,21.219999313354492,1432200
2014-03-13,21.31999969482422,21.440000534057617,20.780000686645508,20.8799991607666,20.8799991607666,1744000
2014-03-14,20.989999771118164,21.59000015258789,20.93000030517578,21.5,21.5,2009400
2014-03-17,21.530000686645508,21.950000762939453,21.5,21.950000762939453,21.950000762939453,1705100
2014-03-18,21.989999771118164,22.40999984741211,21.940000534057617,22.260000228881836,22.260000228881836,1862400
2014-03-19,22.299999237060547,22.31999969482422,21.6200008392334,21.790000915527344,21.790000915527344,1354100
2014-03-20,21.649999618530273,21.81999969482422,21.190000534057617,21.68000030517578,21.68000030517578,1260700
2014-03-21,21.670000076293945,22.25,21.6299991607666,21.770000457763672,21.770000457763672,2024500
2014-03-24,21.770000457763672,21.799999237060547,21.1299991607666,21.530000686645508,21.530000686645508,1476100
2014-03-25,21.639999389648438,21.93000030517578,21.190000534057617,21.239999771118164,21.239999771118164,1700500
2014-03-26,21.329999923706055,21.489999771118164,20.549999237060547,20.860000610351562,20.860000610351562,2848400
2014-03-27,20.829999923706055,21.059999465942383,20.579999923706055,21.0,21.0,1470700
2014-03-28,20.969999313354492,21.510000228881836,20.969999313354492,21.479999542236328,21.479999542236328,1091600
2014-03-31,21.600000381469727,22.1299991607666,21.200000762939453,21.93000030517578,21.93000030517578,2385900
2014-04-01,22.020000457763672,22.1200008392334,21.549999237060547,21.920000076293945,21.920000076293945,1841000
2014-04-02,21.850000381469727,22.209999084472656,21.68000030517578,21.739999771118164,21.739999771118164,2035100
2014-04-03,21.709999084472656,21.989999771118164,21.170000076293945,21.56999969482422,21.56999969482422,2414000
2014-04-04,21.709999084472656,21.81999969482422,21.020000457763672,21.200000762939453,21.200000762939453,1271300
2014-04-07,21.18000030517578,21.770000457763672,20.75,20.829999923706055,20.829999923706055,2909000
2014-04-08,20.770000457763672,21.299999237060547,20.6200008392334,21.170000076293945,21.170000076293945,3007800
2014-04-09,21.299999237060547,21.40999984741211,20.260000228881836,20.350000381469727,20.350000381469727,3755900
2014-04-10,20.34000015258789,20.56999969482422,20.1200008392334,20.329999923706055,20.329999923706055,2293500
2014-04-11,20.260000228881836,20.440000534057617,19.729999542236328,19.780000686645508,19.780000686645508,2494100
2014-04-14,19.889999389648438,20.229999542236328,19.700000762939453,19.969999313354492,19.969999313354492,1968200
2014-04-15,19.989999771118164,20.1299991607666,19.18000030517578,19.530000686645508,19.530000686645508,3876000
2014-04-16,19.739999771118164,20.18000030517578,19.56999969482422,20.049999237060547,20.049999237060547,2547000
2014-04-17,20.09000015258789,20.729999542236328,20.049999237060547,20.510000228881836,20.510000228881836,1222300
2014-04-21,20.399999618530273,20.6200008392334,20.239999771118164,20.530000686645508,20.530000686645508,1123600
2014-04-22,20.489999771118164,20.920000076293945,20.450000762939453,20.850000381469727,20.850000381469727,1896700
2014-04-23,20.780000686645508,20.959999084472656,20.489999771118164,20.889999389648438,20.889999389648438,1296600
2014-04-24,20.979999542236328,21.0,20.600000381469727,20.8799991607666,20.8799991607666,903000
2014-04-25,20.790000915527344,20.790000915527344,20.31999969482422,20.360000610351562,20.360000610351562,973600
2014-04-28,20.399999618530273,20.690000534057617,20.0,20.360000610351562,20.360000610351562,867100
2014-04-29,20.3799991607666,20.5,20.229999542236328,20.3799991607666,20.3799991607666,742700
2014-04-30,20.350000381469727,20.479999542236328,19.940000534057617,20.3799991607666,20.3799991607666,1711100
2014-05-01,20.290000915527344,21.0,20.290000915527344,20.690000534057617,20.690000534057617,1657300
2014-05-02,20.65999984741211,21.0,20.600000381469727,20.770000457763672,20.770000457763672,1169200
2014-05-05,20.719999313354492,20.989999771118164,20.43000030517578,20.639999389648438,20.639999389648438,1356500
2014-05-06,20.6299991607666,21.010000228881836,20.479999542236328,20.790000915527344,20.790000915527344,1705700
2014-05-07,21.100000381469727,21.5,20.790000915527344,21.420000076293945,21.420000076293945,2597500
2014-05-08,21.420000076293945,21.729999542236328,20.729999542236328,20.850000381469727,20.850000381469727,2211100
2014-05-09,20.729999542236328,20.889999389648438,20.200000762939453,20.3799991607666,20.3799991607666,3076700
2014-05-12,20.459999084472656,20.790000915527344,20.3799991607666,20.670000076293945,20.670000076293945,3695400
2014-05-13,20.850000381469727,20.860000610351562,20.200000762939453,20.6299991607666,20.6299991607666,6658000
2014-05-14,20.110000610351562,20.440000534057617,18.8799991607666,18.989999771118164,18.989999771118164,12609700
2014-05-15,18.860000610351562,19.079999923706055,18.450000762939453,18.809999465942383,18.809999465942383,4751800
2014-05-16,18.829999923706055,19.09000015258789,18.549999237060547,19.09000015258789,19.09000015258789,2912700
2014-05-19,18.950000762939453,19.479999542236328,18.799999237060547,19.43000030517578,19.43000030517578,2447700
2014-05-20,19.399999618530273,19.56999969482422,19.1200008392334,19.510000228881836,19.510000228881836,1822200
2014-05-21,19.56999969482422,19.639999389648438,19.079999923706055,19.219999313354492,19.219999313354492,2683800
2014-05-22,19.15999984741211,19.219999313354492,18.790000915527344,18.860000610351562,18.860000610351562,2452500
2014-05-23,18.829999923706055,19.68000030517578,18.81999969482422,19.649999618530273,19.649999618530273,2031400
2014-05-27,19.719999313354492,20.1299991607666,19.719999313354492,20.049999237060547,20.049999237060547,1531300
2014-05-28,19.989999771118164,20.229999542236328,19.940000534057617,20.010000228881836,20.010000228881836,1470300
2014-05-29,20.09000015258789,20.31999969482422,19.860000610351562,20.200000762939453,20.200000762939453,1070200
2014-05-30,20.1299991607666,20.649999618530273,20.079999923706055,20.6299991607666,20.6299991607666,2081300
2014-06-02,20.600000381469727,20.6299991607666,19.350000381469727,19.510000228881836,19.510000228881836,3840200
2014-06-03,19.350000381469727,19.600000381469727,19.25,19.469999313354492,19.469999313354492,2672100
2014-06-04,19.309999465942383,19.860000610351562,19.309999465942383,19.59000015258789,19.59000015258789,1042500
2014-06-05,19.530000686645508,19.850000381469727,19.309999465942383,19.670000076293945,19.670000076293945,1026100
2014-06-06,19.75,19.81999969482422,19.510000228881836,19.549999237060547,19.549999237060547,1027400
2014-06-09,19.469999313354492,19.920000076293945,19.43000030517578,19.790000915527344,19.790000915527344,1163600
2014-06-10,19.889999389648438,20.639999389648438,19.889999389648438,20.239999771118164,20.239999771118164,3395500
2014-06-11,20.100000381469727,20.239999771118164,19.81999969482422,20.18000030517578,20.18000030517578,1416000
2014-06-12,20.110000610351562,20.34000015258789,19.770000457763672,19.850000381469727,19.850000381469727,1894200
2014-06-13,19.899999618530273,20.489999771118164,19.829999923706055,20.450000762939453,20.450000762939453,1210500
2014-06-16,20.389999389648438,20.729999542236328,20.170000076293945,20.6299991607666,20.6299991607666,1507900
2014-06-17,20.780000686645508,21.450000762939453,20.6200008392334,21.079999923706055,21.079999923706055,2718900
2014-06-18,21.06999969482422,21.329999923706055,21.010000228881836,21.219999313354492,21.219999313354492,1093800
2014-06-19,21.31999969482422,21.540000915527344,21.040000915527344,21.459999084472656,21.459999084472656,1544600
2014-06-20,21.5,21.520000457763672,21.239999771118164,21.450000762939453,21.450000762939453,1585400
2014-06-23,21.420000076293945,21.540000915527344,21.170000076293945,21.520000457763672,21.520000457763672,1370600
2014-06-24,21.420000076293945,21.709999084472656,21.239999771118164,21.280000686645508,21.280000686645508,2001000
2014-06-25,21.1299991607666,21.739999771118164,20.950000762939453,21.649999618530273,21.649999618530273,1421800
2014-06-26,22.030000686645508,22.030000686645508,21.520000457763672,21.770000457763672,21.770000457763672,1329100
2014-06-27,21.579999923706055,22.399999618530273,21.40999984741211,22.3799991607666,22.3799991607666,4910300
2014-06-30,22.43000030517578,22.469999313354492,22.15999984741211,22.239999771118164,22.239999771118164,2723700
2014-07-01,22.190000534057617,22.75,21.799999237060547,22.719999313354492,22.719999313354492,3035200
2014-07-02,22.709999084472656,22.90999984741211,22.600000381469727,22.65999984741211,22.65999984741211,1913400
2014-07-03,22.75,22.899999618530273,22.649999618530273,22.770000457763672,22.770000457763672,663400
2014-07-07,22.790000915527344,22.84000015258789,22.450000762939453,22.479999542236328,22.479999542236328,1108900
2014-07-08,22.489999771118164,22.489999771118164,21.969999313354492,22.149999618530273,22.149999618530273,1439800
2014-07-09,22.239999771118164,22.469999313354492,22.15999984741211,22.350000381469727,22.350000381469727,1442700
2014-07-10,21.969999313354492,22.469999313354492,21.969999313354492,22.290000915527344,22.290000915527344,1169100
2014-07-11,22.260000228881836,22.510000228881836,22.200000762939453,22.290000915527344,22.290000915527344,774700
2014-07-14,22.420000076293945,22.6200008392334,22.290000915527344,22.420000076293945,22.420000076293945,846800
2014-07-15,22.389999389648438,22.530000686645508,22.06999969482422,22.31999969482422,22.31999969482422,1057400
2014-07-16,22.600000381469727,22.81999969482422,22.290000915527344,22.479999542236328,22.479999542236328,2821300
2014-07-17,22.40999984741211,22.65999984741211,22.049999237060547,22.09000015258789,22.09000015258789,915600
2014-07-18,22.059999465942383,23.260000228881836,22.059999465942383,23.219999313354492,23.219999313354492,1788700
2014-07-21,23.149999618530273,23.329999923706055,22.889999389648438,23.219999313354492,23.219999313354492,1630600
2014-07-22,23.309999465942383,23.479999542236328,23.219999313354492,23.350000381469727,23.350000381469727,892100
2014-07-23,23.34000015258789,23.43000030517578,22.93000030517578,22.950000762939453,22.950000762939453,829100
2014-07-24,23.100000381469727,23.34000015258789,23.079999923706055,23.299999237060547,23.299999237060547,758800
2014-07-25,23.3700008392334,23.510000228881836,23.040000915527344,23.510000228881836,23.510000228881836,1074100
2014-07-28,23.559999465942383,23.670000076293945,23.1299991607666,23.450000762939453,23.450000762939453,1567800
2014-07-29,23.450000762939453,23.549999237060547,23.010000228881836,23.06999969482422,23.06999969482422,1406100
2014-07-30,23.280000686645508,23.31999969482422,22.969999313354492,23.040000915527344,23.040000915527344,909700
2014-07-31,22.90999984741211,23.149999618530273,22.3700008392334,22.3799991607666,22.3799991607666,1075200
2014-08-01,22.399999618530273,22.479999542236328,21.760000228881836,22.389999389648438,22.389999389648438,1487500
2014-08-04,22.389999389648438,22.850000381469727,22.25,22.34000015258789,22.34000015258789,1375400
2014-08-05,22.360000610351562,22.709999084472656,21.940000534057617,21.969999313354492,21.969999313354492,2073900
2014-08-06,21.530000686645508,21.75,20.399999618530273,20.56999969482422,20.56999969482422,5168800
2014-08-07,20.6299991607666,20.790000915527344,20.40999984741211,20.510000228881836,20.510000228881836,1693500
2014-08-08,20.489999771118164,20.959999084472656,20.40999984741211,20.899999618530273,20.899999618530273,1256400
2014-08-11,21.0,21.25,20.850000381469727,20.950000762939453,20.950000762939453,1585000
2014-08-12,20.959999084472656,21.309999465942383,20.8799991607666,21.15999984741211,21.15999984741211,1710500
2014-08-13,21.299999237060547,21.65999984741211,21.200000762939453,21.649999618530273,21.649999618530273,1550100
2014-08-14,21.540000915527344,22.09000015258789,21.510000228881836,22.06999969482422,22.06999969482422,1902200
2014-08-15,22.270000457763672,22.270000457763672,21.670000076293945,21.700000762939453,21.700000762939453,2751100
2014-08-18,21.920000076293945,22.200000762939453,21.90999984741211,22.0,22.0,831700
2014-08-19,22.049999237060547,22.309999465942383,21.989999771118164,22.149999618530273,22.149999618530273,591300
2014-08-20,22.020000457763672,22.149999618530273,21.809999465942383,22.079999923706055,22.079999923706055,842900
2014-08-21,22.3700008392334,22.489999771118164,22.010000228881836,22.420000076293945,22.420000076293945,1403300
2014-08-22,22.3799991607666,22.440000534057617,22.059999465942383,22.329999923706055,22.329999923706055,1115000
2014-08-25,22.5,22.610000610351562,22.030000686645508,22.059999465942383,22.059999465942383,927600
2014-08-26,22.149999618530273,22.43000030517578,22.010000228881836,22.309999465942383,22.309999465942383,980300
2014-08-27,22.299999237060547,22.739999771118164,22.25,22.700000762939453,22.700000762939453,1277300
2014-08-28,22.579999923706055,22.579999923706055,22.260000228881836,22.459999084472656,22.459999084472656,893300
2014-08-29,22.510000228881836,23.65999984741211,22.510000228881836,23.510000228881836,23.510000228881836,5526600
2014-09-02,23.6200008392334,23.920000076293945,23.219999313354492,23.65999984741211,23.65999984741211,2288300
2014-09-03,23.850000381469727,23.8799991607666,23.350000381469727,23.469999313354492,23.469999313354492,1711200
2014-09-04,23.40999984741211,23.709999084472656,23.209999084472656,23.25,23.25,1952800
2014-09-05,23.0,23.399999618530273,22.690000534057617,23.389999389648438,23.389999389648438,1417000
2014-09-08,23.270000457763672,23.549999237060547,23.139999389648438,23.360000610351562,23.360000610351562,1632200
2014-09-09,23.280000686645508,23.479999542236328,23.1299991607666,23.219999313354492,23.219999313354492,1326500
2014-09-10,23.270000457763672,23.549999237060547,22.8799991607666,23.540000915527344,23.540000915527344,1163900
2014-09-11,23.479999542236328,24.280000686645508,23.389999389648438,24.190000534057617,24.190000534057617,1697600
2014-09-12,24.200000762939453,24.200000762939453,23.3799991607666,23.530000686645508,23.530000686645508,1220300
2014-09-15,23.540000915527344,23.709999084472656,23.0,23.1299991607666,23.1299991607666,1211800
2014-09-16,22.979999542236328,23.329999923706055,22.729999542236328,23.049999237060547,23.049999237060547,1106700
2014-09-17,23.059999465942383,23.420000076293945,22.829999923706055,22.989999771118164,22.989999771118164,1365800
2014-09-18,23.040000915527344,23.559999465942383,22.90999984741211,23.520000457763672,23.520000457763672,936100
2014-09-19,23.729999542236328,23.90999984741211,23.56999969482422,23.709999084472656,23.709999084472656,2978300
2014-09-22,23.389999389648438,23.75,23.389999389648438,23.579999923706055,23.579999923706055,1402500
2014-09-23,23.389999389648438,23.719999313354492,23.149999618530273,23.149999618530273,23.149999618530273,1415500
2014-09-24,23.229999542236328,23.6200008392334,22.850000381469727,23.479999542236328,23.479999542236328,1552100
2014-09-25,23.399999618530273,23.489999771118164,23.020000457763672,23.100000381469727,23.100000381469727,1024300
2014-09-26,23.440000534057617,23.540000915527344,23.100000381469727,23.420000076293945,23.420000076293945,763200
2014-09-29,23.149999618530273,23.540000915527344,23.139999389648438,23.34000015258789,23.34000015258789,1001500
2014-09-30,23.3700008392334,23.520000457763672,23.030000686645508,23.06999969482422,23.06999969482422,1320100
2014-10-01,22.989999771118164,23.049999237060547,21.850000381469727,22.399999618530273,22.399999618530273,1859200
2014-10-02,22.440000534057617,22.59000015258789,21.850000381469727,22.3700008392334,22.3700008392334,1293300
2014-10-03,22.6200008392334,23.040000915527344,22.3700008392334,22.860000610351562,22.860000610351562,899600
2014-10-06,22.979999542236328,23.06999969482422,22.639999389648438,22.899999618530273,22.899999618530273,828800
2014-10-07,22.809999465942383,22.8700008392334,22.020000457763672,22.100000381469727,22.100000381469727,2809300
2014-10-08,22.1200008392334,22.5,21.5,22.440000534057617,22.440000534057617,1911400
2014-10-09,22.40999984741211,22.56999969482422,21.979999542236328,21.989999771118164,21.989999771118164,1143800
2014-10-10,21.84000015258789,21.989999771118164,21.3799991607666,21.639999389648438,21.639999389648438,2408200
2014-10-13,21.649999618530273,21.81999969482422,20.690000534057617,20.719999313354492,20.719999313354492,1735800
2014-10-14,21.0,21.420000076293945,20.75,20.829999923706055,20.829999923706055,1766400
2014-10-15,20.510000228881836,21.329999923706055,20.1299991607666,21.190000534057617,21.190000534057617,1749200
2014-10-16,20.90999984741211,21.899999618530273,20.639999389648438,21.489999771118164,21.489999771118164,1218500
2014-10-17,21.860000610351562,22.209999084472656,21.329999923706055,21.520000457763672,21.520000457763672,1074400
2014-10-20,21.459999084472656,21.889999389648438,21.31999969482422,21.799999237060547,21.799999237060547,1229800
2014-10-21,21.889999389648438,22.3700008392334,21.799999237060547,22.329999923706055,22.329999923706055,1287200
2014-10-22,22.420000076293945,22.68000030517578,21.93000030517578,22.010000228881836,22.010000228881836,1278700
2014-10-23,22.200000762939453,22.700000762939453,22.200000762939453,22.559999465942383,22.559999465942383,799900
2014-10-24,22.559999465942383,22.719999313354492,22.25,22.420000076293945,22.420000076293945,1009200
2014-10-27,22.3700008392334,22.469999313354492,21.979999542236328,22.110000610351562,22.110000610351562,956500
2014-10-28,22.190000534057617,23.110000610351562,22.170000076293945,23.110000610351562,23.110000610351562,1850600
2014-10-29,23.170000076293945,23.360000610351562,22.700000762939453,22.799999237060547,22.799999237060547,1726800
2014-10-30,24.5,25.479999542236328,23.719999313354492,25.270000457763672,25.270000457763672,6255400
2014-10-31,25.520000457763672,26.700000762939453,25.510000228881836,26.450000762939453,26.450000762939453,4083000
2014-11-03,26.559999465942383,26.799999237060547,25.809999465942383,25.829999923706055,25.829999923706055,3328900
2014-11-04,25.809999465942383,26.25,25.739999771118164,25.920000076293945,25.920000076293945,2307200
2014-11-05,26.18000030517578,26.399999618530273,25.799999237060547,26.06999969482422,26.06999969482422,1525400
2014-11-06,25.959999084472656,26.399999618530273,25.860000610351562,26.1200008392334,26.1200008392334,1524600
2014-11-07,26.020000457763672,26.209999084472656,25.559999465942383,26.15999984741211,26.15999984741211,1551100
2014-11-10,26.190000534057617,26.399999618530273,25.940000534057617,26.100000381469727,26.100000381469727,1400400
2014-11-11,26.100000381469727,26.31999969482422,25.950000762939453,26.110000610351562,26.110000610351562,1077100
2014-11-12,25.959999084472656,26.34000015258789,25.799999237060547,26.31999969482422,26.31999969482422,703400
2014-11-13,26.290000915527344,26.34000015258789,25.559999465942383,25.75,25.75,1551500
2014-11-14,25.760000228881836,26.399999618530273,25.760000228881836,26.389999389648438,26.389999389648438,1364900
2014-11-17,26.31999969482422,26.81999969482422,26.25,26.420000076293945,26.420000076293945,1947000
2014-11-18,26.440000534057617,27.190000534057617,26.309999465942383,27.030000686645508,27.030000686645508,1491200
2014-11-19,27.059999465942383,27.139999389648438,26.40999984741211,26.84000015258789,26.84000015258789,1172700
2014-11-20,26.700000762939453,27.100000381469727,26.559999465942383,26.940000534057617,26.940000534057617,918700
2014-11-21,27.420000076293945,27.459999084472656,26.690000534057617,26.889999389648438,26.889999389648438,1181600
2014-11-24,27.020000457763672,27.790000915527344,26.93000030517578,27.709999084472656,27.709999084472656,1756800
2014-11-25,27.75,28.020000457763672,27.6299991607666,27.8799991607666,27.8799991607666,1564600
2014-11-26,27.940000534057617,28.200000762939453,27.649999618530273,28.15999984741211,28.15999984741211,842600
2014-11-28,28.139999389648438,28.139999389648438,27.25,27.65999984741211,27.65999984741211,1093900
2014-12-01,27.489999771118164,27.579999923706055,26.6299991607666,26.700000762939453,26.700000762939453,1279400
2014-12-02,26.959999084472656,27.5,26.700000762939453,27.040000915527344,27.040000915527344,1312300
2014-12-03,27.059999465942383,28.209999084472656,27.059999465942383,28.110000610351562,28.110000610351562,1186200
2014-12-04,27.90999984741211,28.209999084472656,27.5,27.940000534057617,27.940000534057617,952900
2014-12-05,27.950000762939453,28.260000228881836,27.610000610351562,27.809999465942383,27.809999465942383,714900
2014-12-08,27.75,27.75,26.100000381469727,26.559999465942383,26.559999465942383,2595400
2014-12-09,26.15999984741211,27.18000030517578,25.850000381469727,27.110000610351562,27.110000610351562,1355500
2014-12-10,26.989999771118164,27.25,26.399999618530273,26.549999237060547,26.549999237060547,1013800
2014-12-11,26.729999542236328,27.399999618530273,26.329999923706055,27.06999969482422,27.06999969482422,846300
2014-12-12,26.8700008392334,28.459999084472656,26.8700008392334,28.139999389648438,28.139999389648438,2552100
2014-12-15,28.200000762939453,28.540000915527344,27.56999969482422,28.1200008392334,28.1200008392334,1694900
2014-12-16,28.06999969482422,28.079999923706055,27.040000915527344,27.049999237060547,27.049999237060547,2133900
2014-12-17,27.15999984741211,27.709999084472656,26.8700008392334,27.59000015258789,27.59000015258789,2097400
2014-12-18,28.010000228881836,28.469999313354492,27.829999923706055,28.420000076293945,28.420000076293945,1170500
2014-12-19,28.549999237060547,28.790000915527344,28.09000015258789,28.1299991607666,28.1299991607666,3419800
2014-12-22,28.389999389648438,28.829999923706055,28.25,28.559999465942383,28.559999465942383,1012700
2014-12-23,28.719999313354492,28.899999618530273,28.360000610351562,28.420000076293945,28.420000076293945,836000
2014-12-24,28.459999084472656,28.790000915527344,28.31999969482422,28.600000381469727,28.600000381469727,471400
2014-12-26,28.6299991607666,29.100000381469727,28.510000228881836,28.989999771118164,28.989999771118164,433400
2014-12-29,28.889999389648438,28.889999389648438,28.5,28.709999084472656,28.709999084472656,692600
2014-12-30,28.59000015258789,28.899999618530273,28.31999969482422,28.389999389648438,28.389999389648438,631000
2014-12-31,28.440000534057617,28.549999237060547,28.0,28.030000686645508,28.030000686645508,863200
2015-01-02,28.200000762939453,28.440000534057617,27.549999237060547,28.100000381469727,28.100000381469727,826900
2015-01-05,28.670000076293945,28.8799991607666,27.459999084472656,27.6200008392334,27.6200008392334,1038300
2015-01-06,28.149999618530273,28.440000534057617,27.520000457763672,27.93000030517578,27.93000030517578,1595600
2015-01-07,28.139999389648438,28.459999084472656,27.709999084472656,28.100000381469727,28.100000381469727,1380500
2015-01-08,28.309999465942383,28.780000686645508,28.149999618530273,28.459999084472656,28.459999084472656,2626100
2015-01-09,28.5,28.6200008392334,27.780000686645508,27.8700008392334,27.8700008392334,1186500
2015-01-12,28.030000686645508,28.100000381469727,27.229999542236328,27.8700008392334,27.8700008392334,1409200
2015-01-13,27.989999771118164,28.540000915527344,27.309999465942383,27.690000534057617,27.690000534057617,1338500
2015-01-14,27.43000030517578,27.940000534057617,27.270000457763672,27.84000015258789,27.84000015258789,837800
2015-01-15,27.81999969482422,27.950000762939453,27.329999923706055,27.700000762939453,27.700000762939453,1171800
2015-01-16,27.780000686645508,29.280000686645508,27.540000915527344,29.209999084472656,29.209999084472656,1524800
2015-01-20,29.549999237060547,29.549999237060547,28.600000381469727,29.040000915527344,29.040000915527344,882000
2015-01-21,29.100000381469727,29.600000381469727,28.799999237060547,29.209999084472656,29.209999084472656,1722800
2015-01-22,29.459999084472656,29.920000076293945,28.979999542236328,29.709999084472656,29.709999084472656,1237800
2015-01-23,29.709999084472656,29.93000030517578,29.329999923706055,29.860000610351562,29.860000610351562,680400
2015-01-26,29.90999984741211,30.709999084472656,29.809999465942383,30.5,30.5,1141900
2015-01-27,30.040000915527344,30.049999237060547,29.110000610351562,29.670000076293945,29.670000076293945,1809600
2015-01-28,30.239999771118164,30.799999237060547,29.8700008392334,29.889999389648438,29.889999389648438,2112000
2015-01-29,29.979999542236328,30.149999618530273,29.40999984741211,30.09000015258789,30.09000015258789,1605400
2015-01-30,29.90999984741211,30.149999618530273,29.309999465942383,29.719999313354492,29.719999313354492,1152400
2015-02-02,29.770000457763672,30.06999969482422,29.079999923706055,29.989999771118164,29.989999771118164,1717100
2015-02-03,30.219999313354492,30.639999389648438,29.389999389648438,29.84000015258789,29.84000015258789,3368700
2015-02-04,29.760000228881836,30.530000686645508,28.690000534057617,28.969999313354492,28.969999313354492,6055100
2015-02-05,29.299999237060547,29.530000686645508,28.40999984741211,28.770000457763672,28.770000457763672,2972100
2015-02-06,28.84000015258789,29.270000457763672,28.559999465942383,28.790000915527344,28.790000915527344,1794500
2015-02-09,28.760000228881836,29.06999969482422,28.040000915527344,28.31999969482422,28.31999969482422,2813900
2015-02-10,28.549999237060547,28.65999984741211,27.549999237060547,27.790000915527344,27.790000915527344,3043600
2015-02-11,27.68000030517578,28.100000381469727,27.239999771118164,27.31999969482422,27.31999969482422,3112400
2015-02-12,27.329999923706055,27.6200008392334,27.190000534057617,27.440000534057617,27.440000534057617,2649900
2015-02-13,27.5,28.420000076293945,27.440000534057617,28.399999618530273,28.399999618530273,2131500
2015-02-17,28.209999084472656,28.479999542236328,28.09000015258789,28.1299991607666,28.1299991607666,2826700
2015-02-18,28.100000381469727,28.309999465942383,27.549999237060547,28.15999984741211,28.15999984741211,2239900
2015-02-19,28.020000457763672,28.18000030517578,26.889999389648438,26.959999084472656,26.959999084472656,3002800
2015-02-20,26.860000610351562,27.059999465942383,26.530000686645508,27.010000228881836,27.010000228881836,2919600
2015-02-23,27.0,27.059999465942383,26.719999313354492,27.0,27.0,1219100
2015-02-24,27.020000457763672,27.309999465942383,26.84000015258789,26.989999771118164,26.989999771118164,1605800
2015-02-25,27.040000915527344,27.239999771118164,26.600000381469727,26.700000762939453,26.700000762939453,1800200
2015-02-26,26.65999984741211,27.170000076293945,26.459999084472656,26.540000915527344,26.540000915527344,1856300
2015-02-27,26.459999084472656,26.799999237060547,26.40999984741211,26.489999771118164,26.489999771118164,1548500
2015-03-02,26.43000030517578,26.440000534057617,25.719999313354492,26.059999465942383,26.059999465942383,3073700
2015-03-03,25.889999389648438,26.100000381469727,25.1200008392334,25.209999084472656,25.209999084472656,3620600
2015-03-04,25.209999084472656,25.489999771118164,25.0,25.049999237060547,25.049999237060547,1998800
2015-03-05,25.200000762939453,25.299999237060547,24.850000381469727,25.209999084472656,25.209999084472656,1931700
2015-03-06,25.020000457763672,25.190000534057617,24.739999771118164,24.809999465942383,24.809999465942383,1562300
2015-03-09,24.8700008392334,24.959999084472656,24.56999969482422,24.81999969482422,24.81999969482422,1926500
2015-03-10,24.649999618530273,24.84000015258789,24.25,24.329999923706055,24.329999923706055,2635300
2015-03-11,24.239999771118164,24.940000534057617,24.190000534057617,24.420000076293945,24.420000076293945,3220000
2015-03-12,24.639999389648438,24.75,24.229999542236328,24.469999313354492,24.469999313354492,2267000
2015-03-13,24.65999984741211,25.510000228881836,24.479999542236328,25.43000030517578,25.43000030517578,3341000
2015-03-16,25.530000686645508,26.0,25.489999771118164,25.829999923706055,25.829999923706055,2948500
2015-03-17,25.729999542236328,25.829999923706055,25.270000457763672,25.440000534057617,25.440000534057617,2205500
2015-03-18,25.43000030517578,25.850000381469727,25.190000534057617,25.670000076293945,25.670000076293945,1408000
2015-03-19,25.520000457763672,25.90999984741211,25.510000228881836,25.719999313354492,25.719999313354492,986400
2015-03-20,25.770000457763672,25.90999984741211,25.579999923706055,25.68000030517578,25.68000030517578,1431900
2015-03-23,25.639999389648438,26.209999084472656,25.639999389648438,25.68000030517578,25.68000030517578,1184200
2015-03-24,25.700000762939453,25.93000030517578,25.469999313354492,25.579999923706055,25.579999923706055,1365400
2015-03-25,25.860000610351562,26.059999465942383,24.969999313354492,25.020000457763672,25.020000457763672,1239400
2015-03-26,24.81999969482422,25.049999237060547,24.610000610351562,24.739999771118164,24.739999771118164,1239700
2015-03-27,24.729999542236328,25.270000457763672,24.729999542236328,25.260000228881836,25.260000228881836,665800
2015-03-30,25.280000686645508,25.610000610351562,25.079999923706055,25.209999084472656,25.209999084472656,1172900
2015-03-31,25.110000610351562,25.520000457763672,24.790000915527344,25.459999084472656,25.459999084472656,2060700
2015-04-01,25.40999984741211,25.40999984741211,24.729999542236328,24.81999969482422,24.81999969482422,1391700
2015-04-02,24.81999969482422,25.100000381469727,24.65999984741211,25.0,25.0,1444400
2015-04-06,24.850000381469727,25.329999923706055,24.610000610351562,24.8799991607666,24.8799991607666,1226300
2015-04-07,24.950000762939453,25.420000076293945,24.8799991607666,25.139999389648438,25.139999389648438,1336700
2015-04-08,25.190000534057617,25.510000228881836,25.1299991607666,25.420000076293945,25.420000076293945,1329900
2015-04-09,25.350000381469727,25.540000915527344,24.719999313354492,24.81999969482422,24.81999969482422,2218800
2015-04-10,24.8799991607666,25.280000686645508,24.8799991607666,25.270000457763672,25.270000457763672,1214900
2015-04-13,25.270000457763672,25.3700008392334,24.729999542236328,24.739999771118164,24.739999771118164,1425500
2015-04-14,24.739999771118164,25.18000030517578,24.739999771118164,24.93000030517578,24.93000030517578,896000
2015-04-15,25.010000228881836,25.170000076293945,24.850000381469727,25.030000686645508,25.030000686645508,1349700
2015-04-16,25.040000915527344,25.239999771118164,24.899999618530273,25.030000686645508,25.030000686645508,1109300
2015-04-17,24.780000686645508,24.850000381469727,24.649999618530273,24.719999313354492,24.719999313354492,1012300
2015-04-20,24.799999237060547,24.969999313354492,24.65999984741211,24.75,24.75,1331100
2015-04-21,24.860000610351562,25.049999237060547,24.649999618530273,24.850000381469727,24.850000381469727,1484700
2015-04-22,24.860000610351562,25.06999969482422,24.65999984741211,25.020000457763672,25.020000457763672,1117300
2015-04-23,25.0,25.149999618530273,24.8700008392334,25.100000381469727,25.100000381469727,671400
2015-04-24,25.139999389648438,25.280000686645508,24.93000030517578,25.079999923706055,25.079999923706055,873300
2015-04-27,25.239999771118164,25.3700008392334,24.969999313354492,25.020000457763672,25.020000457763672,892900
2015-04-28,24.950000762939453,25.079999923706055,24.520000457763672,24.639999389648438,24.639999389648438,1138200
2015-04-29,24.520000457763672,24.760000228881836,24.229999542236328,24.389999389648438,24.389999389648438,2528400
2015-04-30,24.309999465942383,24.329999923706055,23.299999237060547,23.700000762939453,23.700000762939453,4003800
2015-05-01,23.68000030517578,24.399999618530273,23.56999969482422,24.360000610351562,24.360000610351562,1779100
2015-05-04,24.309999465942383,24.549999237060547,24.25,24.450000762939453,24.450000762939453,1360200
2015-05-05,24.40999984741211,24.510000228881836,24.010000228881836,24.06999969482422,24.06999969482422,1958200
2015-05-06,24.280000686645508,24.450000762939453,24.010000228881836,24.1200008392334,24.1200008392334,2039600
2015-05-07,24.1299991607666,24.399999618530273,24.030000686645508,24.329999923706055,24.329999923706055,859400
2015-05-08,24.559999465942383,25.170000076293945,24.350000381469727,25.059999465942383,25.059999465942383,1950200
2015-05-11,24.979999542236328,25.209999084472656,24.770000457763672,25.110000610351562,25.110000610351562,1965500
2015-05-12,24.8799991607666,25.079999923706055,24.579999923706055,24.90999984741211,24.90999984741211,2000600
2015-05-13,24.549999237060547,24.93000030517578,24.450000762939453,24.760000228881836,24.760000228881836,1533500
2015-05-14,24.899999618530273,25.020000457763672,24.559999465942383,24.770000457763672,24.770000457763672,1623300
2015-05-15,24.829999923706055,24.84000015258789,24.579999923706055,24.690000534057617,24.690000534057617,2550600
2015-05-18,24.549999237060547,24.84000015258789,24.139999389648438,24.200000762939453,24.200000762939453,4636800
2015-05-19,26.739999771118164,28.719999313354492,26.700000762939453,28.6200008392334,28.6200008392334,16709000
2015-05-20,28.34000015258789,28.34000015258789,27.309999465942383,27.649999618530273,27.649999618530273,5331900
2015-05-21,27.760000228881836,27.969999313354492,27.489999771118164,27.6299991607666,27.6299991607666,1863300
2015-05-22,27.530000686645508,27.59000015258789,27.200000762939453,27.260000228881836,27.260000228881836,2599300
2015-05-26,27.100000381469727,27.559999465942383,27.0,27.549999237060547,27.549999237060547,2425400
2015-05-27,27.600000381469727,28.079999923706055,27.43000030517578,27.989999771118164,27.989999771118164,1995800
2015-05-28,27.899999618530273,27.959999084472656,27.600000381469727,27.65999984741211,27.65999984741211,1783800
2015-05-29,27.600000381469727,27.799999237060547,27.350000381469727,27.3700008392334,27.3700008392334,1986100
2015-06-01,27.3799991607666,27.479999542236328,26.850000381469727,27.280000686645508,27.280000686645508,2364700
2015-06-02,26.969999313354492,27.889999389648438,26.969999313354492,27.549999237060547,27.549999237060547,2895600
2015-06-03,27.940000534057617,28.489999771118164,27.809999465942383,28.270000457763672,28.270000457763672,3781500
2015-06-04,28.079999923706055,28.280000686645508,27.850000381469727,28.0,28.0,1349400
2015-06-05,27.940000534057617,28.219999313354492,27.829999923706055,28.190000534057617,28.190000534057617,1053000
2015-06-08,27.979999542236328,28.09000015258789,27.700000762939453,27.950000762939453,27.950000762939453,1397500
2015-06-09,27.950000762939453,28.1299991607666,27.709999084472656,28.079999923706055,28.079999923706055,1990900
2015-06-10,28.110000610351562,28.360000610351562,27.959999084472656,28.200000762939453,28.200000762939453,2010400
2015-06-11,28.110000610351562,28.6299991607666,28.079999923706055,28.489999771118164,28.489999771118164,1625800
2015-06-12,28.219999313354492,28.5,28.18000030517578,28.280000686645508,28.280000686645508,1072800
2015-06-15,28.100000381469727,28.200000762939453,27.829999923706055,27.90999984741211,27.90999984741211,1120800
2015-06-16,27.829999923706055,27.940000534057617,27.610000610351562,27.700000762939453,27.700000762939453,1617200
2015-06-17,27.690000534057617,27.93000030517578,27.420000076293945,27.559999465942383,27.559999465942383,1724400
2015-06-18,27.559999465942383,28.15999984741211,27.549999237060547,28.139999389648438,28.139999389648438,1502400
2015-06-19,28.15999984741211,28.229999542236328,27.709999084472656,28.0,28.0,1455500
2015-06-22,28.1200008392334,28.170000076293945,27.739999771118164,27.940000534057617,27.940000534057617,1006700
2015-06-23,27.979999542236328,28.1200008392334,27.770000457763672,28.010000228881836,28.010000228881836,653200
2015-06-24,28.649999618530273,28.979999542236328,28.329999923706055,28.600000381469727,28.600000381469727,1595700
2015-06-25,28.610000610351562,28.770000457763672,28.25,28.389999389648438,28.389999389648438,973700
2015-06-26,28.5,28.65999984741211,28.299999237060547,28.6200008392334,28.6200008392334,2674600
2015-06-29,28.43000030517578,28.579999923706055,27.920000076293945,27.940000534057617,27.940000534057617,1442600
2015-06-30,28.09000015258789,28.209999084472656,27.510000228881836,27.56999969482422,27.56999969482422,1466500
2015-07-01,27.719999313354492,27.920000076293945,27.350000381469727,27.450000762939453,27.450000762939453,1699700
2015-07-02,27.3700008392334,27.6299991607666,27.270000457763672,27.399999618530273,27.399999618530273,1095900
2015-07-06,27.260000228881836,27.579999923706055,27.110000610351562,27.459999084472656,27.459999084472656,865200
2015-07-07,27.510000228881836,27.719999313354492,27.059999465942383,27.610000610351562,27.610000610351562,1186300
2015-07-08,27.40999984741211,27.59000015258789,27.010000228881836,27.25,27.25,892700
2015-07-09,27.549999237060547,27.899999618530273,27.510000228881836,27.739999771118164,27.739999771118164,1039600
2015-07-10,28.0,28.329999923706055,27.790000915527344,28.260000228881836,28.260000228881836,1266700
2015-07-13,28.5,28.850000381469727,28.440000534057617,28.850000381469727,28.850000381469727,1028700
2015-07-14,28.950000762939453,29.350000381469727,28.709999084472656,29.329999923706055,29.329999923706055,1849800
2015-07-15,29.260000228881836,29.510000228881836,29.18000030517578,29.360000610351562,29.360000610351562,1914000
2015-07-16,29.399999618530273,29.989999771118164,29.290000915527344,29.950000762939453,29.950000762939453,2452500
2015-07-17,30.020000457763672,31.31999969482422,29.93000030517578,31.139999389648438,31.139999389648438,4675600
2015-07-20,31.170000076293945,31.540000915527344,31.0,31.350000381469727,31.350000381469727,2047500
2015-07-21,31.040000915527344,31.56999969482422,31.020000457763672,31.260000228881836,31.260000228881836,2406500
2015-07-22,31.139999389648438,31.549999237060547,31.020000457763672,31.489999771118164,31.489999771118164,1758200
2015-07-23,31.5,31.719999313354492,31.139999389648438,31.15999984741211,31.15999984741211,1628000
2015-07-24,31.200000762939453,31.690000534057617,31.1200008392334,31.40999984741211,31.40999984741211,2410900
2015-07-27,31.200000762939453,31.389999389648438,30.530000686645508,30.729999542236328,30.729999542236328,1569900
2015-07-28,31.049999237060547,31.549999237060547,30.81999969482422,31.520000457763672,31.520000457763672,2073700
2015-07-29,31.309999465942383,31.639999389648438,31.209999084472656,31.43000030517578,31.43000030517578,2024000
2015-07-30,31.290000915527344,32.16999816894531,31.049999237060547,31.809999465942383,31.809999465942383,1222600
2015-07-31,31.899999618530273,32.0,31.510000228881836,31.579999923706055,31.579999923706055,898200
2015-08-03,31.450000762939453,31.579999923706055,31.06999969482422,31.389999389648438,31.389999389648438,1043400
2015-08-04,31.40999984741211,31.790000915527344,31.34000015258789,31.43000030517578,31.43000030517578,1019100
2015-08-05,31.639999389648438,32.709999084472656,31.639999389648438,31.850000381469727,31.850000381469727,2216800
2015-08-06,32.0,32.2599983215332,31.40999984741211,31.540000915527344,31.540000915527344,2015200
2015-08-07,31.389999389648438,31.489999771118164,31.09000015258789,31.459999084472656,31.459999084472656,1964300
2015-08-10,31.549999237060547,31.920000076293945,30.860000610351562,30.940000534057617,30.940000534057617,3733900
2015-08-11,29.200000762939453,31.389999389648438,29.100000381469727,30.59000015258789,30.59000015258789,4683600
2015-08-12,30.170000076293945,30.350000381469727,29.489999771118164,30.260000228881836,30.260000228881836,1743200
2015-08-13,30.40999984741211,30.510000228881836,29.989999771118164,30.139999389648438,30.139999389648438,1436700
2015-08-14,30.079999923706055,31.010000228881836,30.0,30.719999313354492,30.719999313354492,1404900
2015-08-17,30.59000015258789,31.690000534057617,30.229999542236328,31.59000015258789,31.59000015258789,1993500
2015-08-18,31.549999237060547,31.610000610351562,31.040000915527344,31.110000610351562,31.110000610351562,1605200
2015-08-19,31.059999465942383,31.110000610351562,30.31999969482422,30.350000381469727,30.350000381469727,1118400
2015-08-20,30.209999084472656,30.260000228881836,29.34000015258789,29.3799991607666,29.3799991607666,1460800
2015-08-21,28.950000762939453,29.56999969482422,28.479999542236328,28.8799991607666,28.8799991607666,2276600
2015-08-24,25.600000381469727,28.1299991607666,25.010000228881836,27.829999923706055,27.829999923706055,3421000
2015-08-25,28.65999984741211,28.709999084472656,27.6200008392334,27.6299991607666,27.6299991607666,1742200
2015-08-26,28.09000015258789,28.40999984741211,27.329999923706055,28.299999237060547,28.299999237060547,1870000
2015-08-27,28.6299991607666,28.950000762939453,28.09000015258789,28.920000076293945,28.920000076293945,1513500
2015-08-28,28.780000686645508,29.84000015258789,28.729999542236328,29.780000686645508,29.780000686645508,1786600
2015-08-31,29.5,29.639999389648438,28.8799991607666,29.1299991607666,29.1299991607666,2025300
2015-09-01,28.5,29.09000015258789,28.15999984741211,28.350000381469727,28.350000381469727,1709600
2015-09-02,28.649999618530273,29.010000228881836,28.06999969482422,28.709999084472656,28.709999084472656,1707000
2015-09-03,28.860000610351562,29.0,28.280000686645508,28.700000762939453,28.700000762939453,1145700
2015-09-04,28.350000381469727,28.729999542236328,28.190000534057617,28.450000762939453,28.450000762939453,1002200
2015-09-08,28.899999618530273,29.639999389648438,28.59000015258789,29.579999923706055,29.579999923706055,1307400
2015-09-09,29.75,29.940000534057617,29.049999237060547,29.1200008392334,29.1200008392334,802700
2015-09-10,29.06999969482422,29.3700008392334,28.8799991607666,29.149999618530273,29.149999618530273,705000
2015-09-11,28.479999542236328,29.18000030517578,28.25,29.18000030517578,29.18000030517578,644200
2015-09-14,29.329999923706055,29.34000015258789,28.690000534057617,29.040000915527344,29.040000915527344,799500
2015-09-15,29.15999984741211,29.6200008392334,29.040000915527344,29.489999771118164,29.489999771118164,608100
2015-09-16,29.489999771118164,29.670000076293945,29.139999389648438,29.479999542236328,29.479999542236328,819400
2015-09-17,29.389999389648438,29.790000915527344,29.25,29.540000915527344,29.540000915527344,1306300
2015-09-18,29.18000030517578,29.989999771118164,29.1200008392334,29.530000686645508,29.530000686645508,2072600
2015-09-21,29.709999084472656,30.1200008392334,29.649999618530273,29.93000030517578,29.93000030517578,966900
2015-09-22,29.559999465942383,30.15999984741211,29.270000457763672,29.68000030517578,29.68000030517578,849700
2015-09-23,29.780000686645508,30.040000915527344,29.530000686645508,29.860000610351562,29.860000610351562,499500
2015-09-24,29.520000457763672,30.149999618530273,29.450000762939453,29.809999465942383,29.809999465942383,826500
2015-09-25,30.049999237060547,30.56999969482422,29.739999771118164,30.059999465942383,30.059999465942383,1026800
2015-09-28,29.90999984741211,30.09000015258789,28.1299991607666,28.469999313354492,28.469999313354492,1387500
2015-09-29,28.389999389648438,28.5,27.690000534057617,27.969999313354492,27.969999313354492,1102400
2015-09-30,28.100000381469727,28.770000457763672,27.850000381469727,28.729999542236328,28.729999542236328,1451000
2015-10-01,28.540000915527344,28.889999389648438,27.889999389648438,28.540000915527344,28.540000915527344,1328200
2015-10-02,28.280000686645508,29.389999389648438,27.940000534057617,29.389999389648438,29.389999389648438,1186100
2015-10-05,29.65999984741211,30.56999969482422,29.389999389648438,30.5,30.5,1220600
2015-10-06,30.420000076293945,30.520000457763672,29.540000915527344,29.65999984741211,29.65999984741211,753000
2015-10-07,29.8799991607666,29.899999618530273,29.079999923706055,29.780000686645508,29.780000686645508,1417600
2015-10-08,29.81999969482422,29.93000030517578,29.1299991607666,29.739999771118164,29.739999771118164,867900
2015-10-09,29.829999923706055,30.200000762939453,29.59000015258789,29.93000030517578,29.93000030517578,527200
2015-10-12,29.920000076293945,30.809999465942383,29.709999084472656,30.6299991607666,30.6299991607666,1029900
2015-10-13,30.3700008392334,30.93000030517578,30.280000686645508,30.719999313354492,30.719999313354492,592600
2015-10-14,30.790000915527344,31.219999313354492,30.670000076293945,30.780000686645508,30.780000686645508,1020100
2015-10-15,30.8799991607666,31.90999984741211,30.770000457763672,31.889999389648438,31.889999389648438,1317000
2015-10-16,31.90999984741211,31.979999542236328,31.219999313354492,31.59000015258789,31.59000015258789,1248100
2015-10-19,31.389999389648438,31.739999771118164,31.010000228881836,31.3799991607666,31.3799991607666,500400
2015-10-20,31.190000534057617,31.969999313354492,31.100000381469727,31.75,31.75,941800
2015-10-21,31.920000076293945,32.099998474121094,31.610000610351562,31.760000228881836,31.760000228881836,648700
2015-10-22,32.22999954223633,32.90999984741211,31.899999618530273,32.7599983215332,32.7599983215332,1306000
2015-10-23,33.060001373291016,33.56999969482422,32.79999923706055,33.459999084472656,33.459999084472656,893100
2015-10-26,33.38999938964844,33.630001068115234,33.18000030517578,33.33000183105469,33.33000183105469,718000
2015-10-27,33.290000915527344,33.65999984741211,33.029998779296875,33.13999938964844,33.13999938964844,1163000
2015-10-28,33.33000183105469,33.900001525878906,32.97999954223633,33.4900016784668,33.4900016784668,1602000
2015-10-29,33.31999969482422,33.869998931884766,33.099998474121094,33.15999984741211,33.15999984741211,1347300
2015-10-30,33.08000183105469,34.38999938964844,32.81999969482422,33.20000076293945,33.20000076293945,1666500
2015-11-02,33.189998626708984,34.06999969482422,32.9900016784668,33.650001525878906,33.650001525878906,1581800
2015-11-03,33.689998626708984,34.20000076293945,33.099998474121094,33.91999816894531,33.91999816894531,2698000
2015-11-04,34.11000061035156,34.20000076293945,33.650001525878906,34.029998779296875,34.029998779296875,1405700
2015-11-05,34.029998779296875,34.290000915527344,32.970001220703125,33.04999923706055,33.04999923706055,2810500
2015-11-06,35.0,37.0,34.150001525878906,34.20000076293945,34.20000076293945,4320700
2015-11-09,33.900001525878906,35.11000061035156,32.65999984741211,32.970001220703125,32.970001220703125,2601500
2015-11-10,32.9900016784668,33.189998626708984,32.560001373291016,32.91999816894531,32.91999816894531,1517000
2015-11-11,32.9900016784668,33.290000915527344,32.599998474121094,32.91999816894531,32.91999816894531,1287000
2015-11-12,32.68000030517578,33.45000076293945,32.45000076293945,33.029998779296875,33.029998779296875,1314600
2015-11-13,32.709999084472656,33.470001220703125,32.5099983215332,33.119998931884766,33.119998931884766,1670700
2015-11-16,33.130001068115234,33.4900016784668,32.2599983215332,33.439998626708984,33.439998626708984,1798500
2015-11-17,33.56999969482422,34.630001068115234,33.29999923706055,34.349998474121094,34.349998474121094,1942600
2015-11-18,34.369998931884766,34.70000076293945,33.5099983215332,34.63999938964844,34.63999938964844,1375600
2015-11-19,34.88999938964844,35.0,34.47999954223633,34.630001068115234,34.630001068115234,1128000
2015-11-20,34.70000076293945,35.75,34.15999984741211,35.599998474121094,35.599998474121094,1998100
2015-11-23,35.400001525878906,35.79999923706055,34.75,34.90999984741211,34.90999984741211,1381900
2015-11-24,34.66999816894531,34.79999923706055,34.38999938964844,34.709999084472656,34.709999084472656,725000
2015-11-25,34.86000061035156,35.689998626708984,34.79999923706055,35.619998931884766,35.619998931884766,1156300
2015-11-27,35.56999969482422,35.77000045776367,35.349998474121094,35.689998626708984,35.689998626708984,516300
2015-11-30,35.790000915527344,35.90999984741211,35.209999084472656,35.369998931884766,35.369998931884766,1220900
2015-12-01,35.40999984741211,36.040000915527344,35.40999984741211,35.9900016784668,35.9900016784668,1047400
2015-12-02,35.97999954223633,36.150001525878906,35.72999954223633,35.880001068115234,35.880001068115234,1255400
2015-12-03,36.060001373291016,36.369998931884766,35.599998474121094,35.779998779296875,35.779998779296875,1361000
2015-12-04,35.849998474121094,36.720001220703125,35.81999969482422,36.4900016784668,36.4900016784668,1778900
2015-12-07,36.529998779296875,36.58000183105469,35.970001220703125,36.11000061035156,36.11000061035156,807800
2015-12-08,35.66999816894531,36.349998474121094,35.599998474121094,36.25,36.25,579600
2015-12-09,36.15999984741211,36.33000183105469,35.36000061035156,35.59000015258789,35.59000015258789,1027500
2015-12-10,35.529998779296875,35.79999923706055,35.099998474121094,35.41999816894531,35.41999816894531,814400
2015-12-11,34.7599983215332,35.459999084472656,34.65999984741211,35.0099983215332,35.0099983215332,1939500
2015-12-14,35.0099983215332,35.34000015258789,34.810001373291016,35.189998626708984,35.189998626708984,1322900
2015-12-15,35.380001068115234,36.119998931884766,35.31999969482422,36.0,36.0,838200
2015-12-16,36.29999923706055,36.54999923706055,35.47999954223633,36.22999954223633,36.22999954223633,708800
2015-12-17,36.47999954223633,36.939998626708984,35.849998474121094,35.849998474121094,35.849998474121094,1007100
2015-12-18,35.70000076293945,35.790000915527344,34.7400016784668,34.7599983215332,34.7599983215332,1921100
2015-12-21,35.33000183105469,35.630001068115234,34.34000015258789,35.0,35.0,993700
2015-12-22,35.08000183105469,35.470001220703125,34.650001525878906,35.27000045776367,35.27000045776367,759100
2015-12-23,35.470001220703125,35.61000061035156,35.040000915527344,35.54999923706055,35.54999923706055,630200
2015-12-24,35.58000183105469,35.970001220703125,35.220001220703125,35.7400016784668,35.7400016784668,313400
2015-12-28,35.689998626708984,35.7599983215332,35.130001068115234,35.7599983215332,35.7599983215332,611500
2015-12-29,36.0,36.369998931884766,35.380001068115234,35.83000183105469,35.83000183105469,1071100
2015-12-30,35.83000183105469,36.04999923706055,35.43000030517578,35.5099983215332,35.5099983215332,538000
2015-12-31,35.2400016784668,35.5,34.779998779296875,34.84000015258789,34.84000015258789,1024100
2016-01-04,34.04999923706055,34.75,33.619998931884766,34.16999816894531,34.16999816894531,1251700
2016-01-05,34.36000061035156,35.08000183105469,34.15999984741211,34.75,34.75,1558800
2016-01-06,34.220001220703125,34.70000076293945,33.54999923706055,34.0099983215332,34.0099983215332,718600
2016-01-07,33.33000183105469,33.619998931884766,32.40999984741211,32.41999816894531,32.41999816894531,1373000
2016-01-08,32.560001373291016,33.150001525878906,32.290000915527344,32.34000015258789,32.34000015258789,1442400
2016-01-11,32.59000015258789,32.93000030517578,32.349998474121094,32.77000045776367,32.77000045776367,1205600
2016-01-12,32.86000061035156,33.72999954223633,32.86000061035156,33.619998931884766,33.619998931884766,1139900
2016-01-13,33.83000183105469,33.86000061035156,32.439998626708984,32.5,32.5,1404400
2016-01-14,32.61000061035156,32.84000015258789,31.739999771118164,32.689998626708984,32.689998626708984,1088700
2016-01-15,31.610000610351562,32.810001373291016,31.56999969482422,32.58000183105469,32.58000183105469,1137400
2016-01-19,32.720001220703125,33.13999938964844,31.809999465942383,32.5,32.5,1117800
2016-01-20,31.950000762939453,33.029998779296875,31.360000610351562,32.619998931884766,32.619998931884766,1358500
2016-01-21,32.88999938964844,33.2599983215332,32.380001068115234,32.970001220703125,32.970001220703125,1355200
2016-01-22,33.4900016784668,33.75,33.119998931884766,33.630001068115234,33.630001068115234,976100
2016-01-25,33.540000915527344,34.040000915527344,33.310001373291016,33.61000061035156,33.61000061035156,1511300
2016-01-26,33.83000183105469,34.36000061035156,33.599998474121094,34.27000045776367,34.27000045776367,2707900
2016-01-27,34.08000183105469,34.560001373291016,33.619998931884766,33.7400016784668,33.7400016784668,1389800
2016-01-28,33.9900016784668,34.380001068115234,33.279998779296875,33.61000061035156,33.61000061035156,1198400
2016-01-29,33.5,34.70000076293945,33.290000915527344,34.70000076293945,34.70000076293945,1849000
2016-02-01,34.58000183105469,34.9900016784668,34.290000915527344,34.619998931884766,34.619998931884766,1283500
2016-02-02,34.34000015258789,34.47999954223633,33.060001373291016,33.439998626708984,33.439998626708984,1270300
2016-02-03,33.56999969482422,33.59000015258789,31.8700008392334,32.83000183105469,32.83000183105469,2765500
2016-02-04,36.0,36.279998779296875,33.290000915527344,35.08000183105469,35.08000183105469,6183000
2016-02-05,35.060001373291016,35.08000183105469,32.9900016784668,33.380001068115234,33.380001068115234,3601800
2016-02-08,32.88999938964844,33.72999954223633,31.65999984741211,33.630001068115234,33.630001068115234,3093400
2016-02-09,33.27000045776367,35.189998626708984,33.15999984741211,34.52000045776367,34.52000045776367,3238800
2016-02-10,34.790000915527344,35.36000061035156,34.290000915527344,34.459999084472656,34.459999084472656,1157500
2016-02-11,33.84000015258789,35.369998931884766,33.38999938964844,35.06999969482422,35.06999969482422,1189200
2016-02-12,35.119998931884766,35.279998779296875,33.810001373291016,34.130001068115234,34.130001068115234,1764200
2016-02-16,34.47999954223633,34.68000030517578,33.91999816894531,34.630001068115234,34.630001068115234,1869300
2016-02-17,34.7599983215332,34.970001220703125,33.849998474121094,34.349998474121094,34.349998474121094,2040700
2016-02-18,34.349998474121094,34.68000030517578,33.970001220703125,34.0,34.0,1160700
2016-02-19,33.91999816894531,34.720001220703125,33.650001525878906,34.66999816894531,34.66999816894531,1651300
2016-02-22,34.90999984741211,35.66999816894531,34.709999084472656,35.29999923706055,35.29999923706055,1196400
2016-02-23,35.220001220703125,35.45000076293945,34.689998626708984,34.88999938964844,34.88999938964844,1347200
2016-02-24,34.560001373291016,35.58000183105469,34.43000030517578,35.349998474121094,35.349998474121094,1176200
2016-02-25,35.4900016784668,35.72999954223633,35.25,35.70000076293945,35.70000076293945,904000
2016-02-26,35.83000183105469,35.97999954223633,35.58000183105469,35.810001373291016,35.810001373291016,728100
2016-02-29,35.81999969482422,36.689998626708984,35.709999084472656,35.9900016784668,35.9900016784668,1326800
2016-03-01,36.18000030517578,37.709999084472656,36.04999923706055,37.5,37.5,2708700
2016-03-02,37.54999923706055,37.54999923706055,36.900001525878906,37.31999969482422,37.31999969482422,1475900
2016-03-03,37.2400016784668,37.29999923706055,36.11000061035156,36.56999969482422,36.56999969482422,1128000
2016-03-04,36.560001373291016,37.0,35.83000183105469,36.0,36.0,1412200
2016-03-07,35.72999954223633,35.72999954223633,34.439998626708984,34.650001525878906,34.650001525878906,1784300
2016-03-08,34.529998779296875,34.900001525878906,34.38999938964844,34.5099983215332,34.5099983215332,1672500
2016-03-09,34.7400016784668,35.31999969482422,34.619998931884766,34.849998474121094,34.849998474121094,894300
2016-03-10,35.060001373291016,35.650001525878906,34.79999923706055,35.52000045776367,35.52000045776367,1647800
2016-03-11,35.790000915527344,36.189998626708984,35.63999938964844,35.83000183105469,35.83000183105469,761400
2016-03-14,35.41999816894531,35.79999923706055,35.2599983215332,35.33000183105469,35.33000183105469,1037000
2016-03-15,35.31999969482422,35.56999969482422,35.0099983215332,35.27000045776367,35.27000045776367,1232000
2016-03-16,35.09000015258789,35.779998779296875,34.97999954223633,35.599998474121094,35.599998474121094,827600
2016-03-17,35.59000015258789,35.68000030517578,34.849998474121094,35.099998474121094,35.099998474121094,651400
2016-03-18,35.290000915527344,35.290000915527344,34.63999938964844,34.869998931884766,34.869998931884766,1097600
2016-03-21,34.77000045776367,34.9900016784668,34.599998474121094,34.84000015258789,34.84000015258789,996300
2016-03-22,34.65999984741211,35.75,34.630001068115234,35.439998626708984,35.439998626708984,1158800
2016-03-23,35.349998474121094,35.630001068115234,35.029998779296875,35.220001220703125,35.220001220703125,714000
2016-03-24,35.099998474121094,35.560001373291016,34.84000015258789,35.189998626708984,35.189998626708984,629300
2016-03-28,35.209999084472656,35.52000045776367,35.02000045776367,35.400001525878906,35.400001525878906,729400
2016-03-29,35.27000045776367,37.040000915527344,35.27000045776367,37.0,37.0,1454900
2016-03-30,37.20000076293945,37.63999938964844,37.099998474121094,37.2400016784668,37.2400016784668,1218300
2016-03-31,37.22999954223633,37.95000076293945,37.06999969482422,37.66999816894531,37.66999816894531,1498100
2016-04-01,37.33000183105469,38.06999969482422,37.33000183105469,37.9900016784668,37.9900016784668,1179500
2016-04-04,38.04999923706055,38.52000045776367,37.5099983215332,37.65999984741211,37.65999984741211,878600
2016-04-05,37.43000030517578,37.7599983215332,36.810001373291016,36.93000030517578,36.93000030517578,1131100
2016-04-06,37.09000015258789,37.40999984741211,36.810001373291016,37.09000015258789,37.09000015258789,733000
2016-04-07,36.939998626708984,37.130001068115234,36.439998626708984,36.59000015258789,36.59000015258789,788600
2016-04-08,36.84000015258789,37.0,36.220001220703125,36.45000076293945,36.45000076293945,692700
2016-04-11,36.5099983215332,36.689998626708984,35.66999816894531,35.66999816894531,35.66999816894531,707200
2016-04-12,35.720001220703125,35.79999923706055,35.310001373291016,35.47999954223633,35.47999954223633,1070500
2016-04-13,35.45000076293945,36.15999984741211,35.45000076293945,36.06999969482422,36.06999969482422,1012700
2016-04-14,36.119998931884766,36.65999984741211,35.5099983215332,35.540000915527344,35.540000915527344,1039100
2016-04-15,35.43000030517578,35.91999816894531,35.400001525878906,35.7599983215332,35.7599983215332,1521900
2016-04-18,35.709999084472656,36.790000915527344,35.709999084472656,36.7599983215332,36.7599983215332,1236400
2016-04-19,36.79999923706055,37.06999969482422,36.31999969482422,37.040000915527344,37.040000915527344,1080500
2016-04-20,37.0,37.2599983215332,36.7400016784668,36.7599983215332,36.7599983215332,856400
2016-04-21,36.869998931884766,36.93000030517578,36.290000915527344,36.599998474121094,36.599998474121094,575800
2016-04-22,36.33000183105469,36.81999969482422,36.25,36.560001373291016,36.560001373291016,2569900
2016-04-25,36.47999954223633,36.689998626708984,35.959999084472656,36.040000915527344,36.040000915527344,676500
2016-04-26,36.15999984741211,36.349998474121094,35.220001220703125,35.279998779296875,35.279998779296875,1088400
2016-04-27,35.349998474121094,35.400001525878906,34.52000045776367,35.0,35.0,1966100
2016-04-28,34.90999984741211,35.5099983215332,34.25,34.34000015258789,34.34000015258789,1477200
2016-04-29,34.25,34.45000076293945,33.66999816894531,34.18000030517578,34.18000030517578,1385300
2016-05-02,34.2400016784668,35.45000076293945,34.22999954223633,35.43000030517578,35.43000030517578,1640700
2016-05-03,34.939998626708984,35.11000061035156,34.22999954223633,34.29999923706055,34.29999923706055,1809900
2016-05-04,34.18000030517578,34.33000183105469,33.83000183105469,33.91999816894531,33.91999816894531,1587500
2016-05-05,34.04999923706055,34.400001525878906,33.849998474121094,34.02000045776367,34.02000045776367,746000
2016-05-06,34.09000015258789,35.0099983215332,33.79999923706055,34.91999816894531,34.91999816894531,1724000
2016-05-09,34.790000915527344,35.380001068115234,34.52000045776367,34.689998626708984,34.689998626708984,796400
2016-05-10,34.75,35.02000045776367,34.34000015258789,34.77000045776367,34.77000045776367,1045100
2016-05-11,35.33000183105469,36.4900016784668,35.33000183105469,35.70000076293945,35.70000076293945,2165000
2016-05-12,35.880001068115234,36.41999816894531,35.7400016784668,36.290000915527344,36.290000915527344,1300600
2016-05-13,36.310001373291016,37.0,36.27000045776367,36.959999084472656,36.959999084472656,1826000
2016-05-16,36.970001220703125,37.29999923706055,36.119998931884766,36.88999938964844,36.88999938964844,2115600
2016-05-17,36.95000076293945,37.029998779296875,35.83000183105469,36.0,36.0,2436500
2016-05-18,35.970001220703125,36.099998474121094,35.16999816894531,35.68000030517578,35.68000030517578,3061300
2016-05-19,33.31999969482422,37.36000061035156,33.060001373291016,37.290000915527344,37.290000915527344,5189800
2016-05-20,37.34000015258789,37.34000015258789,35.939998626708984,36.369998931884766,36.369998931884766,3572600
2016-05-23,36.470001220703125,37.0,36.08000183105469,36.43000030517578,36.43000030517578,1626700
2016-05-24,36.459999084472656,38.349998474121094,36.369998931884766,38.33000183105469,38.33000183105469,2256900
2016-05-25,38.220001220703125,38.310001373291016,37.619998931884766,38.189998626708984,38.189998626708984,2029800
2016-05-26,38.34000015258789,38.720001220703125,37.869998931884766,38.650001525878906,38.650001525878906,1303600
2016-05-27,38.650001525878906,39.060001373291016,38.58000183105469,38.79999923706055,38.79999923706055,1028700
2016-05-31,38.75,39.29999923706055,38.5099983215332,38.90999984741211,38.90999984741211,1888400
2016-06-01,38.61000061035156,38.93000030517578,38.34000015258789,38.5,38.5,1411200
2016-06-02,38.209999084472656,38.93000030517578,38.0,38.900001525878906,38.900001525878906,1387700
2016-06-03,38.63999938964844,39.04999923706055,38.38999938964844,38.790000915527344,38.790000915527344,1102900
2016-06-06,38.75,39.29999923706055,38.439998626708984,39.09000015258789,39.09000015258789,1243500
2016-06-07,39.20000076293945,40.16999816894531,39.189998626708984,39.869998931884766,39.869998931884766,2496200
2016-06-08,39.27000045776367,39.70000076293945,38.66999816894531,39.65999984741211,39.65999984741211,2851600
2016-06-09,39.369998931884766,40.0,39.09000015258789,39.58000183105469,39.58000183105469,1961500
2016-06-10,39.0,39.56999969482422,38.810001373291016,39.040000915527344,39.040000915527344,1443700
2016-06-13,38.66999816894531,39.380001068115234,38.220001220703125,38.22999954223633,38.22999954223633,1366400
2016-06-14,38.220001220703125,38.540000915527344,37.7599983215332,38.36000061035156,38.36000061035156,2203500
2016-06-15,38.400001525878906,38.66999816894531,37.400001525878906,37.5099983215332,37.5099983215332,2213300
2016-06-16,37.369998931884766,38.11000061035156,37.099998474121094,37.77000045776367,37.77000045776367,1664400
2016-06-17,37.689998626708984,37.720001220703125,36.81999969482422,37.09000015258789,37.09000015258789,1678000
2016-06-20,37.43000030517578,38.029998779296875,37.27000045776367,37.779998779296875,37.779998779296875,1709000
2016-06-21,37.849998474121094,38.11000061035156,37.189998626708984,37.310001373291016,37.310001373291016,819800
2016-06-22,37.15999984741211,37.5099983215332,37.04999923706055,37.18000030517578,37.18000030517578,609300
2016-06-23,37.400001525878906,37.97999954223633,37.25,37.970001220703125,37.970001220703125,1019400
2016-06-24,36.279998779296875,37.29999923706055,35.9900016784668,35.9900016784668,35.9900016784668,3615100
2016-06-27,35.630001068115234,35.630001068115234,35.0,35.5,35.5,2112800
2016-06-28,35.959999084472656,36.2400016784668,35.70000076293945,36.150001525878906,36.150001525878906,1223900
2016-06-29,36.529998779296875,36.84000015258789,36.380001068115234,36.619998931884766,36.619998931884766,985400
2016-06-30,36.689998626708984,37.93000030517578,36.650001525878906,37.91999816894531,37.91999816894531,1532300
2016-07-01,37.63999938964844,38.43000030517578,37.63999938964844,37.91999816894531,37.91999816894531,1100400
2016-07-05,37.84000015258789,38.09000015258789,37.72999954223633,38.029998779296875,38.029998779296875,626800
2016-07-06,37.9900016784668,38.86000061035156,37.84000015258789,38.599998474121094,38.599998474121094,1116200
2016-07-07,38.7400016784668,39.29999923706055,38.66999816894531,39.22999954223633,39.22999954223633,1078900
2016-07-08,39.54999923706055,40.130001068115234,39.2400016784668,39.84000015258789,39.84000015258789,1116700
2016-07-11,39.9900016784668,40.86000061035156,39.9900016784668,40.689998626708984,40.689998626708984,1260600
2016-07-12,41.09000015258789,41.709999084472656,40.79999923706055,41.34000015258789,41.34000015258789,1486800
2016-07-13,41.4900016784668,41.4900016784668,39.83000183105469,39.90999984741211,39.90999984741211,2700300
2016-07-14,40.20000076293945,40.9900016784668,38.7400016784668,39.959999084472656,39.959999084472656,2105900
2016-07-15,40.0099983215332,40.52000045776367,39.810001373291016,40.45000076293945,40.45000076293945,1195800
2016-07-18,40.540000915527344,41.08000183105469,40.369998931884766,40.65999984741211,40.65999984741211,980800
2016-07-19,40.70000076293945,40.70000076293945,39.90999984741211,39.93000030517578,39.93000030517578,1198900
2016-07-20,40.20000076293945,40.7599983215332,39.95000076293945,40.52000045776367,40.52000045776367,865600
2016-07-21,40.61000061035156,40.70000076293945,39.90999984741211,40.099998474121094,40.099998474121094,637100
2016-07-22,40.119998931884766,41.0099983215332,40.0,40.56999969482422,40.56999969482422,847600
2016-07-25,40.380001068115234,40.79999923706055,40.34000015258789,40.68000030517578,40.68000030517578,705700
2016-07-26,40.790000915527344,40.90999984741211,40.0,40.18000030517578,40.18000030517578,618800
2016-07-27,40.41999816894531,40.63999938964844,39.97999954223633,40.45000076293945,40.45000076293945,705300
2016-07-28,40.369998931884766,40.63999938964844,40.15999984741211,40.31999969482422,40.31999969482422,628600
2016-07-29,40.400001525878906,40.45000076293945,40.04999923706055,40.18000030517578,40.18000030517578,791700
2016-08-01,40.060001373291016,40.52000045776367,40.060001373291016,40.290000915527344,40.290000915527344,659300
2016-08-02,40.400001525878906,40.47999954223633,40.0099983215332,40.16999816894531,40.16999816894531,962400
2016-08-03,40.0,40.849998474121094,40.0,40.790000915527344,40.790000915527344,955900
2016-08-04,40.90999984741211,41.209999084472656,40.45000076293945,40.56999969482422,40.56999969482422,2013200
2016-08-05,42.5,42.97999954223633,40.959999084472656,41.369998931884766,41.369998931884766,3343100
2016-08-08,41.41999816894531,41.56999969482422,40.93000030517578,40.97999954223633,40.97999954223633,2622200
2016-08-09,41.20000076293945,41.619998931884766,40.650001525878906,41.38999938964844,41.38999938964844,1919500
2016-08-10,41.34000015258789,41.40999984741211,41.0,41.34000015258789,41.34000015258789,2405800
2016-08-11,41.630001068115234,41.83000183105469,41.20000076293945,41.439998626708984,41.439998626708984,1052000
2016-08-12,41.40999984741211,41.40999984741211,40.900001525878906,41.34000015258789,41.34000015258789,919300
2016-08-15,41.5,42.4900016784668,41.34000015258789,42.34000015258789,42.34000015258789,1346800
2016-08-16,42.27000045776367,42.27000045776367,41.18000030517578,41.220001220703125,41.220001220703125,1306700
2016-08-17,41.130001068115234,42.2400016784668,40.849998474121094,41.060001373291016,41.060001373291016,1930700
2016-08-18,40.939998626708984,41.380001068115234,40.900001525878906,41.09000015258789,41.09000015258789,1169300
2016-08-19,41.119998931884766,41.630001068115234,40.720001220703125,40.97999954223633,40.97999954223633,991200
2016-08-22,40.7599983215332,41.29999923706055,40.630001068115234,41.290000915527344,41.290000915527344,922600
2016-08-23,41.529998779296875,42.279998779296875,41.38999938964844,42.25,42.25,985400
2016-08-24,42.20000076293945,42.66999816894531,42.060001373291016,42.220001220703125,42.220001220703125,994500
2016-08-25,42.029998779296875,42.31999969482422,41.79999923706055,42.310001373291016,42.310001373291016,2314500
2016-08-26,42.16999816894531,42.689998626708984,41.869998931884766,42.2400016784668,42.2400016784668,1621000
2016-08-29,42.439998626708984,44.5,42.31999969482422,44.16999816894531,44.16999816894531,3626400
2016-08-30,44.25,44.470001220703125,43.54999923706055,43.810001373291016,43.810001373291016,1041200
2016-08-31,43.630001068115234,43.77000045776367,43.290000915527344,43.470001220703125,43.470001220703125,967700
2016-09-01,43.5,43.84000015258789,43.0099983215332,43.7599983215332,43.7599983215332,1068700
2016-09-02,44.0,45.040000915527344,43.84000015258789,44.70000076293945,44.70000076293945,1617500
2016-09-06,44.90999984741211,45.040000915527344,44.41999816894531,44.650001525878906,44.650001525878906,908600
2016-09-07,44.779998779296875,44.779998779296875,43.119998931884766,43.560001373291016,43.560001373291016,1954400
2016-09-08,43.43000030517578,43.7599983215332,42.88999938964844,43.279998779296875,43.279998779296875,2311100
2016-09-09,43.060001373291016,43.58000183105469,42.689998626708984,42.7400016784668,42.7400016784668,1361900
2016-09-12,42.540000915527344,43.56999969482422,42.349998474121094,43.540000915527344,43.540000915527344,1196000
2016-09-13,43.529998779296875,43.97999954223633,43.22999954223633,43.779998779296875,43.779998779296875,1233900
2016-09-14,43.7599983215332,44.36000061035156,43.7599983215332,44.11000061035156,44.11000061035156,1031100
2016-09-15,45.79999923706055,45.79999923706055,43.970001220703125,45.22999954223633,45.22999954223633,1416200
2016-09-16,45.2599983215332,45.2599983215332,44.38999938964844,44.72999954223633,44.72999954223633,2191600
2016-09-19,44.93000030517578,45.15999984741211,44.16999816894531,44.709999084472656,44.709999084472656,894300
2016-09-20,44.9900016784668,45.459999084472656,44.81999969482422,45.2400016784668,45.2400016784668,896900
2016-09-21,45.65999984741211,46.45000076293945,45.15999984741211,46.34000015258789,46.34000015258789,1748500
2016-09-22,46.52000045776367,46.779998779296875,45.689998626708984,45.869998931884766,45.869998931884766,1677000
2016-09-23,45.90999984741211,46.439998626708984,45.38999938964844,46.31999969482422,46.31999969482422,1643300
2016-09-26,46.029998779296875,46.439998626708984,45.880001068115234,45.900001525878906,45.900001525878906,1473000
2016-09-27,45.93000030517578,46.2599983215332,45.56999969482422,46.11000061035156,46.11000061035156,1161600
2016-09-28,45.72999954223633,46.130001068115234,45.119998931884766,45.36000061035156,45.36000061035156,1999900
2016-09-29,45.36000061035156,45.439998626708984,44.90999984741211,45.16999816894531,45.16999816894531,1112800
2016-09-30,45.13999938964844,45.52000045776367,44.83000183105469,45.08000183105469,45.08000183105469,1443200
2016-10-03,44.790000915527344,45.349998474121094,44.560001373291016,45.15999984741211,45.15999984741211,1186600
2016-10-04,45.290000915527344,45.650001525878906,45.16999816894531,45.5,45.5,1139100
2016-10-05,45.650001525878906,45.7400016784668,45.099998474121094,45.61000061035156,45.61000061035156,652500
2016-10-06,45.790000915527344,46.0,45.06999969482422,45.4900016784668,45.4900016784668,974300
2016-10-07,46.4900016784668,46.4900016784668,44.5,44.689998626708984,44.689998626708984,1499800
2016-10-10,44.810001373291016,45.209999084472656,43.31999969482422,43.77000045776367,43.77000045776367,3349800
2016-10-11,43.77000045776367,43.97999954223633,41.91999816894531,42.220001220703125,42.220001220703125,3408500
2016-10-12,42.18000030517578,42.52000045776367,41.810001373291016,42.5,42.5,1176800
2016-10-13,42.189998626708984,42.52000045776367,41.70000076293945,42.349998474121094,42.349998474121094,954400
2016-10-14,42.869998931884766,43.970001220703125,42.650001525878906,42.689998626708984,42.689998626708984,4097100
2016-10-17,44.5,45.849998474121094,44.5,44.849998474121094,44.849998474121094,7107600
2016-10-18,45.470001220703125,45.709999084472656,44.310001373291016,45.09000015258789,45.09000015258789,3339100
2016-10-19,45.060001373291016,45.47999954223633,44.06999969482422,44.220001220703125,44.220001220703125,1295700
2016-10-20,44.15999984741211,45.060001373291016,43.93000030517578,44.97999954223633,44.97999954223633,1556600
2016-10-21,44.83000183105469,45.08000183105469,44.380001068115234,44.9900016784668,44.9900016784668,1356400
2016-10-24,45.470001220703125,45.939998626708984,45.25,45.90999984741211,45.90999984741211,1393700
2016-10-25,45.810001373291016,46.220001220703125,45.45000076293945,45.880001068115234,45.880001068115234,1351800
2016-10-26,45.79999923706055,45.95000076293945,45.13999938964844,45.310001373291016,45.310001373291016,1539900
2016-10-27,45.470001220703125,45.880001068115234,44.9900016784668,45.099998474121094,45.099998474121094,787800
2016-10-28,45.06999969482422,45.119998931884766,44.279998779296875,44.709999084472656,44.709999084472656,1750200
2016-10-31,44.9900016784668,45.099998474121094,43.97999954223633,44.38999938964844,44.38999938964844,2282900
2016-11-01,44.290000915527344,44.599998474121094,43.86000061035156,43.93000030517578,43.93000030517578,1558400
2016-11-02,43.66999816894531,45.150001525878906,43.33000183105469,44.79999923706055,44.79999923706055,3733400
2016-11-03,49.220001220703125,49.9900016784668,47.16999816894531,48.290000915527344,48.290000915527344,6071200
2016-11-04,48.290000915527344,48.869998931884766,47.63999938964844,48.29999923706055,48.29999923706055,2265100
2016-11-07,49.040000915527344,50.189998626708984,48.59000015258789,49.56999969482422,49.56999969482422,3237000
2016-11-08,49.31999969482422,49.720001220703125,49.040000915527344,49.220001220703125,49.220001220703125,1482900
2016-11-09,48.709999084472656,49.349998474121094,48.09000015258789,49.0,49.0,1542400
2016-11-10,49.459999084472656,49.459999084472656,45.869998931884766,46.939998626708984,46.939998626708984,2750300
2016-11-11,48.040000915527344,48.45000076293945,46.470001220703125,47.95000076293945,47.95000076293945,1704500
2016-11-14,48.41999816894531,48.41999816894531,46.41999816894531,46.4900016784668,46.4900016784668,1601700
2016-11-15,47.0,47.5,46.40999984741211,46.5099983215332,46.5099983215332,1648100
2016-11-16,46.279998779296875,46.75,46.04999923706055,46.470001220703125,46.470001220703125,1767100
2016-11-17,46.70000076293945,48.7400016784668,46.70000076293945,48.630001068115234,48.630001068115234,7124700
2016-11-18,48.65999984741211,49.209999084472656,47.33000183105469,47.63999938964844,47.63999938964844,1690000
2016-11-21,47.56999969482422,48.380001068115234,47.56999969482422,48.029998779296875,48.029998779296875,954100
2016-11-22,48.04999923706055,48.13999938964844,46.959999084472656,47.279998779296875,47.279998779296875,1229400
2016-11-23,47.41999816894531,48.599998474121094,47.15999984741211,48.47999954223633,48.47999954223633,1219600
2016-11-25,48.56999969482422,49.189998626708984,48.56999969482422,48.810001373291016,48.810001373291016,386400
2016-11-28,49.209999084472656,49.209999084472656,48.310001373291016,48.47999954223633,48.47999954223633,877800
2016-11-29,48.59000015258789,50.540000915527344,48.439998626708984,50.09000015258789,50.09000015258789,2841600
2016-11-30,50.04999923706055,50.33000183105469,48.9900016784668,49.22999954223633,49.22999954223633,2348000
2016-12-01,49.0,49.16999816894531,46.959999084472656,47.22999954223633,47.22999954223633,1658600
2016-12-02,47.0099983215332,48.040000915527344,46.27000045776367,47.459999084472656,47.459999084472656,1126000
2016-12-05,47.47999954223633,48.56999969482422,47.47999954223633,48.40999984741211,48.40999984741211,994500
2016-12-06,48.41999816894531,48.7400016784668,47.560001373291016,48.0,48.0,1368200
2016-12-07,48.040000915527344,49.13999938964844,48.0,49.02000045776367,49.02000045776367,799000
2016-12-08,49.25,49.9900016784668,49.15999984741211,49.65999984741211,49.65999984741211,909900
2016-12-09,49.90999984741211,50.560001373291016,49.29999923706055,49.779998779296875,49.779998779296875,796300
2016-12-12,49.7599983215332,50.15999984741211,49.5,50.029998779296875,50.029998779296875,996500
2016-12-13,50.029998779296875,51.22999954223633,49.529998779296875,50.849998474121094,50.849998474121094,2558800
2016-12-14,50.709999084472656,51.029998779296875,49.84000015258789,49.90999984741211,49.90999984741211,1182300
2016-12-15,50.150001525878906,51.34000015258789,49.27000045776367,50.459999084472656,50.459999084472656,1144800
2016-12-16,50.36000061035156,50.70000076293945,49.150001525878906,49.25,49.25,1498600
2016-12-19,49.13999938964844,49.619998931884766,48.63999938964844,49.09000015258789,49.09000015258789,946700
2016-12-20,49.09000015258789,49.959999084472656,48.84000015258789,49.91999816894531,49.91999816894531,680900
2016-12-21,50.09000015258789,50.56999969482422,49.470001220703125,49.75,49.75,658200
2016-12-22,49.880001068115234,49.880001068115234,49.16999816894531,49.25,49.25,354100
2016-12-23,49.220001220703125,49.939998626708984,49.220001220703125,49.880001068115234,49.880001068115234,343400
2016-12-27,50.13999938964844,50.529998779296875,49.45000076293945,49.72999954223633,49.72999954223633,1199200
2016-12-28,49.81999969482422,50.25,48.91999816894531,49.25,49.25,904700
2016-12-29,49.25,49.66999816894531,48.959999084472656,49.58000183105469,49.58000183105469,418200
2016-12-30,49.790000915527344,49.790000915527344,48.849998474121094,49.290000915527344,49.290000915527344,835000
2017-01-03,49.349998474121094,50.040000915527344,48.58000183105469,49.220001220703125,49.220001220703125,1074900
2017-01-04,49.439998626708984,50.290000915527344,49.36000061035156,50.13999938964844,50.13999938964844,862300
2017-01-05,50.119998931884766,50.689998626708984,49.36000061035156,49.36000061035156,49.36000061035156,779300
2017-01-06,49.400001525878906,50.34000015258789,49.31999969482422,49.95000076293945,49.95000076293945,1131100
2017-01-09,49.869998931884766,50.66999816894531,49.59000015258789,50.459999084472656,50.459999084472656,1180600
2017-01-10,50.31999969482422,51.04999923706055,50.060001373291016,50.810001373291016,50.810001373291016,632100
2017-01-11,50.95000076293945,51.810001373291016,50.66999816894531,51.11000061035156,51.11000061035156,894900
2017-01-12,50.939998626708984,51.20000076293945,50.310001373291016,50.869998931884766,50.869998931884766,626600
2017-01-13,50.619998931884766,51.72999954223633,50.5099983215332,51.61000061035156,51.61000061035156,874600
2017-01-17,51.540000915527344,51.70000076293945,51.0,51.400001525878906,51.400001525878906,773700
2017-01-18,51.599998474121094,51.849998474121094,51.349998474121094,51.790000915527344,51.790000915527344,613000
2017-01-19,51.88999938964844,52.099998474121094,51.599998474121094,51.790000915527344,51.790000915527344,713000
2017-01-20,51.81999969482422,52.38999938964844,51.56999969482422,52.349998474121094,52.349998474121094,1043900
2017-01-23,52.209999084472656,52.560001373291016,52.09000015258789,52.15999984741211,52.15999984741211,922000
2017-01-24,52.25,53.33000183105469,51.83000183105469,53.18000030517578,53.18000030517578,894600
2017-01-25,53.65999984741211,53.959999084472656,53.20000076293945,53.880001068115234,53.880001068115234,1089500
2017-01-26,54.02000045776367,54.20000076293945,53.650001525878906,53.75,53.75,847400
2017-01-27,54.15999984741211,54.15999984741211,53.209999084472656,53.689998626708984,53.689998626708984,951900
2017-01-30,53.5099983215332,53.650001525878906,52.880001068115234,53.4900016784668,53.4900016784668,736200
2017-01-31,53.599998474121094,53.88999938964844,53.189998626708984,53.650001525878906,53.650001525878906,1058000
2017-02-01,53.65999984741211,55.470001220703125,53.349998474121094,54.36000061035156,54.36000061035156,1754100
2017-02-02,54.18000030517578,54.810001373291016,53.869998931884766,54.79999923706055,54.79999923706055,1055100
2017-02-03,55.0,55.470001220703125,53.79999923706055,53.93000030517578,53.93000030517578,1813700
2017-02-06,53.970001220703125,54.209999084472656,53.52000045776367,54.20000076293945,54.20000076293945,1354900
2017-02-07,54.560001373291016,54.65999984741211,53.349998474121094,53.70000076293945,53.70000076293945,1904000
2017-02-08,56.040000915527344,56.709999084472656,53.41999816894531,53.709999084472656,53.709999084472656,3101500
2017-02-09,54.060001373291016,56.130001068115234,53.84000015258789,56.02000045776367,56.02000045776367,2790400
2017-02-10,56.45000076293945,58.34000015258789,56.130001068115234,57.880001068115234,57.880001068115234,4129900
2017-02-13,57.81999969482422,58.7599983215332,57.380001068115234,58.41999816894531,58.41999816894531,2324400
2017-02-14,58.29999923706055,58.56999969482422,57.63999938964844,58.2599983215332,58.2599983215332,1530200
2017-02-15,58.15999984741211,59.560001373291016,57.849998474121094,59.439998626708984,59.439998626708984,1663600
2017-02-16,59.709999084472656,60.20000076293945,59.470001220703125,59.970001220703125,59.970001220703125,1998400
2017-02-17,60.02000045776367,60.15999984741211,58.88999938964844,59.689998626708984,59.689998626708984,4038200
2017-02-21,59.9900016784668,59.9900016784668,58.810001373291016,58.97999954223633,58.97999954223633,1747000
2017-02-22,58.7400016784668,58.7400016784668,57.959999084472656,58.439998626708984,58.439998626708984,1922700
2017-02-23,58.33000183105469,58.380001068115234,57.06999969482422,57.849998474121094,57.849998474121094,1895200
2017-02-24,57.349998474121094,57.880001068115234,57.189998626708984,57.560001373291016,57.560001373291016,1070500
2017-02-27,57.65999984741211,58.22999954223633,56.790000915527344,57.470001220703125,57.470001220703125,2042400
2017-02-28,57.279998779296875,57.72999954223633,56.959999084472656,56.97999954223633,56.97999954223633,1062100
2017-03-01,57.15999984741211,59.06999969482422,57.119998931884766,58.79999923706055,58.79999923706055,2071700
2017-03-02,58.709999084472656,58.7400016784668,57.77000045776367,57.880001068115234,57.880001068115234,705900
2017-03-03,57.869998931884766,58.369998931884766,57.40999984741211,58.119998931884766,58.119998931884766,825200
2017-03-06,58.119998931884766,59.04999923706055,58.0,58.72999954223633,58.72999954223633,1144200
2017-03-07,59.119998931884766,59.52000045776367,58.81999969482422,59.189998626708984,59.189998626708984,1296700
2017-03-08,59.349998474121094,59.790000915527344,59.16999816894531,59.310001373291016,59.310001373291016,1031700
2017-03-09,59.43000030517578,59.779998779296875,58.97999954223633,59.15999984741211,59.15999984741211,729100
2017-03-10,59.619998931884766,59.83000183105469,58.95000076293945,59.0,59.0,1672900
2017-03-13,59.41999816894531,59.959999084472656,59.2400016784668,59.5099983215332,59.5099983215332,1399100
2017-03-14,59.13999938964844,59.709999084472656,59.11000061035156,59.25,59.25,898200
2017-03-15,59.38999938964844,59.45000076293945,58.22999954223633,59.02000045776367,59.02000045776367,1618500
2017-03-16,59.099998474121094,59.29999923706055,58.400001525878906,58.5099983215332,58.5099983215332,1469000
2017-03-17,58.459999084472656,58.84000015258789,57.9900016784668,58.0099983215332,58.0099983215332,17634700
2017-03-20,58.209999084472656,58.470001220703125,57.619998931884766,57.88999938964844,57.88999938964844,1626600
2017-03-21,57.95000076293945,58.099998474121094,56.5,56.599998474121094,56.599998474121094,1681900
2017-03-22,56.619998931884766,57.599998474121094,56.59000015258789,57.58000183105469,57.58000183105469,1266700
2017-03-23,57.56999969482422,57.959999084472656,57.31999969482422,57.720001220703125,57.720001220703125,724700
2017-03-24,57.70000076293945,59.02000045776367,57.70000076293945,58.119998931884766,58.119998931884766,1268700
2017-03-27,57.41999816894531,58.86000061035156,57.33000183105469,58.56999969482422,58.56999969482422,1283200
2017-03-28,58.47999954223633,59.08000183105469,58.2599983215332,58.810001373291016,58.810001373291016,1336900
2017-03-29,58.599998474121094,59.04999923706055,58.33000183105469,58.790000915527344,58.790000915527344,1007400
2017-03-30,58.65999984741211,59.04999923706055,58.65999984741211,58.900001525878906,58.900001525878906,1082300
2017-03-31,58.86000061035156,59.439998626708984,58.15999984741211,59.27000045776367,59.27000045776367,2359300
2017-04-03,59.150001525878906,59.72999954223633,58.34000015258789,58.7400016784668,58.7400016784668,1375100
2017-04-04,58.54999923706055,58.72999954223633,57.75,57.849998474121094,57.849998474121094,1314900
2017-04-05,57.93000030517578,58.72999954223633,57.7599983215332,57.86000061035156,57.86000061035156,1178300
2017-04-06,57.83000183105469,58.380001068115234,57.4900016784668,58.04999923706055,58.04999923706055,1368800
2017-04-07,57.81999969482422,58.529998779296875,57.54999923706055,58.470001220703125,58.470001220703125,1010800
2017-04-10,58.540000915527344,58.83000183105469,58.150001525878906,58.43000030517578,58.43000030517578,1056200
2017-04-11,58.29999923706055,58.599998474121094,57.7400016784668,58.41999816894531,58.41999816894531,958800
2017-04-12,58.2400016784668,58.349998474121094,57.779998779296875,57.869998931884766,57.869998931884766,1000600
2017-04-13,57.779998779296875,58.189998626708984,57.36000061035156,57.529998779296875,57.529998779296875,1074300
2017-04-17,57.54999923706055,58.77000045776367,57.54999923706055,58.54999923706055,58.54999923706055,895100
2017-04-18,58.43000030517578,59.439998626708984,58.189998626708984,59.38999938964844,59.38999938964844,1331400
2017-04-19,59.470001220703125,60.72999954223633,59.34000015258789,60.45000076293945,60.45000076293945,1934600
2017-04-20,60.779998779296875,62.150001525878906,60.43000030517578,62.029998779296875,62.029998779296875,1970900
2017-04-21,62.150001525878906,62.66999816894531,61.95000076293945,62.290000915527344,62.290000915527344,1900000
2017-04-24,63.279998779296875,63.279998779296875,62.52000045776367,62.54999923706055,62.54999923706055,1372300
2017-04-25,63.06999969482422,63.25,62.439998626708984,62.630001068115234,62.630001068115234,1252100
2017-04-26,62.779998779296875,62.95000076293945,62.310001373291016,62.779998779296875,62.779998779296875,760400
2017-04-27,63.119998931884766,63.630001068115234,62.689998626708984,63.150001525878906,63.150001525878906,1387400
2017-04-28,63.34000015258789,63.70000076293945,62.709999084472656,62.849998474121094,62.849998474121094,979500
2017-05-01,63.06999969482422,64.08000183105469,62.720001220703125,63.97999954223633,63.97999954223633,1220300
2017-05-02,63.97999954223633,64.11000061035156,63.58000183105469,64.08999633789062,64.08999633789062,605900
2017-05-03,63.79999923706055,64.02999877929688,63.439998626708984,63.9900016784668,63.9900016784668,834700
2017-05-04,64.11000061035156,64.41999816894531,63.560001373291016,63.65999984741211,63.65999984741211,1050600
2017-05-05,63.54999923706055,65.44000244140625,63.54999923706055,65.41999816894531,65.41999816894531,1107700
2017-05-08,65.58999633789062,65.83999633789062,64.88999938964844,65.05999755859375,65.05999755859375,1049800
2017-05-09,65.19999694824219,65.56999969482422,64.9000015258789,65.11000061035156,65.11000061035156,740200
2017-05-10,66.0999984741211,68.72000122070312,65.88999938964844,68.68000030517578,68.68000030517578,2983700
2017-05-11,68.63999938964844,68.66000366210938,67.48999786376953,68.58999633789062,68.58999633789062,1969500
2017-05-12,68.56999969482422,68.7699966430664,67.93000030517578,67.9800033569336,67.9800033569336,1550600
2017-05-15,68.0,69.30999755859375,67.8499984741211,69.2699966430664,69.2699966430664,1661600
2017-05-16,69.4000015258789,70.52999877929688,69.31999969482422,70.37000274658203,70.37000274658203,1873800
2017-05-17,69.79000091552734,69.9000015258789,66.23999786376953,66.5199966430664,66.5199966430664,2964700
2017-05-18,66.2699966430664,68.9000015258789,65.62999725341797,68.5999984741211,68.5999984741211,1382600
2017-05-19,68.37000274658203,68.77999877929688,66.69999694824219,67.58000183105469,67.58000183105469,1757200
2017-05-22,68.5999984741211,70.06999969482422,68.12000274658203,69.04000091552734,69.04000091552734,4543700
2017-05-23,72.5,76.69999694824219,71.16000366210938,72.83000183105469,72.83000183105469,11983100
2017-05-24,73.76000213623047,77.76000213623047,73.30999755859375,77.7300033569336,77.7300033569336,5127600
2017-05-25,78.83999633789062,79.58000183105469,78.01000213623047,78.52999877929688,78.52999877929688,3283900
2017-05-26,78.69000244140625,78.87000274658203,76.9000015258789,77.06999969482422,77.06999969482422,2311900
2017-05-30,76.68000030517578,76.77999877929688,75.26000213623047,76.06999969482422,76.06999969482422,2665500
2017-05-31,76.37000274658203,77.16999816894531,75.77999877929688,76.73999786376953,76.73999786376953,1776900
2017-06-01,76.7699966430664,78.5,76.76000213623047,78.12000274658203,78.12000274658203,1975500
2017-06-02,76.20999908447266,78.16000366210938,76.11000061035156,77.6500015258789,77.6500015258789,1589100
2017-06-05,77.5999984741211,78.25,77.18000030517578,77.31999969482422,77.31999969482422,1014300
2017-06-06,77.04000091552734,78.36000061035156,76.81999969482422,77.66000366210938,77.66000366210938,1462600
2017-06-07,78.56999969482422,79.91999816894531,78.38999938964844,79.7699966430664,79.7699966430664,2541600
2017-06-08,80.01000213623047,80.54000091552734,78.43000030517578,79.31999969482422,79.31999969482422,1616700
2017-06-09,79.62000274658203,80.12000274658203,73.30999755859375,75.30000305175781,75.30000305175781,3839600
2017-06-12,73.83000183105469,74.83999633789062,71.19999694824219,73.83000183105469,73.83000183105469,4312300
2017-06-13,75.2699966430664,75.4000015258789,73.37000274658203,74.62000274658203,74.62000274658203,2209300
2017-06-14,75.0,75.56999969482422,73.30000305175781,74.37999725341797,74.37999725341797,1326900
2017-06-15,72.69999694824219,74.7300033569336,72.52999877929688,74.01000213623047,74.01000213623047,2760100
2017-06-16,73.47000122070312,75.06999969482422,73.37999725341797,74.16000366210938,74.16000366210938,2228000
2017-06-19,74.91000366210938,75.58000183105469,73.69000244140625,74.0999984741211,74.0999984741211,2169800
2017-06-20,74.19999694824219,74.83000183105469,73.04000091552734,73.0999984741211,73.0999984741211,1804900
2017-06-21,73.11000061035156,73.83000183105469,72.36000061035156,73.05000305175781,73.05000305175781,2155900
2017-06-22,73.41000366210938,73.76000213623047,72.63999938964844,73.05000305175781,73.05000305175781,1505400
2017-06-23,72.91000366210938,74.23999786376953,72.62999725341797,72.87999725341797,72.87999725341797,11787800
2017-06-26,73.41000366210938,74.23999786376953,72.1500015258789,73.56999969482422,73.56999969482422,1762900
2017-06-27,73.36000061035156,73.62999725341797,71.13999938964844,71.16999816894531,71.16999816894531,2000400
2017-06-28,71.5,73.31999969482422,70.38999938964844,73.2699966430664,73.2699966430664,2400700
2017-06-29,72.91999816894531,72.91999816894531,71.30000305175781,72.5199966430664,72.5199966430664,2893300
2017-06-30,72.7699966430664,74.27999877929688,72.70999908447266,73.37999725341797,73.37999725341797,2448700
2017-07-03,73.52999877929688,73.93000030517578,71.80000305175781,72.06999969482422,72.06999969482422,1587600
2017-07-05,72.06999969482422,73.79000091552734,72.06999969482422,73.27999877929688,73.27999877929688,1516800
2017-07-06,72.6500015258789,73.86000061035156,72.0999984741211,73.19999694824219,73.19999694824219,3126800
2017-07-07,73.43000030517578,75.0999984741211,73.20999908447266,74.58999633789062,74.58999633789062,1669100
2017-07-10,74.70999908447266,75.23999786376953,73.81999969482422,74.4800033569336,74.4800033569336,2570000
2017-07-11,74.47000122070312,76.3499984741211,74.12000274658203,75.9000015258789,75.9000015258789,2352600
2017-07-12,76.4000015258789,77.63999938964844,75.9000015258789,77.30999755859375,77.30999755859375,1606900
2017-07-13,77.4800033569336,77.72000122070312,75.77999877929688,76.33000183105469,76.33000183105469,1444000
2017-07-14,76.48999786376953,76.94999694824219,75.97000122070312,76.20999908447266,76.20999908447266,674400
2017-07-17,76.41999816894531,76.52999877929688,75.80999755859375,76.0999984741211,76.0999984741211,973300
2017-07-18,75.94000244140625,77.73999786376953,75.75,77.47000122070312,77.47000122070312,1383300
2017-07-19,77.80999755859375,78.5,76.80999755859375,78.43000030517578,78.43000030517578,2015200
2017-07-20,78.29000091552734,79.01000213623047,77.37000274658203,78.02999877929688,78.02999877929688,1209900
2017-07-21,77.6500015258789,79.2699966430664,77.63999938964844,79.25,79.25,1416400
2017-07-24,79.2699966430664,79.91000366210938,79.0199966430664,79.66999816894531,79.66999816894531,2802200
2017-07-25,79.69999694824219,81.12999725341797,79.2699966430664,80.8499984741211,80.8499984741211,6770100
2017-07-26,80.94000244140625,81.48999786376953,80.31999969482422,81.45999908447266,81.45999908447266,1446200
2017-07-27,81.80000305175781,82.79000091552734,78.1500015258789,79.70999908447266,79.70999908447266,2798200
2017-07-28,79.06999969482422,80.87999725341797,78.54000091552734,80.0999984741211,80.0999984741211,1502800
2017-07-31,80.36000061035156,80.86000061035156,79.38999938964844,79.4800033569336,79.4800033569336,1054100
2017-08-01,79.79000091552734,80.41999816894531,79.0,79.93000030517578,79.93000030517578,1207700
2017-08-02,80.43000030517578,80.5999984741211,78.0999984741211,79.38999938964844,79.38999938964844,2508800
2017-08-03,87.23999786376953,89.9000015258789,86.0199966430664,89.08999633789062,89.08999633789062,10940200
2017-08-04,89.5,89.91000366210938,86.76000213623047,87.70999908447266,87.70999908447266,3212300
2017-08-07,88.16999816894531,91.12999725341797,87.66000366210938,90.5199966430664,90.5199966430664,2450500
2017-08-08,90.30999755859375,92.22000122070312,90.30999755859375,91.5199966430664,91.5199966430664,3326300
2017-08-09,90.0,92.02999877929688,89.5199966430664,90.97000122070312,90.97000122070312,1469700
2017-08-10,90.38999938964844,90.9000015258789,88.26000213623047,88.31999969482422,88.31999969482422,1851600
2017-08-11,88.0999984741211,90.16999816894531,88.01000213623047,89.30000305175781,89.30000305175781,1100600
2017-08-14,89.95999908447266,90.9800033569336,89.81999969482422,90.70999908447266,90.70999908447266,821000
2017-08-15,91.05999755859375,91.27999877929688,89.87000274658203,90.66000366210938,90.66000366210938,696800
2017-08-16,91.08000183105469,92.48999786376953,90.51000213623047,92.0199966430664,92.0199966430664,1211900
2017-08-17,91.66999816894531,92.26000213623047,90.80999755859375,90.94000244140625,90.94000244140625,947000
2017-08-18,90.81999969482422,93.08999633789062,90.01000213623047,92.06999969482422,92.06999969482422,1173400
2017-08-21,92.08000183105469,92.68000030517578,91.2699966430664,91.9800033569336,91.9800033569336,691500
2017-08-22,92.62999725341797,95.11000061035156,92.3499984741211,94.94999694824219,94.94999694824219,1625400
2017-08-23,94.16000366210938,95.16000366210938,94.16000366210938,94.4000015258789,94.4000015258789,795800
2017-08-24,94.81999969482422,95.69999694824219,93.69000244140625,95.25,95.25,1207800
2017-08-25,95.75,96.43000030517578,93.88999938964844,94.63999938964844,94.63999938964844,1159100
2017-08-28,95.36000061035156,96.29000091552734,95.26000213623047,95.80999755859375,95.80999755859375,1323400
2017-08-29,94.83999633789062,96.43000030517578,94.63999938964844,95.79000091552734,95.79000091552734,703900
2017-08-30,96.11000061035156,98.3499984741211,95.87000274658203,97.6500015258789,97.6500015258789,1403700
2017-08-31,98.0,98.44999694824219,97.19999694824219,97.79000091552734,97.79000091552734,1229400
2017-09-01,97.7699966430664,97.91000366210938,95.33999633789062,95.87999725341797,95.87999725341797,1758500
2017-09-05,95.68000030517578,97.30000305175781,94.68000030517578,97.08999633789062,97.08999633789062,1748300
2017-09-06,97.5199966430664,98.1500015258789,95.4000015258789,95.81999969482422,95.81999969482422,905900
2017-09-07,96.19999694824219,100.1500015258789,95.91000366210938,99.5,99.5,1900600
2017-09-08,100.31999969482422,100.58999633789062,98.7699966430664,99.62000274658203,99.62000274658203,1256000
2017-09-11,100.48999786376953,101.4000015258789,99.4000015258789,100.11000061035156,100.11000061035156,2310700
2017-09-12,100.73999786376953,100.97000122070312,98.25,99.94999694824219,99.94999694824219,1347100
2017-09-13,99.83000183105469,100.13999938964844,98.66999816894531,98.77999877929688,98.77999877929688,1001900
2017-09-14,98.79000091552734,99.9000015258789,97.93000030517578,99.38999938964844,99.38999938964844,961500
2017-09-15,99.41000366210938,100.38999938964844,98.87999725341797,100.38999938964844,100.38999938964844,2323600
2017-09-18,100.80999755859375,101.87000274658203,100.72000122070312,100.81999969482422,100.81999969482422,1178200
2017-09-19,101.77999877929688,102.77999877929688,100.5999984741211,102.37999725341797,102.37999725341797,1201600
2017-09-20,102.44999694824219,103.27999877929688,101.25,102.95999908447266,102.95999908447266,1425000
2017-09-21,102.88999938964844,102.94999694824219,100.51000213623047,101.72000122070312,101.72000122070312,1307700
2017-09-22,101.37000274658203,103.04000091552734,101.06999969482422,102.83999633789062,102.83999633789062,1361300
2017-09-25,102.95999908447266,103.7300033569336,95.94000244140625,97.62000274658203,97.62000274658203,4260500
2017-09-26,98.06999969482422,98.4800033569336,96.77999877929688,97.4800033569336,97.4800033569336,2394100
2017-09-27,97.87999725341797,100.68000030517578,97.87999725341797,100.12999725341797,100.12999725341797,1671700
2017-09-28,100.19999694824219,101.37999725341797,99.20999908447266,100.88999938964844,100.88999938964844,1011100
2017-09-29,101.0,102.27999877929688,100.73999786376953,102.2300033569336,102.2300033569336,2225000
2017-10-02,102.44000244140625,103.0,99.86000061035156,100.43000030517578,100.43000030517578,1427700
2017-10-03,100.43000030517578,101.18000030517578,99.9000015258789,101.06999969482422,101.06999969482422,1035600
2017-10-04,101.0999984741211,103.16999816894531,100.0,102.9800033569336,102.9800033569336,1577700
2017-10-05,103.19999694824219,104.63999938964844,102.29000091552734,104.47000122070312,104.47000122070312,1401700
2017-10-06,104.22000122070312,107.52999877929688,104.22000122070312,107.2300033569336,107.2300033569336,1879500
2017-10-09,105.0,105.18000030517578,102.47000122070312,104.11000061035156,104.11000061035156,2685800
2017-10-10,104.43000030517578,104.58000183105469,102.08000183105469,102.66999816894531,102.66999816894531,1779200
2017-10-11,102.58000183105469,104.79000091552734,102.30999755859375,103.5999984741211,103.5999984741211,1035800
2017-10-12,103.47000122070312,104.33999633789062,102.79000091552734,103.44000244140625,103.44000244140625,882600
2017-10-13,104.19000244140625,104.75,103.55000305175781,104.58000183105469,104.58000183105469,2090500
2017-10-16,105.0,105.26000213623047,104.37999725341797,104.77999877929688,104.77999877929688,725100
2017-10-17,104.58999633789062,104.81999969482422,103.2699966430664,103.9000015258789,103.9000015258789,752400
2017-10-18,105.0199966430664,105.37000274658203,104.0999984741211,104.61000061035156,104.61000061035156,891900
2017-10-19,103.58999633789062,104.80999755859375,102.0999984741211,104.55999755859375,104.55999755859375,1132300
2017-10-20,104.9800033569336,105.29000091552734,104.56999969482422,104.93000030517578,104.93000030517578,693400
2017-10-23,105.6500015258789,105.87000274658203,104.44999694824219,105.01000213623047,105.01000213623047,685000
2017-10-24,105.37000274658203,105.86000061035156,104.87000274658203,105.22000122070312,105.22000122070312,1237200
2017-10-25,105.69999694824219,105.69999694824219,103.30999755859375,104.87000274658203,104.87000274658203,1033700
2017-10-26,105.0,105.79000091552734,104.23999786376953,105.43000030517578,105.43000030517578,839000
2017-10-27,105.9000015258789,108.04000091552734,105.47000122070312,107.83999633789062,107.83999633789062,1383500
2017-10-30,108.48999786376953,110.0,108.04000091552734,109.70999908447266,109.70999908447266,1663600
2017-10-31,110.01000213623047,110.86000061035156,108.98999786376953,110.6500015258789,110.6500015258789,1755500
2017-11-01,110.91000366210938,111.11000061035156,108.83000183105469,110.55999755859375,110.55999755859375,1684400
2017-11-02,110.38999938964844,110.7699966430664,108.5,108.5,108.5,1361600
2017-11-03,109.54000091552734,110.38999938964844,108.16000366210938,108.93000030517578,108.93000030517578,1957700
2017-11-06,109.45999908447266,109.61000061035156,106.2300033569336,107.0,107.0,2484400
2017-11-07,106.63999938964844,106.87000274658203,103.87999725341797,106.38999938964844,106.38999938964844,4612500
2017-11-08,120.0,120.62000274658203,116.3499984741211,117.6500015258789,117.6500015258789,8318000
2017-11-09,117.0999984741211,117.23999786376953,113.87000274658203,115.16000366210938,115.16000366210938,3152000
2017-11-10,114.91000366210938,115.9000015258789,114.05999755859375,115.68000030517578,115.68000030517578,2089700
2017-11-13,114.69000244140625,119.16999816894531,114.58000183105469,118.26000213623047,118.26000213623047,2736100
2017-11-14,118.25,119.27999877929688,117.3499984741211,118.87999725341797,118.87999725341797,2160300
2017-11-15,117.9000015258789,118.80000305175781,116.37000274658203,117.37000274658203,117.37000274658203,1730400
2017-11-16,118.94999694824219,119.70999908447266,118.0999984741211,118.9000015258789,118.9000015258789,1837000
2017-11-17,118.68000030517578,119.38999938964844,116.36000061035156,117.81999969482422,117.81999969482422,3142300
2017-11-20,118.0999984741211,118.3499984741211,117.05000305175781,117.4000015258789,117.4000015258789,1125600
2017-11-21,117.94999694824219,120.20999908447266,117.94999694824219,119.0199966430664,119.0199966430664,1561000
2017-11-22,119.19999694824219,119.70999908447266,117.20999908447266,117.94000244140625,117.94000244140625,1341400
2017-11-24,118.02999877929688,118.4000015258789,117.58999633789062,117.87999725341797,117.87999725341797,1101000
2017-11-27,118.0,118.1500015258789,116.5,117.79000091552734,117.79000091552734,1603900
2017-11-28,118.33999633789062,119.12000274658203,116.0999984741211,116.19000244140625,116.19000244140625,1790300
2017-11-29,115.37000274658203,116.0,108.41000366210938,111.44999694824219,111.44999694824219,4408400
2017-11-30,112.44000244140625,113.47000122070312,110.47000122070312,111.55000305175781,111.55000305175781,7184600
2017-12-01,111.05000305175781,112.0,107.80999755859375,110.76000213623047,110.76000213623047,2968100
2017-12-04,111.27999877929688,111.38999938964844,99.87000274658203,102.11000061035156,102.11000061035156,7430400
2017-12-05,101.43000030517578,105.41000366210938,100.55999755859375,104.19000244140625,104.19000244140625,3928500
2017-12-06,103.61000061035156,105.5199966430664,103.05000305175781,104.88999938964844,104.88999938964844,1934800
2017-12-07,104.72000122070312,108.2699966430664,104.58000183105469,106.54000091552734,106.54000091552734,1973100
2017-12-08,107.62000274658203,108.95999908447266,106.43000030517578,106.80999755859375,106.80999755859375,1726000
2017-12-11,107.0,108.4000015258789,105.69000244140625,108.2300033569336,108.2300033569336,1656200
2017-12-12,107.94999694824219,108.38999938964844,107.11000061035156,107.62000274658203,107.62000274658203,1271100
2017-12-13,108.0,110.16000366210938,106.86000061035156,107.73999786376953,107.73999786376953,2093600
2017-12-14,107.33000183105469,110.58000183105469,107.25,109.0199966430664,109.0199966430664,1918700
2017-12-15,109.48999786376953,111.94999694824219,109.36000061035156,111.19000244140625,111.19000244140625,5777100
2017-12-18,113.80000305175781,114.45999908447266,108.95999908447266,110.31999969482422,110.31999969482422,2541100
2017-12-19,109.7699966430664,110.61000061035156,108.56999969482422,109.27999877929688,109.27999877929688,2286000
2017-12-20,109.86000061035156,109.86000061035156,107.66000366210938,108.75,108.75,995600
2017-12-21,108.66000366210938,111.16000366210938,107.45999908447266,110.45999908447266,110.45999908447266,1131500
2017-12-22,110.54000091552734,110.76000213623047,108.97000122070312,109.13999938964844,109.13999938964844,725000
2017-12-26,108.87000274658203,109.0199966430664,107.68000030517578,108.25,108.25,612300
2017-12-27,108.61000061035156,109.79000091552734,107.52999877929688,107.80000305175781,107.80000305175781,962800
2017-12-28,108.30000305175781,109.80999755859375,107.12000274658203,109.58999633789062,109.58999633789062,785300
2017-12-29,109.4000015258789,110.22000122070312,108.25,109.77999877929688,109.77999877929688,1196900
2018-01-02,110.02999877929688,113.06999969482422,109.55000305175781,112.87999725341797,112.87999725341797,1569300
2018-01-03,113.47000122070312,114.69999694824219,112.73999786376953,113.87999725341797,113.87999725341797,1451500
2018-01-04,114.91999816894531,115.27999877929688,112.58999633789062,114.0199966430664,114.0199966430664,1319300
2018-01-05,114.91000366210938,117.19000244140625,114.27999877929688,116.91000366210938,116.91000366210938,1513600
2018-01-08,116.5,120.18000030517578,115.11000061035156,117.37000274658203,117.37000274658203,1591400
2018-01-09,117.7699966430664,118.16999816894531,113.76000213623047,114.91000366210938,114.91000366210938,1704800
2018-01-10,113.91999816894531,115.76000213623047,113.1500015258789,115.55000305175781,115.55000305175781,1394900
2018-01-11,116.31999969482422,118.4800033569336,115.4000015258789,116.9800033569336,116.9800033569336,1355600
2018-01-12,116.94999694824219,118.9000015258789,115.8499984741211,117.30000305175781,117.30000305175781,1758100
2018-01-16,118.06999969482422,118.12999725341797,113.0999984741211,113.95999908447266,113.95999908447266,2093000
2018-01-17,114.69999694824219,116.97000122070312,113.72000122070312,116.08999633789062,116.08999633789062,1598200
2018-01-18,115.77999877929688,118.19999694824219,114.45999908447266,117.2699966430664,117.2699966430664,1378900
2018-01-19,117.70999908447266,118.61000061035156,117.2300033569336,118.05000305175781,118.05000305175781,1272300
2018-01-22,117.7699966430664,119.43000030517578,116.91999816894531,118.4000015258789,118.4000015258789,1157600
2018-01-23,118.33000183105469,118.91999816894531,116.41000366210938,116.80999755859375,116.80999755859375,2236300
2018-01-24,117.33999633789062,117.33999633789062,114.54000091552734,116.23999786376953,116.23999786376953,1576000
2018-01-25,116.73999786376953,117.80999755859375,115.47000122070312,117.19999694824219,117.19999694824219,905000
2018-01-26,117.97000122070312,119.37000274658203,116.81999969482422,119.37000274658203,119.37000274658203,1215600
2018-01-29,119.0,122.20999908447266,118.69999694824219,119.29000091552734,119.29000091552734,2161600
2018-01-30,117.5,120.58000183105469,116.66999816894531,118.30999755859375,118.30999755859375,1611800
2018-01-31,120.98999786376953,127.7699966430664,120.98999786376953,126.66999816894531,126.66999816894531,3753100
2018-02-01,126.8499984741211,129.25,119.05000305175781,124.63999938964844,124.63999938964844,5069200
2018-02-02,123.12999725341797,125.43000030517578,120.51000213623047,121.66999816894531,121.66999816894531,2256300
2018-02-05,119.86000061035156,123.31999969482422,116.38999938964844,117.33000183105469,117.33000183105469,2631600
2018-02-06,113.0,118.33000183105469,113.0,118.2699966430664,118.2699966430664,3545700
2018-02-07,118.7699966430664,120.33999633789062,116.75,117.19000244140625,117.19000244140625,3554500
2018-02-08,112.0,115.5999984741211,103.22000122070312,103.51000213623047,103.51000213623047,7893500
2018-02-09,105.5,109.08999633789062,102.16000366210938,108.44999694824219,108.44999694824219,5299800
2018-02-12,109.29000091552734,112.23999786376953,108.69999694824219,109.93000030517578,109.93000030517578,3250900
2018-02-13,108.52999877929688,109.30999755859375,106.7300033569336,107.77999877929688,107.77999877929688,2090600
2018-02-14,106.9800033569336,108.8499984741211,106.29000091552734,106.55999755859375,106.55999755859375,2541900
2018-02-15,107.58999633789062,108.8499984741211,105.6500015258789,108.16000366210938,108.16000366210938,2555400
2018-02-16,108.11000061035156,108.97000122070312,106.6500015258789,107.04000091552734,107.04000091552734,1858300
2018-02-20,106.44000244140625,108.31999969482422,106.44000244140625,107.4800033569336,107.4800033569336,1230500
2018-02-21,107.5999984741211,110.2699966430664,107.58999633789062,108.54000091552734,108.54000091552734,1784800
2018-02-22,108.98999786376953,109.87000274658203,108.0999984741211,108.62999725341797,108.62999725341797,1114500
2018-02-23,109.56999969482422,111.83999633789062,108.5,111.6500015258789,111.6500015258789,1422600
2018-02-26,112.5999984741211,115.44000244140625,112.5199966430664,114.58000183105469,114.58000183105469,1979200
2018-02-27,114.31999969482422,115.12000274658203,112.20999908447266,112.2300033569336,112.2300033569336,1039300
2018-02-28,113.55000305175781,114.16999816894531,111.80000305175781,111.87000274658203,111.87000274658203,2039200
2018-03-01,111.61000061035156,112.98999786376953,106.87999725341797,107.54000091552734,107.54000091552734,2372800
2018-03-02,106.83999633789062,111.20999908447266,105.80999755859375,110.7699966430664,110.7699966430664,1768100
2018-03-05,110.02999877929688,112.81999969482422,109.43000030517578,111.93000030517578,111.93000030517578,1388400
2018-03-06,112.37999725341797,112.97000122070312,109.05000305175781,110.70999908447266,110.70999908447266,1820900
2018-03-07,109.62000274658203,111.38999938964844,108.25,110.94000244140625,110.94000244140625,1977000
2018-03-08,111.61000061035156,113.7300033569336,110.20999908447266,113.58000183105469,113.58000183105469,3161500
2018-03-09,114.4800033569336,116.83000183105469,113.58999633789062,116.61000061035156,116.61000061035156,2377100
2018-03-12,115.8499984741211,117.3499984741211,113.88999938964844,115.73999786376953,115.73999786376953,3860000
2018-03-13,115.8499984741211,117.3499984741211,111.97000122070312,113.48999786376953,113.48999786376953,3629500
2018-03-14,111.58000183105469,111.62999725341797,106.0999984741211,109.2300033569336,109.2300033569336,5457400
2018-03-15,109.3499984741211,110.4000015258789,107.83999633789062,108.9000015258789,108.9000015258789,3535400
2018-03-16,108.94000244140625,109.72000122070312,106.25,107.29000091552734,107.29000091552734,25385700
2018-03-19,106.27999877929688,107.01000213623047,102.54000091552734,104.5,104.5,5002200
2018-03-20,105.33999633789062,106.51000213623047,104.36000061035156,105.23999786376953,105.23999786376953,2894800
2018-03-21,105.01000213623047,106.06999969482422,103.87999725341797,104.7300033569336,104.7300033569336,2053800
2018-03-22,103.4000015258789,104.75,102.26000213623047,102.38999938964844,102.38999938964844,2658100
2018-03-23,102.29000091552734,103.87000274658203,99.63999938964844,99.69999694824219,99.69999694824219,2202400
2018-03-26,101.77999877929688,103.2699966430664,101.62999725341797,103.0999984741211,103.0999984741211,2499300
2018-03-27,103.62999725341797,104.19999694824219,97.70999908447266,98.04000091552734,98.04000091552734,3719500
2018-03-28,97.69000244140625,98.8499984741211,95.54000091552734,97.45999908447266,97.45999908447266,4249500
2018-03-29,98.08999633789062,99.7699966430664,95.91999816894531,97.77999877929688,97.77999877929688,3102800
2018-04-02,96.31999969482422,96.98999786376953,93.91999816894531,95.91999816894531,95.91999816894531,4120300
2018-04-03,96.6500015258789,96.77999877929688,93.41999816894531,95.86000061035156,95.86000061035156,2327100
2018-04-04,93.48999786376953,97.37999725341797,92.80999755859375,96.95999908447266,96.95999908447266,3135500
2018-04-05,99.19999694824219,100.58999633789062,97.95999908447266,98.62999725341797,98.62999725341797,2864000
2018-04-06,97.87000274658203,98.41000366210938,93.9000015258789,94.62999725341797,94.62999725341797,2005800
2018-04-09,95.20999908447266,97.62000274658203,95.0199966430664,96.51000213623047,96.51000213623047,2168000
2018-04-10,98.5199966430664,99.19000244140625,96.62000274658203,97.63999938964844,97.63999938964844,1966800
2018-04-11,96.76000213623047,97.94999694824219,96.47000122070312,96.62000274658203,96.62000274658203,1235400
2018-04-12,96.81999969482422,98.95999908447266,96.47000122070312,97.83999633789062,97.83999633789062,1580100
2018-04-13,98.80999755859375,99.0,96.58999633789062,97.19000244140625,97.19000244140625,1398300
2018-04-16,97.93000030517578,98.87000274658203,97.2699966430664,98.47000122070312,98.47000122070312,1004900
2018-04-17,99.54000091552734,102.48999786376953,99.29000091552734,102.20999908447266,102.20999908447266,2053100
2018-04-18,102.16000366210938,103.1500015258789,100.94999694824219,102.5,102.5,1477100
2018-04-19,101.61000061035156,102.16999816894531,99.95999908447266,100.7699966430664,100.7699966430664,1297900
2018-04-20,100.45999908447266,100.75,97.27999877929688,98.37999725341797,98.37999725341797,1753300
2018-04-23,98.55999755859375,100.08000183105469,97.5,98.12000274658203,98.12000274658203,1247600
2018-04-24,98.79000091552734,99.91000366210938,95.54000091552734,96.37999725341797,96.37999725341797,1428500
2018-04-25,96.52999877929688,97.11000061035156,94.58999633789062,96.22000122070312,96.22000122070312,1444800
2018-04-26,97.0999984741211,99.87999725341797,97.0999984741211,99.19000244140625,99.19000244140625,1617900
2018-04-27,99.97000122070312,100.08000183105469,97.31999969482422,98.62999725341797,98.62999725341797,1064300
2018-04-30,100.41999816894531,100.62999725341797,98.19999694824219,99.70999908447266,99.70999908447266,1297700
2018-05-01,99.37000274658203,104.37000274658203,99.16999816894531,104.30000305175781,104.30000305175781,2736900
2018-05-02,104.05000305175781,106.41999816894531,103.69000244140625,104.87999725341797,104.87999725341797,2585900
2018-05-03,104.25,110.81999969482422,98.87000274658203,105.0999984741211,105.0999984741211,9052300
2018-05-04,104.04000091552734,110.0,104.04000091552734,108.76000213623047,108.76000213623047,2368700
2018-05-07,110.27999877929688,110.83999633789062,107.79000091552734,110.19999694824219,110.19999694824219,2127600
2018-05-08,110.41999816894531,112.45999908447266,109.66999816894531,111.30000305175781,111.30000305175781,2659300
2018-05-09,113.12999725341797,117.38999938964844,111.94000244140625,115.98999786376953,115.98999786376953,3122700
2018-05-10,116.68000030517578,117.4000015258789,115.37000274658203,117.05999755859375,117.05999755859375,1971200
2018-05-11,117.1500015258789,117.37000274658203,115.3499984741211,116.08999633789062,116.08999633789062,1931000
2018-05-14,116.94000244140625,117.08999633789062,113.6500015258789,114.4000015258789,114.4000015258789,2438000
2018-05-15,113.22000122070312,113.81999969482422,111.94000244140625,113.47000122070312,113.47000122070312,2339700
2018-05-16,113.51000213623047,114.94999694824219,112.43000030517578,113.06999969482422,113.06999969482422,4140600
2018-05-17,113.33000183105469,118.91000366210938,112.51000213623047,113.87999725341797,113.87999725341797,6114400
2018-05-18,113.0,116.0,112.70999908447266,115.80999755859375,115.80999755859375,2533000
2018-05-21,116.56999969482422,118.44000244140625,113.9000015258789,115.95999908447266,115.95999908447266,2436800
2018-05-22,115.95999908447266,116.48999786376953,113.0,113.23999786376953,113.23999786376953,1274700
2018-05-23,112.0999984741211,112.88999938964844,111.16000366210938,112.5999984741211,112.5999984741211,2144300
2018-05-24,112.41000366210938,112.61000061035156,109.86000061035156,112.06999969482422,112.06999969482422,1544700
2018-05-25,111.87000274658203,112.75,111.27999877929688,112.0199966430664,112.0199966430664,1058300
2018-05-29,110.80000305175781,111.83999633789062,109.7300033569336,110.77999877929688,110.77999877929688,2132800
2018-05-30,111.5199966430664,111.94999694824219,109.91999816894531,110.62999725341797,110.62999725341797,1207700
2018-05-31,110.88999938964844,114.04000091552734,110.19000244140625,112.08000183105469,112.08000183105469,2182100
2018-06-01,112.55000305175781,114.87000274658203,111.30999755859375,114.58999633789062,114.58999633789062,1482600
2018-06-04,114.26000213623047,115.75,112.76000213623047,113.68000030517578,113.68000030517578,1416700
2018-06-05,111.30000305175781,114.0,111.08999633789062,113.26000213623047,113.26000213623047,2375100
2018-06-06,113.91999816894531,114.31999969482422,112.11000061035156,112.58999633789062,112.58999633789062,1338600
2018-06-07,112.5999984741211,113.7699966430664,111.70999908447266,113.41999816894531,113.41999816894531,1175900
2018-06-08,113.06999969482422,114.7699966430664,112.01000213623047,113.41999816894531,113.41999816894531,1248800
2018-06-11,113.77999877929688,114.94000244140625,112.93000030517578,113.31999969482422,113.31999969482422,1079900
2018-06-12,113.33000183105469,114.79000091552734,113.20999908447266,114.69999694824219,114.69999694824219,1675600
2018-06-13,115.0,119.37999725341797,115.0,118.45999908447266,118.45999908447266,3050700
2018-06-14,119.20999908447266,123.0999984741211,118.87999725341797,121.83999633789062,121.83999633789062,3060400
2018-06-15,121.87000274658203,123.19000244140625,120.37999725341797,121.51000213623047,121.51000213623047,2539800
2018-06-18,120.86000061035156,120.91999816894531,119.38999938964844,120.69000244140625,120.69000244140625,1309800
2018-06-19,118.91000366210938,120.0199966430664,116.47000122070312,117.83000183105469,117.83000183105469,1464100
2018-06-20,118.88999938964844,119.05000305175781,117.18000030517578,118.01000213623047,118.01000213623047,1390600
2018-06-21,118.05000305175781,118.55999755859375,115.83000183105469,116.5,116.5,1165000
2018-06-22,117.0,118.51000213623047,115.19999694824219,116.95999908447266,116.95999908447266,3053400
2018-06-25,115.63999938964844,117.19000244140625,113.79000091552734,116.7300033569336,116.7300033569336,2475600
2018-06-26,117.69999694824219,119.29000091552734,115.80000305175781,115.91000366210938,115.91000366210938,2101100
2018-06-27,116.41000366210938,117.2300033569336,113.94999694824219,113.95999908447266,113.95999908447266,1603900
2018-06-28,113.94999694824219,118.9800033569336,113.5199966430664,118.05999755859375,118.05999755859375,2195000
2018-06-29,118.81999969482422,120.30000305175781,118.2699966430664,118.36000061035156,118.36000061035156,1633500
2018-07-02,117.87000274658203,120.20999908447266,117.0,119.87000274658203,119.87000274658203,1155300
2018-07-03,120.0,120.0,117.7699966430664,118.1500015258789,118.1500015258789,834100
2018-07-05,119.38999938964844,121.0,118.66000366210938,120.81999969482422,120.81999969482422,1614000
2018-07-06,120.91000366210938,123.62999725341797,120.54000091552734,123.44000244140625,123.44000244140625,1378000
2018-07-09,124.43000030517578,124.43000030517578,120.05999755859375,121.97000122070312,121.97000122070312,1229800
2018-07-10,121.98999786376953,122.37000274658203,119.30999755859375,121.1500015258789,121.1500015258789,1236900
2018-07-11,120.37999725341797,124.33999633789062,120.01000213623047,122.73999786376953,122.73999786376953,1671000
2018-07-12,123.2699966430664,126.56999969482422,123.2699966430664,126.23999786376953,126.23999786376953,1300000
2018-07-13,126.5,126.75,124.80999755859375,126.3499984741211,126.3499984741211,946800
2018-07-16,126.25,126.88999938964844,125.66999816894531,125.88999938964844,125.88999938964844,1060100
2018-07-17,124.5999984741211,127.91999816894531,124.51000213623047,126.68000030517578,126.68000030517578,1433700
2018-07-18,126.55000305175781,127.62000274658203,125.8499984741211,126.80999755859375,126.80999755859375,1594300
2018-07-19,127.54000091552734,128.24000549316406,126.61000061035156,127.41000366210938,127.41000366210938,1391500
2018-07-20,127.01000213623047,128.17999267578125,126.08999633789062,126.61000061035156,126.61000061035156,2202200
2018-07-23,126.51000213623047,127.12000274658203,125.11000061035156,126.80000305175781,126.80000305175781,1122200
2018-07-24,127.83999633789062,127.83999633789062,123.41000366210938,125.16000366210938,125.16000366210938,2068200
2018-07-25,125.63999938964844,128.6999969482422,124.55000305175781,127.83999633789062,127.83999633789062,1682400
2018-07-26,127.51000213623047,127.66999816894531,124.88999938964844,125.33000183105469,125.33000183105469,1167700
2018-07-27,124.01000213623047,125.47000122070312,120.98999786376953,122.58000183105469,122.58000183105469,2172800
2018-07-30,122.2300033569336,122.43000030517578,112.55000305175781,113.11000061035156,113.11000061035156,3623200
2018-07-31,113.75,115.70999908447266,112.43000030517578,113.0199966430664,113.0199966430664,2563800
2018-08-01,112.33999633789062,115.95999908447266,111.91999816894531,112.23999786376953,112.23999786376953,2236700
2018-08-02,111.79000091552734,113.79000091552734,111.06999969482422,113.23999786376953,113.23999786376953,3536000
2018-08-03,129.47000122070312,130.42999267578125,122.08999633789062,123.41000366210938,123.41000366210938,7965600
2018-08-06,122.80000305175781,123.87999725341797,120.0,121.31999969482422,121.31999969482422,2998000
2018-08-07,121.30999755859375,122.91000366210938,119.86000061035156,122.20999908447266,122.20999908447266,1753100
2018-08-08,122.06999969482422,125.62000274658203,121.16000366210938,124.94999694824219,124.94999694824219,2162900
2018-08-09,125.38999938964844,125.8499984741211,123.86000061035156,125.19999694824219,125.19999694824219,1558400
2018-08-10,124.4000015258789,130.0,124.4000015258789,128.8000030517578,128.8000030517578,2666900
2018-08-13,129.07000732421875,131.77000427246094,127.91000366210938,128.10000610351562,128.10000610351562,1869700
2018-08-14,128.92999267578125,130.1999969482422,127.12999725341797,129.08999633789062,129.08999633789062,1041500
2018-08-15,127.88999938964844,128.61000061035156,124.44999694824219,125.94999694824219,125.94999694824219,2267400
2018-08-16,127.33000183105469,127.33000183105469,124.88999938964844,125.94000244140625,125.94000244140625,1173700
2018-08-17,125.26000213623047,126.12999725341797,123.5999984741211,124.30000305175781,124.30000305175781,1078200
2018-08-20,124.6500015258789,125.5999984741211,122.29000091552734,124.87999725341797,124.87999725341797,1829100
2018-08-21,125.33000183105469,126.9000015258789,124.37000274658203,126.41999816894531,126.41999816894531,1315900
2018-08-22,126.04000091552734,130.42999267578125,125.9000015258789,129.22999572753906,129.22999572753906,1770800
2018-08-23,129.39999389648438,131.52000427246094,128.13999938964844,130.67999267578125,130.67999267578125,2036300
2018-08-24,131.66000366210938,134.6300048828125,131.27000427246094,134.00999450683594,134.00999450683594,1928400
2018-08-27,135.25999450683594,135.89999389648438,132.74000549316406,133.3699951171875,133.3699951171875,1200000
2018-08-28,133.85000610351562,134.33999633789062,132.1199951171875,133.66000366210938,133.66000366210938,988400
2018-08-29,135.22000122070312,138.6300048828125,134.77000427246094,136.08999633789062,136.08999633789062,2015600
2018-08-30,136.0,138.64999389648438,134.5399932861328,134.63999938964844,134.63999938964844,1853300
2018-08-31,133.57000732421875,133.92999267578125,130.50999450683594,133.55999755859375,133.55999755859375,2403900
2018-09-04,133.17999267578125,135.47999572753906,131.52999877929688,134.52999877929688,134.52999877929688,1172900
2018-09-05,134.3000030517578,134.4499969482422,127.56999969482422,128.89999389648438,128.89999389648438,1698700
2018-09-06,129.7899932861328,130.77999877929688,127.80999755859375,130.35000610351562,130.35000610351562,1351700
2018-09-07,129.42999267578125,132.19000244140625,128.67999267578125,130.5399932861328,130.5399932861328,1378400
2018-09-10,131.60000610351562,131.66000366210938,128.77000427246094,129.16000366210938,129.16000366210938,1340600
2018-09-11,130.5,134.92999267578125,128.52000427246094,133.9199981689453,133.9199981689453,1654700
2018-09-12,133.74000549316406,134.47000122070312,131.13999938964844,133.47999572753906,133.47999572753906,1079400
2018-09-13,134.35000610351562,136.3699951171875,133.16000366210938,136.25999450683594,136.25999450683594,1101900
2018-09-14,136.75,136.99000549316406,133.7100067138672,134.11000061035156,134.11000061035156,985200
2018-09-17,134.39999389648438,134.66000366210938,131.00999450683594,131.47999572753906,131.47999572753906,1236800
2018-09-18,131.0800018310547,134.5399932861328,130.69000244140625,132.72000122070312,132.72000122070312,1172900
2018-09-19,132.5500030517578,132.60000610351562,128.92999267578125,130.57000732421875,130.57000732421875,1466300
2018-09-20,131.1199951171875,132.5,129.6699981689453,130.9499969482422,130.9499969482422,1573800
2018-09-21,132.0800018310547,134.17999267578125,131.0399932861328,132.07000732421875,132.07000732421875,2887100
2018-09-24,131.27999877929688,135.6699981689453,130.6300048828125,134.8800048828125,134.8800048828125,1421400
2018-09-25,135.3000030517578,136.33999633789062,134.52000427246094,135.5500030517578,135.5500030517578,1092400
2018-09-26,136.22000122070312,137.22999572753906,134.33999633789062,134.52999877929688,134.52999877929688,1395900
2018-09-27,134.8699951171875,137.61000061035156,134.66000366210938,137.07000732421875,137.07000732421875,1293500
2018-09-28,137.07000732421875,139.60000610351562,136.42999267578125,137.99000549316406,137.99000549316406,1770800
2018-10-01,138.1199951171875,139.91000366210938,135.5500030517578,137.41000366210938,137.41000366210938,1790100
2018-10-02,138.0,138.0,133.75,134.3800048828125,134.3800048828125,1932300
2018-10-03,135.0,136.27000427246094,133.91000366210938,136.11000061035156,136.11000061035156,1623600
2018-10-04,135.17999267578125,135.75999450683594,129.47000122070312,131.8800048828125,131.8800048828125,1972600
2018-10-05,132.25999450683594,133.8000030517578,128.60000610351562,130.60000610351562,130.60000610351562,1370100
2018-10-08,129.55999755859375,129.99000549316406,124.77999877929688,126.81999969482422,126.81999969482422,1755000
2018-10-09,126.7300033569336,130.0,124.37999725341797,127.94999694824219,127.94999694824219,1602300
2018-10-10,129.99000549316406,130.25,121.0999984741211,122.25,122.25,2616700
2018-10-11,122.33000183105469,124.91000366210938,120.80000305175781,122.26000213623047,122.26000213623047,2595100
2018-10-12,126.7300033569336,130.89999389648438,125.86000061035156,129.0500030517578,129.0500030517578,2571800
2018-10-15,128.27000427246094,129.42999267578125,124.4800033569336,127.77999877929688,127.77999877929688,1375600
2018-10-16,129.27999877929688,132.36000061035156,129.25,132.02000427246094,132.02000427246094,1792300
2018-10-17,132.75,133.66000366210938,130.39999389648438,132.05999755859375,132.05999755859375,1225300
2018-10-18,131.17999267578125,131.17999267578125,124.8499984741211,126.87000274658203,126.87000274658203,2414500
2018-10-19,127.81999969482422,128.89999389648438,122.02999877929688,122.44999694824219,122.44999694824219,2095200
2018-10-22,122.69000244140625,123.05999755859375,120.0199966430664,120.51000213623047,120.51000213623047,2229800
2018-10-23,117.7699966430664,119.43000030517578,115.80000305175781,118.77999877929688,118.77999877929688,2289300
2018-10-24,118.75,119.62999725341797,110.81999969482422,110.97000122070312,110.97000122070312,2730000
2018-10-25,116.83000183105469,124.9800033569336,116.30000305175781,120.69999694824219,120.69999694824219,3890900
2018-10-26,116.18000030517578,123.45999908447266,116.18000030517578,120.05999755859375,120.05999755859375,2604300
2018-10-29,122.3499984741211,122.83000183105469,109.33999633789062,111.72000122070312,111.72000122070312,4546200
2018-10-30,121.52999877929688,125.48999786376953,117.5199966430664,124.01000213623047,124.01000213623047,7151000
2018-10-31,125.5,130.00999450683594,124.13999938964844,128.8699951171875,128.8699951171875,3394500
2018-11-01,129.66000366210938,129.9499969482422,125.93000030517578,128.91000366210938,128.91000366210938,1818000
2018-11-02,128.8000030517578,130.16000366210938,126.66000366210938,128.3699951171875,128.3699951171875,1565600
2018-11-05,128.61000061035156,128.99000549316406,124.55000305175781,126.69999694824219,126.69999694824219,1571300
2018-11-06,125.55999755859375,127.29000091552734,121.88999938964844,123.68000030517578,123.68000030517578,1774800
2018-11-07,126.1500015258789,128.13999938964844,124.55000305175781,125.80999755859375,125.80999755859375,3921000
2018-11-08,129.11000061035156,129.97999572753906,117.80000305175781,119.13999938964844,119.13999938964844,7484000
2018-11-09,115.63999938964844,116.38999938964844,109.33999633789062,113.05000305175781,113.05000305175781,6327800
2018-11-12,111.2699966430664,112.22000122070312,105.58999633789062,109.02999877929688,109.02999877929688,5024700
2018-11-13,109.05000305175781,110.94999694824219,106.48999786376953,107.0,107.0,3145900
2018-11-14,107.66000366210938,109.75,104.66999816894531,106.56999969482422,106.56999969482422,2577400
2018-11-15,105.9000015258789,114.41000366210938,105.7300033569336,113.05999755859375,113.05999755859375,5046900
2018-11-16,111.3499984741211,114.66000366210938,110.66000366210938,113.93000030517578,113.93000030517578,3867000
2018-11-19,115.25,115.5,104.7699966430664,106.0,106.0,4352900
2018-11-20,100.80000305175781,106.83000183105469,97.56999969482422,104.72000122070312,104.72000122070312,3263300
2018-11-21,107.05000305175781,108.48999786376953,105.55999755859375,106.83999633789062,106.83999633789062,2069000
2018-11-23,105.18000030517578,107.4800033569336,104.9800033569336,105.5,105.5,641600
2018-11-26,107.31999969482422,110.52999877929688,106.25,110.44000244140625,110.44000244140625,1837700
2018-11-27,109.75,111.69999694824219,108.25,109.55999755859375,109.55999755859375,1480000
2018-11-28,109.9000015258789,111.25,107.7699966430664,110.62999725341797,110.62999725341797,2003300
2018-11-29,109.5,112.94999694824219,109.16999816894531,111.91000366210938,111.91000366210938,1518100
2018-11-30,111.38999938964844,112.19999694824219,108.9000015258789,109.66999816894531,109.66999816894531,2562100
2018-12-03,112.0,112.01000213623047,100.95999908447266,103.45999908447266,103.45999908447266,8217000
2018-12-04,104.37999725341797,106.51000213623047,100.5,101.69000244140625,101.69000244140625,3848800
2018-12-06,99.0,106.55000305175781,98.0,106.19999694824219,106.19999694824219,3470400
2018-12-07,105.23999786376953,108.18000030517578,101.70999908447266,102.66999816894531,102.66999816894531,2899900
2018-12-10,102.12000274658203,105.9000015258789,102.11000061035156,105.23999786376953,105.23999786376953,1812500
2018-12-11,107.45999908447266,107.91000366210938,104.58000183105469,105.41999816894531,105.41999816894531,3398100
2018-12-12,107.83000183105469,108.12999725341797,103.4800033569336,104.19000244140625,104.19000244140625,3947200
2018-12-13,105.08000183105469,106.58999633789062,102.91000366210938,105.9000015258789,105.9000015258789,2291300
2018-12-14,103.87000274658203,105.9000015258789,102.23999786376953,103.45999908447266,103.45999908447266,1762600
2018-12-17,102.5,105.87000274658203,100.44000244140625,102.19000244140625,102.19000244140625,1840500
2018-12-18,103.38999938964844,104.76000213623047,102.51000213623047,103.43000030517578,103.43000030517578,1367400
2018-12-19,102.87999725341797,107.18000030517578,102.12000274658203,103.05000305175781,103.05000305175781,1906300
2018-12-20,101.81999969482422,104.86000061035156,100.56999969482422,102.0999984741211,102.0999984741211,2230600
2018-12-21,102.4800033569336,104.72000122070312,99.91000366210938,101.37000274658203,101.37000274658203,3389700
2018-12-24,99.76000213623047,101.9000015258789,98.5,98.76000213623047,98.76000213623047,1305900
2018-12-26,99.9000015258789,104.70999908447266,99.63999938964844,104.62999725341797,104.62999725341797,2041200
2018-12-27,101.9800033569336,106.16000366210938,101.16999816894531,106.1500015258789,106.1500015258789,2067800
2018-12-28,107.18000030517578,107.3499984741211,103.51000213623047,104.56999969482422,104.56999969482422,1897500
2018-12-31,105.05999755859375,105.75,101.95999908447266,102.94000244140625,102.94000244140625,2169900
2019-01-02,100.23999786376953,104.5199966430664,99.04000091552734,104.01000213623047,104.01000213623047,1947400
2019-01-03,102.4000015258789,103.0,99.11000061035156,99.1500015258789,99.1500015258789,2301100
2019-01-04,101.12999725341797,103.76000213623047,99.66000366210938,101.69999694824219,101.69999694824219,3610800
2019-01-07,101.5,104.94000244140625,99.29000091552734,104.41000366210938,104.41000366210938,2501900
2019-01-08,106.20999908447266,109.44999694824219,105.25,107.91999816894531,107.91999816894531,2402200
2019-01-09,108.69999694824219,109.58000183105469,107.19000244140625,107.45999908447266,107.45999908447266,1765800
2019-01-10,106.62999725341797,110.43000030517578,106.19999694824219,110.0,110.0,1637200
2019-01-11,109.52999877929688,111.69000244140625,107.80000305175781,109.02999877929688,109.02999877929688,1840300
2019-01-14,108.29000091552734,108.5,104.37000274658203,104.9800033569336,104.9800033569336,4607700
2019-01-15,105.19999694824219,107.0,102.52999877929688,106.48999786376953,106.48999786376953,4232000
2019-01-16,106.80999755859375,107.5,104.58000183105469,105.93000030517578,105.93000030517578,2150800
2019-01-17,105.13999938964844,106.16000366210938,104.41999816894531,105.37000274658203,105.37000274658203,1602900
2019-01-18,106.6500015258789,108.66000366210938,106.31999969482422,108.26000213623047,108.26000213623047,2567200
2019-01-22,107.69000244140625,108.22000122070312,106.72000122070312,107.33000183105469,107.33000183105469,1534200
2019-01-23,107.86000061035156,108.12000274658203,99.72000122070312,99.80999755859375,99.80999755859375,3736200
2019-01-24,100.43000030517578,102.16000366210938,99.8499984741211,101.48999786376953,101.48999786376953,1874900
2019-01-25,102.5,104.5,101.0199966430664,103.69999694824219,103.69999694824219,1815900
2019-01-28,100.75,102.94000244140625,100.1500015258789,102.38999938964844,102.38999938964844,1599700
2019-01-29,102.51000213623047,102.63999938964844,98.5,100.80999755859375,100.80999755859375,1569700
2019-01-30,102.80999755859375,102.9800033569336,100.94999694824219,102.5999984741211,102.5999984741211,1369200
2019-01-31,102.91000366210938,106.37000274658203,102.77999877929688,105.55000305175781,105.55000305175781,1684000
2019-02-01,105.4000015258789,106.0,103.52999877929688,104.94999694824219,104.94999694824219,1545300
2019-02-04,105.91000366210938,107.41000366210938,105.45999908447266,106.30000305175781,106.30000305175781,1675000
2019-02-05,106.69000244140625,109.0,106.6500015258789,107.29000091552734,107.29000091552734,3601600
2019-02-06,96.76000213623047,99.81999969482422,91.48999786376953,92.52999877929688,92.52999877929688,18945000
2019-02-07,92.55999755859375,98.56999969482422,92.0,96.38999938964844,96.38999938964844,7948900
2019-02-08,95.4000015258789,97.23999786376953,94.37999725341797,97.13999938964844,97.13999938964844,4714400
2019-02-11,97.62999725341797,97.83000183105469,92.83999633789062,93.44000244140625,93.44000244140625,4459000
2019-02-12,90.8499984741211,90.97000122070312,86.9000015258789,89.25,89.25,10361800
2019-02-13,90.05000305175781,92.41000366210938,88.88999938964844,92.13999938964844,92.13999938964844,5514600
2019-02-14,91.62000274658203,94.29000091552734,90.6500015258789,93.27999877929688,93.27999877929688,3286400
2019-02-15,94.02999877929688,94.06999969482422,92.27999877929688,93.30000305175781,93.30000305175781,2401600
2019-02-19,93.08000183105469,93.75,91.83999633789062,93.2699966430664,93.2699966430664,1857100
2019-02-20,93.4800033569336,93.4800033569336,86.91000366210938,88.66999816894531,88.66999816894531,6564200
2019-02-21,88.76000213623047,89.01000213623047,87.01000213623047,87.58999633789062,87.58999633789062,2758800
2019-02-22,88.0,88.27999877929688,85.95999908447266,87.06999969482422,87.06999969482422,2436900
2019-02-25,87.5199966430664,87.7699966430664,85.56999969482422,87.29000091552734,87.29000091552734,2700700
2019-02-26,87.30000305175781,88.91000366210938,86.44000244140625,87.33999633789062,87.33999633789062,2040400
2019-02-27,87.12000274658203,88.5,84.41000366210938,84.62999725341797,84.62999725341797,3680800
2019-02-28,84.70999908447266,87.91999816894531,84.55999755859375,87.26000213623047,87.26000213623047,3722000
2019-03-01,87.70999908447266,88.91000366210938,86.93000030517578,88.31999969482422,88.31999969482422,2028100
2019-03-04,88.80000305175781,89.80000305175781,86.31999969482422,87.44000244140625,87.44000244140625,2110200
2019-03-05,87.72000122070312,87.72000122070312,86.22000122070312,87.37000274658203,87.37000274658203,1371600
2019-03-06,87.33000183105469,88.5199966430664,86.95999908447266,87.19999694824219,87.19999694824219,1342900
2019-03-07,86.94999694824219,88.55999755859375,86.16999816894531,88.41000366210938,88.41000366210938,1700400
2019-03-08,87.36000061035156,87.56999969482422,85.83000183105469,87.04000091552734,87.04000091552734,2370300
2019-03-11,87.55999755859375,90.04000091552734,87.2699966430664,89.80000305175781,89.80000305175781,2267500
2019-03-12,89.87999725341797,90.13999938964844,88.93000030517578,89.8499984741211,89.8499984741211,2329900
2019-03-13,90.16999816894531,96.33999633789062,89.54000091552734,96.02999877929688,96.02999877929688,7636700
2019-03-14,93.5999984741211,93.68000030517578,90.77999877929688,92.43000030517578,92.43000030517578,3808500
2019-03-15,92.31999969482422,94.62000274658203,92.31999969482422,93.55000305175781,93.55000305175781,2333600
2019-03-18,93.83000183105469,94.70999908447266,92.62000274658203,93.83000183105469,93.83000183105469,1831900
2019-03-19,94.63999938964844,96.8499984741211,94.47000122070312,95.79000091552734,95.79000091552734,2112300
2019-03-20,96.44999694824219,97.83999633789062,95.52999877929688,96.05999755859375,96.05999755859375,2457600
2019-03-21,95.6500015258789,99.80000305175781,95.5999984741211,99.11000061035156,99.11000061035156,2874400
2019-03-22,98.88999938964844,100.44000244140625,95.80000305175781,96.0199966430664,96.0199966430664,1850200
2019-03-25,95.87000274658203,96.36000061035156,94.51000213623047,96.02999877929688,96.02999877929688,1777800
2019-03-26,96.8499984741211,98.70999908447266,95.9000015258789,96.37000274658203,96.37000274658203,2134900
2019-03-27,96.41999816894531,96.55999755859375,93.77999877929688,94.48999786376953,94.48999786376953,1496600
2019-03-28,94.66000366210938,96.66999816894531,94.0999984741211,96.48999786376953,96.48999786376953,1325000
2019-03-29,96.94999694824219,97.55000305175781,94.05000305175781,94.37000274658203,94.37000274658203,2362700
2019-04-01,95.38999938964844,96.05999755859375,94.38999938964844,95.69000244140625,95.69000244140625,1779300
2019-04-02,96.08999633789062,97.81999969482422,94.7300033569336,97.66000366210938,97.66000366210938,2006200
2019-04-03,98.05000305175781,99.5199966430664,97.72000122070312,97.91000366210938,97.91000366210938,1308600
2019-04-04,97.56999969482422,97.7300033569336,92.93000030517578,93.69999694824219,93.69999694824219,3120100
2019-04-05,94.3499984741211,95.26000213623047,93.68000030517578,94.52999877929688,94.52999877929688,1907100
2019-04-08,94.4800033569336,94.55000305175781,91.4000015258789,94.29000091552734,94.29000091552734,1574700
2019-04-09,93.80000305175781,94.79000091552734,92.94000244140625,93.27999877929688,93.27999877929688,1393900
2019-04-10,93.37999725341797,95.37000274658203,93.37999725341797,95.33000183105469,95.33000183105469,1459700
2019-04-11,95.6500015258789,96.2300033569336,94.80000305175781,95.2699966430664,95.2699966430664,1182100
2019-04-12,95.77999877929688,95.77999877929688,94.0,94.11000061035156,94.11000061035156,1390500
2019-04-15,94.56999969482422,96.16999816894531,92.58000183105469,92.6500015258789,92.6500015258789,2003800
2019-04-16,93.0,93.06999969482422,89.62000274658203,90.94000244140625,90.94000244140625,2536100
2019-04-17,90.94000244140625,91.18000030517578,87.97000122070312,89.73999786376953,89.73999786376953,2313200
2019-04-18,90.44000244140625,91.2699966430664,89.43000030517578,90.73999786376953,90.73999786376953,1728300
2019-04-22,90.75,91.98999786376953,89.88999938964844,91.91999816894531,91.91999816894531,1562700
2019-04-23,92.25,94.23999786376953,92.0999984741211,93.29000091552734,93.29000091552734,1548600
2019-04-24,93.44000244140625,93.8499984741211,92.9000015258789,93.5999984741211,93.5999984741211,848600
2019-04-25,93.44000244140625,94.22000122070312,92.8499984741211,92.9000015258789,92.9000015258789,903500
2019-04-26,93.41000366210938,96.33999633789062,92.9800033569336,96.25,96.25,1442600
2019-04-29,96.94999694824219,98.37000274658203,96.77999877929688,97.1500015258789,97.1500015258789,2457800
2019-04-30,97.12000274658203,97.98999786376953,96.23999786376953,96.83000183105469,96.83000183105469,1344100
2019-05-01,98.94000244140625,100.33999633789062,98.56999969482422,99.05000305175781,99.05000305175781,2881500
2019-05-02,99.11000061035156,100.87999725341797,98.55999755859375,99.68000030517578,99.68000030517578,1523200
2019-05-03,100.0,102.37999725341797,98.44000244140625,101.62000274658203,101.62000274658203,1913800
2019-05-06,99.44999694824219,102.1500015258789,99.11000061035156,101.6500015258789,101.6500015258789,1562800
2019-05-07,100.70999908447266,101.43000030517578,98.86000061035156,99.87999725341797,99.87999725341797,1533100
2019-05-08,102.0999984741211,102.4000015258789,99.8499984741211,101.80999755859375,101.80999755859375,2577300
2019-05-09,100.70999908447266,102.9000015258789,99.22000122070312,102.12000274658203,102.12000274658203,1365400
2019-05-10,101.44000244140625,103.68000030517578,99.5999984741211,103.37999725341797,103.37999725341797,1708000
2019-05-13,101.19000244140625,102.02999877929688,99.30000305175781,100.01000213623047,100.01000213623047,4018500
2019-05-14,101.05000305175781,105.97000122070312,99.72000122070312,103.55000305175781,103.55000305175781,7835500
2019-05-15,102.91000366210938,109.44000244140625,102.05999755859375,107.4800033569336,107.4800033569336,3453400
2019-05-16,107.3499984741211,109.36000061035156,106.5,107.55000305175781,107.55000305175781,1663500
2019-05-17,106.73999786376953,108.48999786376953,106.0,106.66000366210938,106.66000366210938,1245100
2019-05-20,105.86000061035156,106.08000183105469,102.87000274658203,102.9800033569336,102.9800033569336,1840000
2019-05-21,103.1500015258789,104.0999984741211,101.75,103.75,103.75,2087600
2019-05-22,103.77999877929688,105.37999725341797,103.4800033569336,104.2300033569336,104.2300033569336,1612400
2019-05-23,103.18000030517578,104.76000213623047,102.55999755859375,104.37999725341797,104.37999725341797,1492000
2019-05-24,104.55000305175781,105.61000061035156,103.73999786376953,105.0199966430664,105.0199966430664,1196700
2019-05-28,105.73999786376953,107.48999786376953,105.16000366210938,106.54000091552734,106.54000091552734,1702800
2019-05-29,105.62999725341797,107.75,105.08999633789062,107.0,107.0,2261100
2019-05-30,107.0999984741211,107.70999908447266,106.08999633789062,106.98999786376953,106.98999786376953,1338100
2019-05-31,106.0,108.83000183105469,105.68000030517578,108.1500015258789,108.1500015258789,2018400
2019-06-03,106.98999786376953,108.26000213623047,105.5199966430664,105.94999694824219,105.94999694824219,2013300
2019-06-04,108.22000122070312,109.0,105.31999969482422,108.98999786376953,108.98999786376953,1972200
2019-06-05,110.0,111.70999908447266,108.69000244140625,111.55000305175781,111.55000305175781,1612900
2019-06-06,111.7300033569336,113.69999694824219,110.20999908447266,110.66999816894531,110.66999816894531,1548600
2019-06-07,111.66999816894531,112.62000274658203,110.9000015258789,111.6500015258789,111.6500015258789,1126000
2019-06-10,112.18000030517578,112.73999786376953,109.93000030517578,111.77999877929688,111.77999877929688,1095300
2019-06-11,112.20999908447266,112.81999969482422,109.70999908447266,110.29000091552734,110.29000091552734,955800
2019-06-12,111.0999984741211,111.12999725341797,108.43000030517578,108.70999908447266,108.70999908447266,1434300
2019-06-13,108.86000061035156,111.16000366210938,108.70999908447266,110.72000122070312,110.72000122070312,999000
2019-06-14,110.5,110.7699966430664,108.91999816894531,110.36000061035156,110.36000061035156,1074600
2019-06-17,109.91999816894531,112.0199966430664,109.5999984741211,110.29000091552734,110.29000091552734,1157400
2019-06-18,111.5,113.33999633789062,110.30999755859375,111.0199966430664,111.0199966430664,1257700
2019-06-19,110.73999786376953,111.36000061035156,108.19000244140625,111.0199966430664,111.0199966430664,1085100
2019-06-20,112.05000305175781,112.80999755859375,110.6500015258789,111.54000091552734,111.54000091552734,1003200
2019-06-21,111.37000274658203,112.94000244140625,111.13999938964844,112.63999938964844,112.63999938964844,1448000
2019-06-24,112.70999908447266,113.91000366210938,111.9000015258789,113.83000183105469,113.83000183105469,1205700
2019-06-25,113.94000244140625,114.5199966430664,112.05999755859375,112.80999755859375,112.80999755859375,1310100
2019-06-26,113.18000030517578,113.95999908447266,111.25,111.55000305175781,111.55000305175781,1359100
2019-06-27,112.0,113.98999786376953,111.76000213623047,113.38999938964844,113.38999938964844,1279100
2019-06-28,114.02999877929688,114.30000305175781,111.4800033569336,113.52999877929688,113.52999877929688,1551700
2019-07-01,115.0,116.38999938964844,113.2699966430664,115.95999908447266,115.95999908447266,1596600
2019-07-02,116.61000061035156,118.19000244140625,115.9800033569336,116.91000366210938,116.91000366210938,1214600
2019-07-03,116.73999786376953,118.48999786376953,116.5999984741211,118.06999969482422,118.06999969482422,1087300
2019-07-05,117.25,117.3499984741211,115.19999694824219,117.2300033569336,117.2300033569336,1108100
2019-07-08,116.80999755859375,116.8499984741211,113.2699966430664,114.75,114.75,1295500
2019-07-09,114.16999816894531,115.75,113.01000213623047,115.08999633789062,115.08999633789062,786500
2019-07-10,115.88999938964844,118.58000183105469,115.80000305175781,117.16000366210938,117.16000366210938,1019300
2019-07-11,115.80999755859375,116.61000061035156,113.7300033569336,116.52999877929688,116.52999877929688,1610600
2019-07-12,116.30999755859375,117.05999755859375,115.47000122070312,116.45999908447266,116.45999908447266,953100
2019-07-15,116.9000015258789,117.16000366210938,115.54000091552734,117.02999877929688,117.02999877929688,788000
2019-07-16,116.83000183105469,117.52999877929688,115.77999877929688,117.44999694824219,117.44999694824219,778400
2019-07-17,117.55000305175781,118.5999984741211,117.31999969482422,117.5999984741211,117.5999984741211,969800
2019-07-18,117.0,118.33999633789062,115.76000213623047,117.69999694824219,117.69999694824219,1042300
2019-07-19,118.45999908447266,118.91999816894531,115.91000366210938,116.05999755859375,116.05999755859375,738500
2019-07-22,116.66000366210938,117.44999694824219,116.0,116.66000366210938,116.66000366210938,841400
2019-07-23,117.37999725341797,118.19999694824219,115.97000122070312,118.11000061035156,118.11000061035156,814200
2019-07-24,117.51000213623047,119.18000030517578,116.54000091552734,118.9000015258789,118.9000015258789,946700
2019-07-25,119.0199966430664,119.91000366210938,117.7699966430664,119.25,119.25,773700
2019-07-26,120.2300033569336,123.45999908447266,119.6500015258789,121.77999877929688,121.77999877929688,2290600
2019-07-29,122.73999786376953,123.7300033569336,119.70999908447266,123.58999633789062,123.58999633789062,1606700
2019-07-30,121.9800033569336,123.73999786376953,120.8499984741211,123.19999694824219,123.19999694824219,1618400
2019-07-31,123.77999877929688,124.69999694824219,120.87000274658203,122.5199966430664,122.5199966430664,1318000
2019-08-01,121.62999725341797,125.54000091552734,121.26000213623047,122.0999984741211,122.0999984741211,1825100
2019-08-02,121.44000244140625,122.16000366210938,119.13999938964844,121.69000244140625,121.69000244140625,1410000
2019-08-05,119.01000213623047,119.86000061035156,112.2699966430664,115.37999725341797,115.37999725341797,4535900
2019-08-06,124.88999938964844,128.5,122.5,124.55999755859375,124.55999755859375,5323200
2019-08-07,123.02999877929688,130.0,122.9000015258789,129.39999389648438,129.39999389648438,2459300
2019-08-08,130.52000427246094,131.52999877929688,129.66000366210938,131.38999938964844,131.38999938964844,1527200
2019-08-09,131.1199951171875,131.5,127.18000030517578,128.8699951171875,128.8699951171875,1336800
2019-08-12,127.58000183105469,129.50999450683594,126.77999877929688,127.62000274658203,127.62000274658203,1364600
2019-08-13,126.88999938964844,129.36000061035156,125.5999984741211,127.52999877929688,127.52999877929688,1490200
2019-08-14,125.91999816894531,127.66000366210938,125.45999908447266,126.22000122070312,126.22000122070312,1731300
2019-08-15,126.5,127.41999816894531,125.52999877929688,126.16000366210938,126.16000366210938,1212100
2019-08-16,126.66999816894531,127.62000274658203,125.9000015258789,127.19999694824219,127.19999694824219,1488500
2019-08-19,129.25,130.97999572753906,128.61000061035156,129.86000061035156,129.86000061035156,1047500
2019-08-20,129.77000427246094,132.2100067138672,128.80999755859375,131.42999267578125,131.42999267578125,1142100
2019-08-21,132.8800048828125,135.6999969482422,131.13999938964844,134.2100067138672,134.2100067138672,1897600
2019-08-22,134.33999633789062,134.49000549316406,131.42999267578125,132.38999938964844,132.38999938964844,964000
2019-08-23,132.27999877929688,132.52999877929688,128.44000244140625,128.80999755859375,128.80999755859375,1406200
2019-08-26,129.7100067138672,130.55999755859375,128.08999633789062,130.49000549316406,130.49000549316406,1132100
2019-08-27,131.6699981689453,132.14999389648438,129.86000061035156,130.83999633789062,130.83999633789062,989800
2019-08-28,130.77999877929688,131.3699951171875,128.63999938964844,131.22000122070312,131.22000122070312,723300
2019-08-29,132.9499969482422,133.4600067138672,131.42999267578125,132.39999389648438,132.39999389648438,894300
2019-08-30,133.39999389648438,134.41000366210938,130.64999389648438,131.97000122070312,131.97000122070312,1116800
2019-09-03,130.9600067138672,132.67999267578125,130.74000549316406,131.66000366210938,131.66000366210938,1548900
2019-09-04,133.1999969482422,134.0,132.27999877929688,132.74000549316406,132.74000549316406,1101900
2019-09-05,134.3000030517578,134.74000549316406,129.94000244140625,131.35000610351562,131.35000610351562,1169800
2019-09-06,132.0399932861328,132.1300048828125,130.66000366210938,130.75999450683594,130.75999450683594,843300
2019-09-09,130.82000732421875,133.4199981689453,129.77999877929688,132.1699981689453,132.1699981689453,1396000
2019-09-10,130.97999572753906,132.25999450683594,126.86000061035156,128.39999389648438,128.39999389648438,1863500
2019-09-11,128.6199951171875,128.7899932861328,121.87999725341797,122.62000274658203,122.62000274658203,3296400
2019-09-12,124.37000274658203,127.80000305175781,124.37000274658203,126.23999786376953,126.23999786376953,2774200
2019-09-13,126.55000305175781,127.4000015258789,125.01000213623047,125.0999984741211,125.0999984741211,1920000
2019-09-16,124.19999694824219,129.5800018310547,123.8499984741211,128.6300048828125,128.6300048828125,1240600
2019-09-17,128.7100067138672,131.00999450683594,127.19999694824219,130.91000366210938,130.91000366210938,1351400
2019-09-18,130.72000122070312,131.36000061035156,126.97000122070312,129.75999450683594,129.75999450683594,1056200
2019-09-19,129.55999755859375,132.35000610351562,129.25999450683594,130.58999633789062,130.58999633789062,1118500
2019-09-20,131.57000732421875,132.0,129.3699951171875,130.55999755859375,130.55999755859375,1138000
2019-09-23,129.2100067138672,129.8000030517578,125.5,125.7300033569336,125.7300033569336,1925500
2019-09-24,126.12000274658203,126.69999694824219,124.1500015258789,125.08000183105469,125.08000183105469,1407400
2019-09-25,124.01000213623047,127.68000030517578,123.77999877929688,127.23999786376953,127.23999786376953,1134400
2019-09-26,127.1500015258789,128.55999755859375,126.54000091552734,126.7699966430664,126.7699966430664,695100
2019-09-27,127.08999633789062,127.41999816894531,122.62000274658203,123.97000122070312,123.97000122070312,916400
2019-09-30,123.95999908447266,125.9000015258789,122.81999969482422,125.33999633789062,125.33999633789062,811400
2019-10-01,125.19999694824219,125.9800033569336,122.44000244140625,122.91000366210938,122.91000366210938,1499000
2019-10-02,122.2699966430664,122.2699966430664,118.04000091552734,119.66000366210938,119.66000366210938,2132400
2019-10-03,119.66999816894531,121.01000213623047,118.02999877929688,120.5,120.5,1257500
2019-10-04,120.4000015258789,123.77999877929688,117.4000015258789,123.33000183105469,123.33000183105469,2199200
2019-10-07,122.9800033569336,123.76000213623047,121.66000366210938,122.98999786376953,122.98999786376953,762700
2019-10-08,119.8499984741211,120.80999755859375,117.2699966430664,119.44999694824219,119.44999694824219,1822700
2019-10-09,120.93000030517578,122.8499984741211,120.04000091552734,121.87000274658203,121.87000274658203,1328400
2019-10-10,121.30999755859375,122.52999877929688,120.29000091552734,122.4000015258789,122.4000015258789,1222400
2019-10-11,123.4000015258789,124.33999633789062,122.27999877929688,122.41999816894531,122.41999816894531,1189800
2019-10-14,122.36000061035156,122.51000213623047,121.01000213623047,121.16000366210938,121.16000366210938,926800
2019-10-15,121.94999694824219,124.08999633789062,121.69999694824219,123.94000244140625,123.94000244140625,1009600
2019-10-16,123.16999816894531,123.94999694824219,120.25,121.1500015258789,121.1500015258789,1310100
2019-10-17,122.30999755859375,123.91999816894531,121.87999725341797,122.73999786376953,122.73999786376953,763900
2019-10-18,122.83000183105469,123.18000030517578,120.94999694824219,122.7300033569336,122.7300033569336,901700
2019-10-21,123.16999816894531,123.87999725341797,121.4800033569336,123.0999984741211,123.0999984741211,872100
2019-10-22,123.87000274658203,124.43000030517578,121.7699966430664,121.98999786376953,121.98999786376953,1169000
2019-10-23,122.36000061035156,123.91000366210938,121.45999908447266,122.68000030517578,122.68000030517578,911400
2019-10-24,123.5999984741211,125.52999877929688,123.44999694824219,124.33999633789062,124.33999633789062,1142400
2019-10-25,124.37999725341797,125.58999633789062,123.41999816894531,125.33000183105469,125.33000183105469,647500
2019-10-28,125.80999755859375,126.3499984741211,122.55000305175781,122.77999877929688,122.77999877929688,1167300
2019-10-29,122.79000091552734,122.79000091552734,120.70999908447266,121.08999633789062,121.08999633789062,812200
2019-10-30,122.0199966430664,123.76000213623047,121.11000061035156,123.12999725341797,123.12999725341797,878200
2019-10-31,123.01000213623047,123.25,119.95999908447266,120.3499984741211,120.3499984741211,1226300
2019-11-01,121.27999877929688,121.73999786376953,116.80000305175781,116.9000015258789,116.9000015258789,1984400
2019-11-04,118.2699966430664,118.4000015258789,116.62000274658203,117.19999694824219,117.19999694824219,1692900
2019-11-05,117.98999786376953,118.4800033569336,116.22000122070312,117.25,117.25,1492300
2019-11-06,116.98999786376953,117.70999908447266,115.30999755859375,116.68000030517578,116.68000030517578,1491600
2019-11-07,117.86000061035156,118.41000366210938,115.44999694824219,116.91000366210938,116.91000366210938,2795800
2019-11-08,117.69000244140625,122.56999969482422,116.56999969482422,116.95999908447266,116.95999908447266,3429500
2019-11-11,115.98999786376953,119.91999816894531,115.37000274658203,119.6500015258789,119.6500015258789,1814200
2019-11-12,119.22000122070312,119.37999725341797,117.33000183105469,118.98999786376953,118.98999786376953,1622100
2019-11-13,119.55999755859375,120.88999938964844,118.63999938964844,120.2699966430664,120.2699966430664,1247400
2019-11-14,120.18000030517578,122.5,119.12000274658203,122.30000305175781,122.30000305175781,832900
2019-11-15,122.7699966430664,123.86000061035156,121.95999908447266,123.81999969482422,123.81999969482422,1105600
2019-11-18,123.51000213623047,124.02999877929688,122.36000061035156,123.1500015258789,123.1500015258789,1186900
2019-11-19,123.62000274658203,124.08999633789062,122.45999908447266,123.6500015258789,123.6500015258789,925500
2019-11-20,123.5,124.41000366210938,122.56999969482422,123.4000015258789,123.4000015258789,1359200
2019-11-21,123.06999969482422,123.87999725341797,122.01000213623047,122.54000091552734,122.54000091552734,964700
2019-11-22,122.19999694824219,122.61000061035156,117.80000305175781,119.4800033569336,119.4800033569336,1419500
2019-11-25,119.87999725341797,120.66999816894531,118.87999725341797,119.36000061035156,119.36000061035156,913500
2019-11-26,119.94000244140625,120.69999694824219,118.7300033569336,120.44000244140625,120.44000244140625,1291100
2019-11-27,120.97000122070312,121.7300033569336,119.66000366210938,121.58000183105469,121.58000183105469,717500
2019-11-29,121.62000274658203,122.88999938964844,120.73999786376953,121.3499984741211,121.3499984741211,400400
2019-12-02,121.58999633789062,121.72000122070312,119.33000183105469,120.7300033569336,120.7300033569336,1137400
2019-12-03,118.93000030517578,123.1500015258789,118.93000030517578,123.11000061035156,123.11000061035156,1688300
2019-12-04,123.94999694824219,124.12999725341797,121.70999908447266,121.95999908447266,121.95999908447266,907700
2019-12-05,121.7300033569336,124.05999755859375,121.13999938964844,123.97000122070312,123.97000122070312,985800
2019-12-06,123.75,124.94999694824219,122.8499984741211,123.7300033569336,123.7300033569336,1023700
2019-12-09,122.80000305175781,122.98999786376953,119.22000122070312,120.05999755859375,120.05999755859375,1621600
2019-12-10,120.77999877929688,122.52999877929688,119.51000213623047,122.29000091552734,122.29000091552734,1095800
2019-12-11,122.22000122070312,123.80000305175781,121.16999816894531,122.4000015258789,122.4000015258789,728700
2019-12-12,122.13999938964844,125.37999725341797,121.58999633789062,125.2699966430664,125.2699966430664,1517600
2019-12-13,125.16999816894531,125.16999816894531,121.7300033569336,121.81999969482422,121.81999969482422,1299600
2019-12-16,122.41000366210938,123.5,121.98999786376953,122.70999908447266,122.70999908447266,724500
2019-12-17,122.70999908447266,123.29000091552734,121.51000213623047,122.56999969482422,122.56999969482422,750900
2019-12-18,122.56999969482422,122.88999938964844,121.33999633789062,122.45999908447266,122.45999908447266,1449500
2019-12-19,122.91999816894531,122.94999694824219,120.91000366210938,121.81999969482422,121.81999969482422,1245000
2019-12-20,122.94999694824219,124.30000305175781,121.54000091552734,123.61000061035156,123.61000061035156,2133100
2019-12-23,123.7300033569336,124.23999786376953,122.08999633789062,122.12000274658203,122.12000274658203,818200
2019-12-24,122.58999633789062,124.16000366210938,122.0,123.93000030517578,123.93000030517578,857500
2019-12-26,123.55000305175781,124.33999633789062,123.0999984741211,123.98999786376953,123.98999786376953,839600
2019-12-27,124.44000244140625,124.86000061035156,122.8499984741211,124.47000122070312,124.47000122070312,543800
2019-12-30,124.47000122070312,124.47000122070312,122.19000244140625,122.3499984741211,122.3499984741211,587800
2019-12-31,122.25,122.79000091552734,121.4800033569336,122.43000030517578,122.43000030517578,613700
2020-01-02,123.52999877929688,123.9800033569336,121.4000015258789,122.08000183105469,122.08000183105469,1114200
2020-01-03,120.44000244140625,122.5,120.27999877929688,122.20999908447266,122.20999908447266,729100
2020-01-06,122.0199966430664,125.12999725341797,121.55000305175781,124.69000244140625,124.69000244140625,1678700
2020-01-07,124.58999633789062,126.47000122070312,123.66999816894531,125.51000213623047,125.51000213623047,1179300
2020-01-08,125.95999908447266,129.0,124.81999969482422,127.81999969482422,127.81999969482422,1665900
2020-01-09,128.72000122070312,129.5500030517578,127.4000015258789,128.02000427246094,128.02000427246094,804300
2020-01-10,127.69999694824219,128.52999877929688,126.63999938964844,126.76000213623047,126.76000213623047,864800
2020-01-13,126.91999816894531,128.57000732421875,125.18000030517578,128.4499969482422,128.4499969482422,1061100
2020-01-14,125.51000213623047,127.52999877929688,124.55999755859375,126.93000030517578,126.93000030517578,1768800
2020-01-15,127.08999633789062,128.00999450683594,126.05000305175781,126.61000061035156,126.61000061035156,592600
2020-01-16,126.8499984741211,127.70999908447266,126.27999877929688,127.63999938964844,127.63999938964844,1041300
2020-01-17,128.4199981689453,130.4199981689453,127.4000015258789,130.00999450683594,130.00999450683594,1948900
2020-01-21,129.07000732421875,130.97999572753906,127.47000122070312,130.38999938964844,130.38999938964844,1398100
2020-01-22,131.4499969482422,133.36000061035156,129.6999969482422,130.11000061035156,130.11000061035156,1023100
2020-01-23,130.44000244140625,130.8699951171875,128.6699981689453,129.07000732421875,129.07000732421875,980800
2020-01-24,128.0399932861328,128.1699981689453,125.16000366210938,125.27999877929688,125.27999877929688,1267800
2020-01-27,122.19000244140625,123.95999908447266,121.55000305175781,123.06999969482422,123.06999969482422,1368600
2020-01-28,123.11000061035156,126.69000244140625,123.11000061035156,125.97000122070312,125.97000122070312,1502300
2020-01-29,126.9800033569336,127.05000305175781,124.55000305175781,125.91000366210938,125.91000366210938,934700
2020-01-30,124.9800033569336,127.5999984741211,124.94000244140625,127.43000030517578,127.43000030517578,1033700
2020-01-31,126.4000015258789,126.88999938964844,124.2699966430664,124.63999938964844,124.63999938964844,1486200
2020-02-03,125.23999786376953,126.3499984741211,123.8499984741211,124.3499984741211,124.3499984741211,1119000
2020-02-04,126.30000305175781,127.73999786376953,124.80000305175781,126.93000030517578,126.93000030517578,1653600
2020-02-05,122.44999694824219,123.91999816894531,119.30999755859375,120.76000213623047,120.76000213623047,2982300
2020-02-06,121.05000305175781,128.0500030517578,121.05000305175781,127.73999786376953,127.73999786376953,3333700
2020-02-07,116.0,117.66000366210938,112.58000183105469,112.5999984741211,112.5999984741211,8808000
2020-02-10,112.5,112.5999984741211,109.08999633789062,111.0,111.0,4090400
2020-02-11,111.0,112.69000244140625,110.0,112.38999938964844,112.38999938964844,2411100
2020-02-12,112.52999877929688,115.27999877929688,112.01000213623047,114.0199966430664,114.0199966430664,3782300
2020-02-13,113.66000366210938,114.26000213623047,111.1500015258789,112.20999908447266,112.20999908447266,2093300
2020-02-14,112.58000183105469,114.26000213623047,111.7699966430664,113.43000030517578,113.43000030517578,1117900
2020-02-18,113.23999786376953,114.16999816894531,112.51000213623047,113.43000030517578,113.43000030517578,1231700
2020-02-19,114.0999984741211,114.76000213623047,113.47000122070312,113.54000091552734,113.54000091552734,1225800
2020-02-20,113.33999633789062,115.20999908447266,112.75,115.12999725341797,115.12999725341797,1612100
2020-02-21,114.69999694824219,116.58000183105469,114.04000091552734,116.02999877929688,116.02999877929688,2337300
2020-02-24,114.51000213623047,116.55000305175781,112.73999786376953,113.0199966430664,113.0199966430664,1960100
2020-02-25,113.5,114.44000244140625,110.58999633789062,110.97000122070312,110.97000122070312,2362500
2020-02-26,111.2300033569336,112.5,109.44999694824219,109.47000122070312,109.47000122070312,2561800
2020-02-27,107.55999755859375,111.95999908447266,106.22000122070312,107.83999633789062,107.83999633789062,2502800
2020-02-28,106.55999755859375,109.27999877929688,105.2699966430664,107.4800033569336,107.4800033569336,3384800
2020-03-02,108.58000183105469,112.12999725341797,107.91999816894531,112.05999755859375,112.05999755859375,2321900
2020-03-03,111.75,115.04000091552734,109.80999755859375,111.22000122070312,111.22000122070312,2073500
2020-03-04,113.44000244140625,119.79000091552734,113.44000244140625,119.41999816894531,119.41999816894531,2573300
2020-03-05,115.94999694824219,119.08000183105469,115.0999984741211,117.2699966430664,117.2699966430664,2289900
2020-03-06,113.69999694824219,118.70999908447266,113.47000122070312,117.69000244140625,117.69000244140625,2426100
2020-03-09,109.95999908447266,118.02999877929688,109.16999816894531,113.87999725341797,113.87999725341797,2388800
2020-03-10,118.5999984741211,118.87999725341797,113.30000305175781,118.75,118.75,2474300
2020-03-11,116.44000244140625,119.83000183105469,115.8499984741211,119.05000305175781,119.05000305175781,2212100
2020-03-12,112.0,116.7300033569336,108.3499984741211,108.36000061035156,108.36000061035156,3587500
2020-03-13,113.7699966430664,116.7300033569336,109.41999816894531,116.62000274658203,116.62000274658203,2637100
2020-03-16,105.83999633789062,115.16999816894531,104.94999694824219,108.01000213623047,108.01000213623047,2918800
2020-03-17,110.52999877929688,117.95999908447266,105.1500015258789,116.47000122070312,116.47000122070312,2956100
2020-03-18,111.6500015258789,120.5,101.80000305175781,106.62000274658203,106.62000274658203,4012600
2020-03-19,107.26000213623047,108.75,102.97000122070312,106.36000061035156,106.36000061035156,2358000
2020-03-20,108.5199966430664,110.13999938964844,100.0,100.1500015258789,100.1500015258789,4210900
2020-03-23,102.22000122070312,111.94000244140625,100.3499984741211,109.81999969482422,109.81999969482422,2892900
2020-03-24,114.08999633789062,117.48999786376953,108.38999938964844,112.22000122070312,112.22000122070312,2642000
2020-03-25,111.86000061035156,115.30000305175781,108.0,109.72000122070312,109.72000122070312,3034300
2020-03-26,110.25,115.58999633789062,108.61000061035156,115.25,115.25,2233700
2020-03-27,113.20999908447266,114.58000183105469,110.0,111.69999694824219,111.69999694824219,1880700
2020-03-30,113.87999725341797,119.88999938964844,112.88999938964844,118.51000213623047,118.51000213623047,3389300
2020-03-31,118.33999633789062,120.69999694824219,116.29000091552734,118.61000061035156,118.61000061035156,3100400
2020-04-01,115.5199966430664,123.91000366210938,114.66000366210938,116.33000183105469,116.33000183105469,3031100
2020-04-02,117.08999633789062,120.12000274658203,115.48999786376953,119.51000213623047,119.51000213623047,1725800
2020-04-03,119.33999633789062,121.5999984741211,117.7699966430664,118.48999786376953,118.48999786376953,1885000
2020-04-06,120.6500015258789,122.4800033569336,119.01000213623047,121.29000091552734,121.29000091552734,1626900
2020-04-07,123.43000030517578,123.69999694824219,117.19999694824219,120.05999755859375,120.05999755859375,2387000
2020-04-08,121.11000061035156,122.12000274658203,118.70999908447266,119.0999984741211,119.0999984741211,1706200
2020-04-09,119.5,121.23999786376953,118.41000366210938,119.4000015258789,119.4000015258789,1950000
2020-04-13,118.6500015258789,120.41000366210938,117.2699966430664,120.0,120.0,1641900
2020-04-14,124.26000213623047,125.66999816894531,122.69000244140625,122.77999877929688,122.77999877929688,3199800
2020-04-15,122.48999786376953,126.80000305175781,121.73999786376953,123.5,123.5,3584900
2020-04-16,124.36000061035156,127.2699966430664,122.81999969482422,126.81999969482422,126.81999969482422,4626500
2020-04-17,125.9800033569336,126.25,121.0,124.44000244140625,124.44000244140625,3703400
2020-04-20,124.23999786376953,125.66000366210938,123.11000061035156,125.3499984741211,125.3499984741211,1881800
2020-04-21,126.04000091552734,128.0800018310547,123.37999725341797,125.7300033569336,125.7300033569336,2502900
2020-04-22,126.69000244140625,128.05999755859375,123.45999908447266,127.44000244140625,127.44000244140625,1938000
2020-04-23,127.56999969482422,127.98999786376953,124.12000274658203,124.55000305175781,124.55000305175781,1485300
2020-04-24,125.44000244140625,127.9800033569336,124.6500015258789,127.87999725341797,127.87999725341797,1137800
2020-04-27,128.22000122070312,129.33999633789062,125.2699966430664,125.93000030517578,125.93000030517578,1236400
2020-04-28,125.45999908447266,125.66000366210938,120.41999816894531,120.51000213623047,120.51000213623047,1654600
2020-04-29,120.55000305175781,122.16999816894531,118.01000213623047,121.18000030517578,121.18000030517578,1492400
2020-04-30,120.94000244140625,122.05000305175781,119.37000274658203,121.05000305175781,121.05000305175781,1210200
2020-05-01,119.22000122070312,123.4800033569336,119.22000122070312,122.6500015258789,122.6500015258789,1428300
2020-05-04,123.61000061035156,125.70999908447266,122.86000061035156,124.91000366210938,124.91000366210938,1527500
2020-05-05,126.11000061035156,126.79000091552734,124.12999725341797,125.27999877929688,125.27999877929688,1578300
2020-05-06,126.56999969482422,128.86000061035156,125.61000061035156,127.7300033569336,127.7300033569336,1363300
2020-05-07,128.8800048828125,130.5500030517578,128.00999450683594,128.77999877929688,128.77999877929688,1442200
2020-05-08,129.3699951171875,130.77999877929688,127.69999694824219,129.85000610351562,129.85000610351562,1314400
2020-05-11,130.0,134.8000030517578,129.66000366210938,132.58999633789062,132.58999633789062,2106600
2020-05-12,133.3699951171875,135.02000427246094,131.30999755859375,131.6199951171875,131.6199951171875,1448000
2020-05-13,132.1999969482422,133.88999938964844,129.5800018310547,131.3800048828125,131.3800048828125,1517700
2020-05-14,130.94000244140625,131.63999938964844,128.55999755859375,131.52999877929688,131.52999877929688,1165200
2020-05-15,129.7100067138672,133.5399932861328,129.5,132.5399932861328,132.5399932861328,1749300
2020-05-18,133.25,135.94000244140625,130.25,135.52999877929688,135.52999877929688,2692500
2020-05-19,136.33999633789062,143.22000122070312,136.33999633789062,142.24000549316406,142.24000549316406,3227000
2020-05-20,143.83999633789062,149.27999877929688,143.82000732421875,146.83999633789062,146.83999633789062,7065900
2020-05-21,142.13999938964844,147.75,137.1300048828125,138.19000244140625,138.19000244140625,7409600
2020-05-22,139.64999389648438,141.5,138.6300048828125,140.50999450683594,140.50999450683594,2233800
2020-05-26,142.44000244140625,142.75,129.80999755859375,130.1999969482422,130.1999969482422,5916700
2020-05-27,130.44000244140625,134.6999969482422,126.55999755859375,134.52000427246094,134.52000427246094,5231800
2020-05-28,133.9199981689453,136.5500030517578,133.57000732421875,134.07000732421875,134.07000732421875,2346900
2020-05-29,135.02999877929688,137.22999572753906,132.7100067138672,136.1699981689453,136.1699981689453,4593600
2020-06-01,135.6199951171875,136.58999633789062,134.25,136.22000122070312,136.22000122070312,1932800
2020-06-02,135.0399932861328,135.75999450683594,132.33999633789062,134.60000610351562,134.60000610351562,1801200
2020-06-03,134.0,134.00999450683594,128.25999450683594,129.3000030517578,129.3000030517578,3076100
2020-06-04,129.11000061035156,130.2899932861328,125.77999877929688,127.58999633789062,127.58999633789062,2647000
2020-06-05,125.26000213623047,129.00999450683594,124.86000061035156,128.91000366210938,128.91000366210938,3318000
2020-06-08,127.23999786376953,134.97999572753906,125.77999877929688,134.8000030517578,134.8000030517578,2954800
2020-06-09,134.97000122070312,136.9499969482422,132.52999877929688,134.41000366210938,134.41000366210938,1702200
2020-06-10,135.6999969482422,139.4199981689453,135.19000244140625,137.30999755859375,137.30999755859375,2133100
2020-06-11,137.1199951171875,138.0800018310547,134.05999755859375,134.9199981689453,134.9199981689453,1922300
2020-06-12,137.58999633789062,137.80999755859375,130.99000549316406,134.0,134.0,2586200
2020-06-15,134.13999938964844,137.94000244140625,133.8800048828125,137.14999389648438,137.14999389648438,2109400
2020-06-16,137.9199981689453,138.69000244140625,135.07000732421875,135.6699981689453,135.6699981689453,1408100
2020-06-17,136.16000366210938,139.83999633789062,136.16000366210938,138.9199981689453,138.9199981689453,2006800
2020-06-18,139.75999450683594,141.6300048828125,139.0,141.25,141.25,1108100
2020-06-19,142.32000732421875,142.9499969482422,139.4600067138672,142.61000061035156,142.61000061035156,2896700
2020-06-22,141.97999572753906,143.1999969482422,139.94000244140625,141.13999938964844,141.13999938964844,1587500
2020-06-23,141.6999969482422,145.4199981689453,141.5800018310547,143.3699951171875,143.3699951171875,1283000
2020-06-24,142.8699951171875,143.44000244140625,137.39999389648438,139.8699951171875,139.8699951171875,1479800
2020-06-25,140.58999633789062,140.75999450683594,137.30999755859375,140.39999389648438,140.39999389648438,1282100
2020-06-26,140.5,141.94000244140625,137.5399932861328,141.17999267578125,141.17999267578125,3061300
2020-06-29,141.92999267578125,142.00999450683594,136.80999755859375,137.7899932861328,137.7899932861328,1555300
2020-06-30,138.3699951171875,140.77999877929688,138.1300048828125,139.57000732421875,139.57000732421875,3111500
2020-07-01,138.39999389648438,144.55999755859375,137.5,144.11000061035156,144.11000061035156,2025400
2020-07-02,145.00999450683594,146.08999633789062,143.50999450683594,144.39999389648438,144.39999389648438,1578700
2020-07-06,145.0,147.8000030517578,144.33999633789062,145.67999267578125,145.67999267578125,2321300
2020-07-07,146.0500030517578,149.8699951171875,145.67999267578125,147.27000427246094,147.27000427246094,1680200
2020-07-08,148.74000549316406,148.75,145.47999572753906,147.82000732421875,147.82000732421875,1557100
2020-07-09,149.0,151.32000732421875,148.24000549316406,150.75999450683594,150.75999450683594,1151600
2020-07-10,150.85000610351562,154.8800048828125,150.22999572753906,153.91000366210938,153.91000366210938,1313400
2020-07-13,154.4600067138672,155.99000549316406,146.14999389648438,146.82000732421875,146.82000732421875,1671500
2020-07-14,145.50999450683594,151.27999877929688,144.13999938964844,151.0500030517578,151.0500030517578,1284200
2020-07-15,150.02000427246094,152.0500030517578,147.9499969482422,151.27999877929688,151.27999877929688,1499600
2020-07-16,150.52000427246094,151.1699981689453,148.1199951171875,150.30999755859375,150.30999755859375,786400
2020-07-17,150.67999267578125,151.13999938964844,148.7100067138672,150.5800018310547,150.5800018310547,1055400
2020-07-20,151.13999938964844,155.2100067138672,150.8800048828125,154.6999969482422,154.6999969482422,846500
2020-07-21,155.6300048828125,156.32000732421875,152.4499969482422,153.05999755859375,153.05999755859375,850800
2020-07-22,153.5800018310547,155.47999572753906,153.08999633789062,154.0500030517578,154.0500030517578,717800
2020-07-23,155.50999450683594,155.8800048828125,151.02000427246094,151.47999572753906,151.47999572753906,895800
2020-07-24,150.0399932861328,156.67999267578125,148.8800048828125,156.02000427246094,156.02000427246094,1641900
2020-07-27,157.16000366210938,160.25999450683594,156.6699981689453,159.24000549316406,159.24000549316406,1144100
2020-07-28,158.11000061035156,158.94000244140625,156.02000427246094,156.41000366210938,156.41000366210938,732500
2020-07-29,157.55999755859375,159.24000549316406,156.86000061035156,157.82000732421875,157.82000732421875,686600
2020-07-30,156.72000122070312,160.5500030517578,155.9199981689453,159.55999755859375,159.55999755859375,954800
2020-07-31,163.9199981689453,164.11000061035156,160.07000732421875,164.02000427246094,164.02000427246094,1762400
2020-08-03,165.63999938964844,169.19000244140625,164.25,167.69000244140625,167.69000244140625,3615000
2020-08-04,175.69000244140625,180.61000061035156,172.05999755859375,177.52000427246094,177.52000427246094,4555500
2020-08-05,175.6199951171875,177.05999755859375,171.33999633789062,176.02000427246094,176.02000427246094,1646300
2020-08-06,176.30999755859375,177.88999938964844,174.11000061035156,177.33999633789062,177.33999633789062,1153200
2020-08-07,175.32000732421875,176.5500030517578,171.64999389648438,174.9600067138672,174.9600067138672,1280300
2020-08-10,175.10000610351562,175.5,171.8699951171875,174.72999572753906,174.72999572753906,1011700
2020-08-11,173.75999450683594,173.75999450683594,165.33999633789062,167.11000061035156,167.11000061035156,1829900
2020-08-12,167.02000427246094,170.25999450683594,166.13999938964844,168.11000061035156,168.11000061035156,1233900
2020-08-13,169.22000122070312,172.47999572753906,169.1300048828125,171.27999877929688,171.27999877929688,784900
2020-08-14,173.25999450683594,175.52000427246094,172.2100067138672,173.41000366210938,173.41000366210938,1085800
2020-08-17,175.72000122070312,175.86000061035156,173.80999755859375,175.2100067138672,175.2100067138672,641800
2020-08-18,175.6999969482422,177.52999877929688,173.52000427246094,176.97999572753906,176.97999572753906,828000
2020-08-19,175.83999633789062,176.86000061035156,171.5500030517578,172.6300048828125,172.6300048828125,1416200
2020-08-20,172.0,175.50999450683594,172.0,174.42999267578125,174.42999267578125,1148900
2020-08-21,175.0500030517578,175.0500030517578,171.83999633789062,173.13999938964844,173.13999938964844,1093200
2020-08-24,173.13999938964844,174.72000122070312,170.55999755859375,172.5500030517578,172.5500030517578,916200
2020-08-25,171.99000549316406,173.92999267578125,170.72000122070312,173.02000427246094,173.02000427246094,700600
2020-08-26,173.3000030517578,175.5800018310547,172.6999969482422,175.38999938964844,175.38999938964844,892900
2020-08-27,175.1199951171875,175.60000610351562,171.1699981689453,172.6699981689453,172.6699981689453,1591300
2020-08-28,173.1300048828125,174.07000732421875,170.4600067138672,171.05999755859375,171.05999755859375,858300
2020-08-31,170.67999267578125,172.85000610351562,169.57000732421875,171.19000244140625,171.19000244140625,918500
2020-09-01,171.77999877929688,174.13999938964844,171.0500030517578,172.5,172.5,913400
2020-09-02,172.9600067138672,174.16000366210938,170.25999450683594,172.8300018310547,172.8300018310547,1296200
2020-09-03,171.50999450683594,171.8000030517578,164.52000427246094,166.60000610351562,166.60000610351562,1512000
2020-09-04,163.9600067138672,165.57000732421875,157.24000549316406,161.7100067138672,161.7100067138672,1507800
2020-09-08,157.05999755859375,159.6300048828125,153.3000030517578,156.22000122070312,156.22000122070312,2165600
2020-09-09,159.66000366210938,160.36000061035156,156.1199951171875,158.58999633789062,158.58999633789062,1457400
2020-09-10,158.5,161.36000061035156,153.61000061035156,154.32000732421875,154.32000732421875,1137500
2020-09-11,156.80999755859375,156.80999755859375,151.6300048828125,153.52999877929688,153.52999877929688,1176600
2020-09-14,155.19000244140625,157.64999389648438,154.32000732421875,156.47999572753906,156.47999572753906,1022000
2020-09-15,157.52999877929688,161.41000366210938,157.32000732421875,160.58999633789062,160.58999633789062,1071100
2020-09-16,160.86000061035156,162.97999572753906,156.49000549316406,157.07000732421875,157.07000732421875,1052400
2020-09-17,153.58999633789062,159.47000122070312,153.58999633789062,159.4499969482422,159.4499969482422,1310400
2020-09-18,161.02999877929688,161.25,157.3699951171875,158.49000549316406,158.49000549316406,1892400
2020-09-21,157.05999755859375,164.72999572753906,157.00999450683594,164.33999633789062,164.33999633789062,1508700
2020-09-22,166.25,166.86000061035156,161.36000061035156,166.22000122070312,166.22000122070312,1053400
2020-09-23,165.5800018310547,166.30999755859375,161.88999938964844,162.30999755859375,162.30999755859375,996600
2020-09-24,160.27000427246094,165.92999267578125,160.27000427246094,163.2899932861328,163.2899932861328,768000
2020-09-25,162.57000732421875,166.47000122070312,161.5,165.77999877929688,165.77999877929688,829800
2020-09-28,167.3699951171875,167.9499969482422,164.82000732421875,167.4600067138672,167.4600067138672,979100
2020-09-29,166.60000610351562,167.35000610351562,163.91000366210938,164.33999633789062,164.33999633789062,1216300
2020-09-30,164.7899932861328,166.25,162.80999755859375,165.22000122070312,165.22000122070312,929100
2020-10-01,166.47999572753906,168.02999877929688,165.67999267578125,166.11000061035156,166.11000061035156,1047400
2020-10-02,162.6199951171875,164.1999969482422,157.82000732421875,160.14999389648438,160.14999389648438,1255800
2020-10-05,161.92999267578125,164.9600067138672,161.17999267578125,164.75999450683594,164.75999450683594,853600
2020-10-06,164.89999389648438,167.0,161.39999389648438,162.1999969482422,162.1999969482422,1064400
2020-10-07,162.55999755859375,163.52999877929688,159.49000549316406,160.9600067138672,160.9600067138672,984800
2020-10-08,162.4600067138672,162.9199981689453,159.07000732421875,160.4199981689453,160.4199981689453,904800
2020-10-09,161.1300048828125,162.6999969482422,160.75999450683594,161.63999938964844,161.63999938964844,611900
2020-10-12,164.94000244140625,168.27000427246094,163.92999267578125,167.13999938964844,167.13999938964844,1784900
2020-10-13,167.27999877929688,170.1199951171875,164.66000366210938,169.16000366210938,169.16000366210938,1368900
2020-10-14,170.41000366210938,170.99000549316406,166.3000030517578,168.94000244140625,168.94000244140625,1123700
2020-10-15,166.35000610351562,168.5,165.0500030517578,168.02999877929688,168.02999877929688,881400
2020-10-16,169.0,170.8000030517578,167.83999633789062,168.22000122070312,168.22000122070312,2043700
2020-10-19,170.52000427246094,172.0,164.4199981689453,165.52999877929688,165.52999877929688,1005400
2020-10-20,166.6999969482422,167.11000061035156,164.02999877929688,164.44000244140625,164.44000244140625,1003100
2020-10-21,165.75,166.61000061035156,163.50999450683594,164.5500030517578,164.5500030517578,782500
2020-10-22,164.27999877929688,164.5500030517578,159.47999572753906,163.2899932861328,163.2899932861328,1387000
2020-10-23,164.2899932861328,164.75,161.80999755859375,164.42999267578125,164.42999267578125,646200
2020-10-26,163.9600067138672,166.66000366210938,162.02999877929688,165.0500030517578,165.0500030517578,830000
2020-10-27,166.3000030517578,167.88999938964844,165.14999389648438,167.36000061035156,167.36000061035156,722200
2020-10-28,165.97999572753906,166.75999450683594,163.52999877929688,164.38999938964844,164.38999938964844,845300
2020-10-29,164.66000366210938,165.61000061035156,160.5,162.77000427246094,162.77000427246094,1257400
2020-10-30,162.4600067138672,162.77000427246094,153.94000244140625,154.9199981689453,154.9199981689453,1678700
2020-11-02,156.83999633789062,157.11000061035156,151.0,154.02999877929688,154.02999877929688,1127000
2020-11-03,154.77999877929688,160.19000244140625,154.1999969482422,158.8800048828125,158.8800048828125,1163300
2020-11-04,161.6300048828125,166.58999633789062,161.19000244140625,163.72000122070312,163.72000122070312,1301300
2020-11-05,167.10000610351562,171.5399932861328,164.64999389648438,168.67999267578125,168.67999267578125,2131000
2020-11-06,172.77999877929688,179.4600067138672,164.24000549316406,175.19000244140625,175.19000244140625,3182000
2020-11-09,169.5,169.83999633789062,156.16000366210938,159.99000549316406,159.99000549316406,3189300
2020-11-10,157.75999450683594,157.97999572753906,152.8800048828125,154.88999938964844,154.88999938964844,3032000
2020-11-11,157.2100067138672,161.80999755859375,156.50999450683594,161.57000732421875,161.57000732421875,1534700
2020-11-12,162.1999969482422,163.99000549316406,159.5800018310547,160.22000122070312,160.22000122070312,1410800
2020-11-13,160.1999969482422,162.88999938964844,159.39999389648438,161.8300018310547,161.8300018310547,1148600
2020-11-16,161.35000610351562,162.64999389648438,159.55999755859375,162.38999938964844,162.38999938964844,1047000
2020-11-17,162.35000610351562,164.9499969482422,161.7899932861328,162.1999969482422,162.1999969482422,946300
2020-11-18,161.8800048828125,163.32000732421875,159.83999633789062,161.55999755859375,161.55999755859375,985500
2020-11-19,160.1999969482422,168.07000732421875,159.5500030517578,165.5800018310547,165.5800018310547,1688300
2020-11-20,165.99000549316406,172.52999877929688,165.22999572753906,170.0500030517578,170.0500030517578,1455300
2020-11-23,170.0500030517578,171.58999633789062,166.88999938964844,171.19000244140625,171.19000244140625,1138100
2020-11-24,171.10000610351562,171.27000427246094,167.2899932861328,169.8300018310547,169.8300018310547,1222100
2020-11-25,170.5500030517578,174.44000244140625,170.5500030517578,173.97999572753906,173.97999572753906,889200
2020-11-27,175.8699951171875,177.94000244140625,174.35000610351562,176.41000366210938,176.41000366210938,615100
2020-11-30,176.77999877929688,181.7100067138672,175.13999938964844,180.50999450683594,180.50999450683594,2667000
2020-12-01,181.5,181.5,175.25,180.05999755859375,180.05999755859375,1151200
2020-12-02,178.9499969482422,181.47999572753906,177.7899932861328,181.3000030517578,181.3000030517578,703000
2020-12-03,181.3300018310547,184.42999267578125,180.22000122070312,180.75999450683594,180.75999450683594,950900
2020-12-04,180.10000610351562,181.64999389648438,178.88999938964844,180.72999572753906,180.72999572753906,1126600
2020-12-07,181.3800048828125,184.6999969482422,180.77000427246094,183.38999938964844,183.38999938964844,1335600
2020-12-08,184.41000366210938,186.72999572753906,182.44000244140625,183.60000610351562,183.60000610351562,1784900
2020-12-09,181.25,185.13999938964844,181.0,183.67999267578125,183.67999267578125,1305800
2020-12-10,182.8300018310547,188.5399932861328,182.35000610351562,187.82000732421875,187.82000732421875,1507500
2020-12-11,188.19000244140625,191.0,186.83999633789062,190.2100067138672,190.2100067138672,1585800
2020-12-14,193.3800048828125,203.69000244140625,193.0,195.1999969482422,195.1999969482422,3660300
2020-12-15,195.99000549316406,197.19000244140625,193.6300048828125,194.6999969482422,194.6999969482422,2440200
2020-12-16,194.5399932861328,197.8800048828125,193.75,195.1199951171875,195.1199951171875,2920400
2020-12-17,197.00999450683594,197.4499969482422,191.75999450683594,197.39999389648438,197.39999389648438,2128400
2020-12-18,197.99000549316406,205.83999633789062,197.39999389648438,203.38999938964844,203.38999938964844,5178300
2020-12-21,203.9600067138672,204.4199981689453,198.27999877929688,201.77000427246094,201.77000427246094,1087700
2020-12-22,202.74000549316406,204.16000366210938,200.5800018310547,201.86000061035156,201.86000061035156,706000
2020-12-23,202.8000030517578,203.44000244140625,199.92999267578125,201.82000732421875,201.82000732421875,684500
2020-12-24,202.47000122070312,204.44000244140625,201.49000549316406,202.5,202.5,211600
2020-12-28,204.7899932861328,204.7899932861328,200.5500030517578,201.1199951171875,201.1199951171875,631500
2020-12-29,202.14999389648438,204.86000061035156,200.94000244140625,202.4499969482422,202.4499969482422,879200
2020-12-30,203.97999572753906,209.25999450683594,202.1699981689453,206.35000610351562,206.35000610351562,1524100
2020-12-31,207.0,207.97999572753906,206.05999755859375,207.7899932861328,207.7899932861328,643900
2021-01-04,208.6699981689453,208.6699981689453,199.0399932861328,201.85000610351562,201.85000610351562,1849900
2021-01-05,202.11000061035156,205.0800018310547,200.1199951171875,204.74000549316406,204.74000549316406,878000
2021-01-06,202.4499969482422,206.63999938964844,199.89999389648438,201.52999877929688,201.52999877929688,1140400
2021-01-07,204.38999938964844,208.61000061035156,203.1999969482422,208.00999450683594,208.00999450683594,944200
2021-01-08,209.07000732421875,211.44000244140625,207.6300048828125,210.42999267578125,210.42999267578125,899700
2021-01-11,208.47999572753906,209.1300048828125,206.0800018310547,206.5399932861328,206.5399932861328,839800
2021-01-12,206.82000732421875,207.1300048828125,198.86000061035156,199.14999389648438,199.14999389648438,1596700
2021-01-13,198.4499969482422,202.38999938964844,197.0,199.5,199.5,1281400
2021-01-14,199.16000366210938,201.35000610351562,194.52999877929688,195.47000122070312,195.47000122070312,1407800
2021-01-15,195.6999969482422,197.9499969482422,191.80999755859375,196.27999877929688,196.27999877929688,1688200
2021-01-19,195.85000610351562,200.02999877929688,195.25,198.72999572753906,198.72999572753906,1678900
2021-01-20,201.02999877929688,207.3699951171875,199.83999633789062,207.0500030517578,207.0500030517578,1727100
2021-01-21,207.42999267578125,208.72000122070312,203.4199981689453,205.55999755859375,205.55999755859375,890000
2021-01-22,204.9199981689453,206.6999969482422,202.7899932861328,204.66000366210938,204.66000366210938,906600
2021-01-25,207.77000427246094,208.7100067138672,201.6699981689453,203.99000549316406,203.99000549316406,787400
2021-01-26,203.77000427246094,204.0800018310547,199.2899932861328,199.77999877929688,199.77999877929688,856000
2021-01-27,200.27999877929688,201.07000732421875,193.75,195.3800048828125,195.3800048828125,1284900
2021-01-28,195.47999572753906,203.0,195.47999572753906,200.3000030517578,200.3000030517578,1160800
2021-01-29,198.83999633789062,204.24000549316406,198.61000061035156,200.4499969482422,200.4499969482422,1000100
2021-02-01,201.7899932861328,203.91000366210938,198.9499969482422,200.94000244140625,200.94000244140625,1067900
2021-02-02,203.5399932861328,208.14999389648438,201.30999755859375,207.11000061035156,207.11000061035156,1122300
2021-02-03,207.5500030517578,207.6699981689453,201.8000030517578,202.39999389648438,202.39999389648438,867000
2021-02-04,202.7100067138672,205.55999755859375,200.75,201.49000549316406,201.49000549316406,813200
2021-02-05,206.27000427246094,211.39999389648438,205.61000061035156,207.49000549316406,207.49000549316406,1586600
2021-02-08,210.47999572753906,214.91000366210938,209.44000244140625,213.33999633789062,213.33999633789062,3019400
2021-02-09,202.69000244140625,203.86000061035156,197.64999389648438,200.30999755859375,200.30999755859375,5866000
2021-02-10,202.50999450683594,203.75,198.5,199.82000732421875,199.82000732421875,2599400
2021-02-11,201.69000244140625,201.72999572753906,196.0,197.1199951171875,197.1199951171875,1443000
2021-02-12,196.5,200.27999877929688,194.72000122070312,199.86000061035156,199.86000061035156,1264800
2021-02-16,200.72999572753906,201.0,194.4499969482422,195.7899932861328,195.7899932861328,1534200
2021-02-17,194.6300048828125,196.1699981689453,191.10000610351562,195.92999267578125,195.92999267578125,1066800
2021-02-18,192.63999938964844,196.77000427246094,192.55999755859375,196.22999572753906,196.22999572753906,808700
2021-02-19,197.9499969482422,198.1300048828125,193.77000427246094,194.86000061035156,194.86000061035156,1087800
2021-02-22,191.6199951171875,195.39999389648438,189.52000427246094,189.85000610351562,189.85000610351562,1705400
2021-02-23,184.0500030517578,187.13999938964844,181.11000061035156,185.9499969482422,185.9499969482422,2062400
2021-02-24,184.8000030517578,187.42999267578125,182.3800048828125,186.99000549316406,186.99000549316406,1218900
2021-02-25,186.38999938964844,188.5,181.92999267578125,184.67999267578125,184.67999267578125,1217400
2021-02-26,185.3800048828125,186.99000549316406,182.3800048828125,184.4600067138672,184.4600067138672,1476400
2021-03-01,186.0,188.1999969482422,185.1699981689453,187.4499969482422,187.4499969482422,671300
2021-03-02,188.4499969482422,190.80999755859375,186.30999755859375,188.1699981689453,188.1699981689453,1086900
2021-03-03,188.1999969482422,188.1999969482422,179.11000061035156,180.14999389648438,180.14999389648438,1178200
2021-03-04,178.97999572753906,180.72000122070312,170.27999877929688,174.02999877929688,174.02999877929688,1624900
2021-03-05,173.27999877929688,173.83999633789062,168.33999633789062,170.80999755859375,170.80999755859375,2226400
2021-03-08,170.17999267578125,171.2100067138672,161.3300018310547,161.6199951171875,161.6199951171875,2608600
2021-03-09,169.0,169.89999389648438,166.6699981689453,168.57000732421875,168.57000732421875,1972300
2021-03-10,170.33999633789062,171.39999389648438,163.0,164.82000732421875,164.82000732421875,1194600
2021-03-11,168.94000244140625,171.52000427246094,167.8000030517578,170.61000061035156,170.61000061035156,1021800
2021-03-12,169.13999938964844,170.63999938964844,166.38999938964844,170.25,170.25,642100
2021-03-15,171.77000427246094,171.77000427246094,167.9199981689453,169.1699981689453,169.1699981689453,827700
2021-03-16,172.0,174.52000427246094,169.75,173.00999450683594,173.00999450683594,1716600
2021-03-17,171.4499969482422,171.80999755859375,165.5,168.91000366210938,168.91000366210938,1611700
2021-03-18,167.88999938964844,170.4199981689453,166.55999755859375,167.22000122070312,167.22000122070312,2264300
2021-03-19,169.1699981689453,171.49000549316406,168.0800018310547,169.74000549316406,169.74000549316406,1804500
2021-03-22,171.2899932861328,173.39999389648438,170.8699951171875,171.8800048828125,171.8800048828125,1127400
2021-03-23,172.3300018310547,177.0800018310547,171.55999755859375,173.85000610351562,173.85000610351562,1622700
2021-03-24,174.49000549316406,174.49000549316406,169.3300018310547,170.25999450683594,170.25999450683594,1126400
2021-03-25,169.58999633789062,170.49000549316406,167.11000061035156,169.7899932861328,169.7899932861328,806000
2021-03-26,169.2100067138672,174.38999938964844,168.75999450683594,174.2899932861328,174.2899932861328,1066000
2021-03-29,173.1199951171875,177.47999572753906,172.80999755859375,176.2899932861328,176.2899932861328,1208600
2021-03-30,176.1699981689453,177.3699951171875,174.86000061035156,177.08999633789062,177.08999633789062,2053200
2021-03-31,177.38999938964844,178.49000549316406,176.50999450683594,176.6999969482422,176.6999969482422,1134100
2021-04-01,177.72999572753906,180.42999267578125,177.67999267578125,180.14999389648438,180.14999389648438,1211600
2021-04-05,180.58999633789062,184.33999633789062,178.77000427246094,183.3800048828125,183.3800048828125,1330100
2021-04-06,183.30999755859375,185.2899932861328,182.77999877929688,184.0,184.0,1198100
2021-04-07,184.0800018310547,185.05999755859375,182.50999450683594,183.64999389648438,183.64999389648438,875800
2021-04-08,185.75999450683594,186.2100067138672,182.1300048828125,183.60000610351562,183.60000610351562,1020300
2021-04-09,183.57000732421875,184.47999572753906,180.5500030517578,184.02000427246094,184.02000427246094,850900
2021-04-12,182.35000610351562,182.9499969482422,180.6999969482422,182.75999450683594,182.75999450683594,861700
2021-04-13,184.3699951171875,185.6300048828125,181.63999938964844,182.66000366210938,182.66000366210938,1041800
2021-04-14,183.6300048828125,184.8300018310547,180.7899932861328,181.44000244140625,181.44000244140625,841200
2021-04-15,181.11000061035156,183.2100067138672,180.5,182.5,182.5,857000
2021-04-16,182.75,182.75,177.6699981689453,178.8000030517578,178.8000030517578,1137200
2021-04-19,178.25,179.50999450683594,176.11000061035156,177.91000366210938,177.91000366210938,873700
2021-04-20,178.57000732421875,178.57000732421875,175.89999389648438,177.89999389648438,177.89999389648438,865100
2021-04-21,176.61000061035156,177.17999267578125,174.0500030517578,176.4499969482422,176.4499969482422,1269300
2021-04-22,176.3699951171875,179.6999969482422,176.3699951171875,178.3800048828125,178.3800048828125,993200
2021-04-23,178.35000610351562,179.4600067138672,174.75999450683594,176.19000244140625,176.19000244140625,1125200
2021-04-26,175.47999572753906,177.49000549316406,174.6300048828125,176.42999267578125,176.42999267578125,759600
2021-04-27,176.80999755859375,177.36000061035156,173.3800048828125,174.27999877929688,174.27999877929688,1067600
2021-04-28,175.77999877929688,176.1199951171875,173.32000732421875,174.3800048828125,174.3800048828125,1150400
2021-04-29,175.3000030517578,176.7899932861328,174.11000061035156,176.47000122070312,176.47000122070312,940200
2021-04-30,174.52999877929688,176.44000244140625,174.11000061035156,175.3800048828125,175.3800048828125,672100
2021-05-03,175.3000030517578,176.2899932861328,169.91000366210938,170.3000030517578,170.3000030517578,1198300
2021-05-04,168.35000610351562,169.3300018310547,164.2100067138672,167.52999877929688,167.52999877929688,1469500
2021-05-05,168.1999969482422,171.32000732421875,167.0,167.47000122070312,167.47000122070312,1084000
2021-05-06,166.74000549316406,168.97999572753906,166.10000610351562,168.63999938964844,168.63999938964844,1081200
2021-05-07,170.22999572753906,171.49000549316406,169.08999633789062,170.07000732421875,170.07000732421875,822200
2021-05-10,169.4600067138672,171.42999267578125,166.9199981689453,169.02000427246094,169.02000427246094,1274600
2021-05-11,166.47000122070312,169.25,166.47000122070312,167.99000549316406,167.99000549316406,1176300
2021-05-12,166.5800018310547,167.47999572753906,162.35000610351562,164.25999450683594,164.25999450683594,1038600
2021-05-13,164.0800018310547,165.49000549316406,161.6999969482422,162.74000549316406,162.74000549316406,813100
2021-05-14,164.8000030517578,167.41000366210938,163.52999877929688,166.99000549316406,166.99000549316406,1524000
2021-05-17,166.1199951171875,169.0500030517578,165.6699981689453,168.22000122070312,168.22000122070312,1289700
2021-05-18,168.6699981689453,171.4199981689453,166.72000122070312,167.69000244140625,167.69000244140625,3687000
2021-05-19,171.0,179.89999389648438,170.7899932861328,179.35000610351562,179.35000610351562,4221600
2021-05-20,179.9499969482422,188.33999633789062,179.60000610351562,185.0800018310547,185.0800018310547,2254100
2021-05-21,185.83999633789062,187.47999572753906,184.1699981689453,184.36000061035156,184.36000061035156,1365400
2021-05-24,184.36000061035156,186.8000030517578,184.25,185.02000427246094,185.02000427246094,1015100
2021-05-25,186.0,186.3300018310547,183.5500030517578,184.6199951171875,184.6199951171875,807500
2021-05-26,185.47999572753906,188.36000061035156,184.60000610351562,185.6699981689453,185.6699981689453,816900
2021-05-27,184.75,187.16000366210938,183.5800018310547,186.47999572753906,186.47999572753906,1549500
2021-05-28,186.27999877929688,187.67999267578125,185.2899932861328,185.55999755859375,185.55999755859375,753500
2021-06-01,186.8300018310547,187.24000549316406,182.52999877929688,182.75999450683594,182.75999450683594,1127800
2021-06-02,181.05999755859375,182.50999450683594,176.0399932861328,176.91000366210938,176.91000366210938,1732500
2021-06-03,178.50999450683594,179.86000061035156,176.52999877929688,177.72999572753906,177.72999572753906,1268300
2021-06-04,178.5399932861328,184.94000244140625,178.11000061035156,184.4499969482422,184.4499969482422,1321400
2021-06-07,183.3800048828125,185.42999267578125,183.3800048828125,184.25999450683594,184.25999450683594,1396800
2021-06-08,184.92999267578125,186.58999633789062,184.3699951171875,184.8300018310547,184.8300018310547,891900
2021-06-09,184.94000244140625,186.64999389648438,182.89999389648438,183.58999633789062,183.58999633789062,942600
2021-06-10,183.41000366210938,185.4199981689453,182.61000061035156,184.97000122070312,184.97000122070312,913900
2021-06-11,184.77000427246094,186.63999938964844,183.94000244140625,186.4199981689453,186.4199981689453,660800
2021-06-14,186.5,187.89999389648438,185.4600067138672,186.75,186.75,853700
2021-06-15,186.35000610351562,186.41000366210938,178.0399932861328,178.60000610351562,178.60000610351562,1497900
2021-06-16,177.0,177.52999877929688,168.9600067138672,171.64999389648438,171.64999389648438,3117400
2021-06-17,170.80999755859375,173.44000244140625,169.92999267578125,170.5,170.5,1400900
2021-06-18,170.85000610351562,172.0,168.67999267578125,171.27999877929688,171.27999877929688,1601600
2021-06-21,171.85000610351562,174.32000732421875,169.44000244140625,173.47000122070312,173.47000122070312,1290100
2021-06-22,173.72999572753906,175.25,172.92999267578125,174.22999572753906,174.22999572753906,1083100
2021-06-23,173.7899932861328,173.8699951171875,170.1300048828125,171.8800048828125,171.8800048828125,1300200
2021-06-24,174.27000427246094,175.97999572753906,173.6999969482422,175.05999755859375,175.05999755859375,1375100
2021-06-25,175.49000549316406,176.10000610351562,173.38999938964844,173.82000732421875,173.82000732421875,3315200
2021-06-28,175.25999450683594,178.9499969482422,174.97000122070312,178.08999633789062,178.08999633789062,1525400
2021-06-29,178.00999450683594,179.0500030517578,176.16000366210938,178.10000610351562,178.10000610351562,818100
2021-06-30,177.8000030517578,178.77999877929688,176.35000610351562,177.02000427246094,177.02000427246094,1013600
2021-07-01,177.52999877929688,179.83999633789062,176.61000061035156,178.97000122070312,178.97000122070312,1052500
2021-07-02,180.3000030517578,180.97000122070312,176.02999877929688,177.3000030517578,177.3000030517578,737800
2021-07-06,177.39999389648438,177.83999633789062,171.6300048828125,174.07000732421875,174.07000732421875,1176400
2021-07-07,174.3699951171875,175.05999755859375,172.63999938964844,173.69000244140625,173.69000244140625,712700
2021-07-08,171.39999389648438,171.8300018310547,170.0800018310547,170.6699981689453,170.6699981689453,940500
2021-07-09,170.6699981689453,171.1699981689453,169.17999267578125,170.3699951171875,170.3699951171875,917400
2021-07-12,172.3699951171875,173.47999572753906,171.47999572753906,172.10000610351562,172.10000610351562,875300
2021-07-13,172.5800018310547,175.25,172.08999633789062,173.5500030517578,173.5500030517578,1207200
2021-07-14,173.8699951171875,174.5500030517578,170.02000427246094,171.8800048828125,171.8800048828125,692600
2021-07-15,171.66000366210938,171.72000122070312,167.05999755859375,168.24000549316406,168.24000549316406,1030200
2021-07-16,168.25999450683594,170.89999389648438,168.25999450683594,170.52000427246094,170.52000427246094,899800
2021-07-19,169.94000244140625,172.22999572753906,166.61000061035156,168.9600067138672,168.9600067138672,2109700
2021-07-20,170.91000366210938,171.10000610351562,167.97000122070312,170.02000427246094,170.02000427246094,861600
2021-07-21,170.47000122070312,171.57000732421875,170.13999938964844,170.89999389648438,170.89999389648438,903400
2021-07-22,170.67999267578125,171.58999633789062,169.1999969482422,171.27999877929688,171.27999877929688,606200
2021-07-23,171.14999389648438,174.08999633789062,169.27000427246094,173.2899932861328,173.2899932861328,1253500
2021-07-26,173.6999969482422,173.6999969482422,171.1199951171875,172.89999389648438,172.89999389648438,816900
2021-07-27,172.83999633789062,173.25999450683594,164.6300048828125,167.5,167.5,1481500
2021-07-28,168.64999389648438,173.11000061035156,168.1699981689453,171.27999877929688,171.27999877929688,1153300
2021-07-29,171.1999969482422,172.99000549316406,168.85000610351562,169.99000549316406,169.99000549316406,1037500
2021-07-30,168.97000122070312,174.1999969482422,168.5800018310547,173.4199981689453,173.4199981689453,1940700
2021-08-02,175.6699981689453,176.82000732421875,173.00999450683594,173.2100067138672,173.2100067138672,2372600
2021-08-03,162.99000549316406,162.99000549316406,155.39999389648438,159.86000061035156,159.86000061035156,5935500
2021-08-04,161.0800018310547,163.6199951171875,158.13999938964844,158.75,158.75,2136400
2021-08-05,158.8300018310547,159.07000732421875,155.7100067138672,156.77999877929688,156.77999877929688,2643200
2021-08-06,156.30999755859375,159.77999877929688,156.02999877929688,158.3000030517578,158.3000030517578,2279900
2021-08-09,158.27999877929688,161.60000610351562,158.22999572753906,160.57000732421875,160.57000732421875,1145400
2021-08-10,160.55999755859375,161.16000366210938,159.08999633789062,159.67999267578125,159.67999267578125,1113500
2021-08-11,161.1300048828125,161.2899932861328,158.75999450683594,159.92999267578125,159.92999267578125,1068600
2021-08-12,158.75,160.8699951171875,158.27999877929688,160.3699951171875,160.3699951171875,1116400
2021-08-13,161.05999755859375,162.66000366210938,159.9600067138672,160.35000610351562,160.35000610351562,926100
2021-08-16,159.14999389648438,160.60000610351562,158.97999572753906,160.35000610351562,160.35000610351562,816000
2021-08-17,159.3699951171875,163.6300048828125,158.4499969482422,163.47000122070312,163.47000122070312,1311500
2021-08-18,163.64999389648438,164.8699951171875,161.5500030517578,161.6199951171875,161.6199951171875,1164100
2021-08-19,161.38999938964844,163.7899932861328,160.75999450683594,162.27000427246094,162.27000427246094,767300
2021-08-20,161.97999572753906,163.69000244140625,159.41000366210938,160.9600067138672,160.9600067138672,1040400
2021-08-23,161.1199951171875,163.92999267578125,160.42999267578125,163.36000061035156,163.36000061035156,782400
2021-08-24,164.16000366210938,164.55999755859375,163.1199951171875,163.82000732421875,163.82000732421875,677600
2021-08-25,164.07000732421875,164.6199951171875,160.5,160.66000366210938,160.66000366210938,893400
2021-08-26,160.6199951171875,160.9600067138672,158.55999755859375,158.8800048828125,158.8800048828125,916300
2021-08-27,159.33999633789062,161.3000030517578,158.6699981689453,160.02999877929688,160.02999877929688,1524900
2021-08-30,158.99000549316406,159.57000732421875,156.6199951171875,158.13999938964844,158.13999938964844,1106200
2021-08-31,158.8300018310547,161.99000549316406,158.25,161.22000122070312,161.22000122070312,1257500
2021-09-01,162.35000610351562,163.42999267578125,160.14999389648438,161.92999267578125,161.92999267578125,878700
2021-09-02,162.5500030517578,163.69000244140625,161.6300048828125,162.02999877929688,162.02999877929688,730500
2021-09-03,161.72000122070312,162.1300048828125,160.35000610351562,160.55999755859375,160.55999755859375,559500
2021-09-07,160.6999969482422,161.0399932861328,158.08999633789062,159.11000061035156,159.11000061035156,795300
2021-09-08,159.36000061035156,160.17999267578125,157.57000732421875,159.4499969482422,159.4499969482422,605600
2021-09-09,158.27000427246094,158.8800048828125,156.6999969482422,157.02999877929688,157.02999877929688,833700
2021-09-10,153.10000610351562,156.0,151.7100067138672,153.94000244140625,153.94000244140625,2895700
2021-09-13,154.6300048828125,156.39999389648438,152.27999877929688,152.92999267578125,152.92999267578125,1144800
2021-09-14,152.5399932861328,153.5399932861328,151.38999938964844,152.14999389648438,152.14999389648438,1350900
2021-09-15,152.13999938964844,153.85000610351562,150.41000366210938,152.69000244140625,152.69000244140625,1080600
2021-09-16,152.11000061035156,153.2100067138672,151.32000732421875,151.88999938964844,151.88999938964844,863000
2021-09-17,149.49000549316406,151.99000549316406,148.8699951171875,151.66000366210938,151.66000366210938,2074700
2021-09-20,150.32000732421875,151.9499969482422,147.1199951171875,148.83999633789062,148.83999633789062,1030400
2021-09-21,149.19000244140625,149.22000122070312,145.60000610351562,145.72000122070312,145.72000122070312,1040600
2021-09-22,145.91000366210938,147.10000610351562,144.5800018310547,145.25,145.25,1650600
2021-09-23,147.52999877929688,149.2100067138672,145.75,146.67999267578125,146.67999267578125,1180500
2021-09-24,146.52000427246094,148.07000732421875,145.77000427246094,147.36000061035156,147.36000061035156,1023800
2021-09-27,146.8800048828125,148.8699951171875,145.4199981689453,148.64999389648438,148.64999389648438,1048800
2021-09-28,148.2899932861328,152.14999389648438,148.16000366210938,149.11000061035156,149.11000061035156,1867100
2021-09-29,148.74000549316406,152.6999969482422,148.5,151.60000610351562,151.60000610351562,1429000
2021-09-30,152.72000122070312,155.36000061035156,152.49000549316406,154.07000732421875,154.07000732421875,1480300
2021-10-01,154.3800048828125,160.02999877929688,151.86000061035156,158.5399932861328,158.5399932861328,1868500
2021-10-04,157.72000122070312,157.91000366210938,155.41000366210938,157.1300048828125,157.1300048828125,991900
2021-10-05,157.17999267578125,162.27999877929688,156.97999572753906,162.02000427246094,162.02000427246094,1712200
2021-10-06,161.52999877929688,166.27999877929688,160.47000122070312,165.44000244140625,165.44000244140625,2267600
2021-10-07,166.10000610351562,172.22999572753906,165.9499969482422,170.77000427246094,170.77000427246094,1926900
2021-10-08,171.36000061035156,175.5500030517578,169.1199951171875,173.69000244140625,173.69000244140625,1824800
2021-10-11,173.32000732421875,173.9199981689453,169.77999877929688,170.72000122070312,170.72000122070312,1137500
2021-10-12,171.27000427246094,172.41000366210938,170.08999633789062,171.35000610351562,171.35000610351562,652300
2021-10-13,171.5800018310547,172.33999633789062,170.24000549316406,170.60000610351562,170.60000610351562,940700
2021-10-14,171.1699981689453,172.10000610351562,168.4600067138672,169.3800048828125,169.3800048828125,933300
2021-10-15,169.5399932861328,172.6999969482422,169.02000427246094,170.55999755859375,170.55999755859375,1057500
2021-10-18,170.5399932861328,172.94000244140625,169.3800048828125,171.75,171.75,607400
2021-10-19,172.3800048828125,173.80999755859375,171.0800018310547,172.0399932861328,172.0399932861328,925700
2021-10-20,172.69000244140625,174.8699951171875,171.52000427246094,173.5,173.5,628700
2021-10-21,173.92999267578125,182.74000549316406,173.0800018310547,182.05999755859375,182.05999755859375,1949000
2021-10-22,181.75999450683594,182.5,178.52000427246094,180.75,180.75,1207000
2021-10-25,180.3300018310547,183.1300048828125,179.07000732421875,182.99000549316406,182.99000549316406,806300
2021-10-26,183.4600067138672,184.74000549316406,181.1300048828125,182.5399932861328,182.5399932861328,761000
2021-10-27,182.66000366210938,183.92999267578125,180.02000427246094,180.91000366210938,180.91000366210938,887300
2021-10-28,180.25999450683594,187.1300048828125,177.5,181.11000061035156,181.11000061035156,1628700
2021-10-29,181.35000610351562,184.47000122070312,179.74000549316406,181.0,181.0,1075600
2021-11-01,181.50999450683594,185.22000122070312,181.22000122070312,183.8000030517578,183.8000030517578,1518500
2021-11-02,183.0,184.3800048828125,181.60000610351562,183.94000244140625,183.94000244140625,1083200
2021-11-03,181.2100067138672,184.7899932861328,179.60000610351562,184.16000366210938,184.16000366210938,1692000
2021-11-04,189.00999450683594,193.33999633789062,186.4199981689453,192.91000366210938,192.91000366210938,2941600
2021-11-05,192.25999450683594,195.8300018310547,185.6699981689453,187.1999969482422,187.1999969482422,1736100
2021-11-08,187.5,187.5500030517578,181.67999267578125,185.13999938964844,185.13999938964844,1219200
2021-11-09,186.99000549316406,189.88999938964844,185.9199981689453,186.80999755859375,186.80999755859375,873600
2021-11-10,186.2899932861328,186.2899932861328,181.07000732421875,182.75,182.75,1021900
2021-11-11,183.19000244140625,186.44000244140625,182.58999633789062,185.7100067138672,185.7100067138672,775000
2021-11-12,185.6300048828125,189.50999450683594,183.4499969482422,187.8300018310547,187.8300018310547,1116000
2021-11-15,185.19000244140625,185.19000244140625,174.82000732421875,177.60000610351562,177.60000610351562,2128200
2021-11-16,177.80999755859375,181.4499969482422,177.60000610351562,179.69000244140625,179.69000244140625,1441600
2021-11-17,178.99000549316406,180.52000427246094,176.27999877929688,177.0399932861328,177.0399932861328,1490000
2021-11-18,176.91000366210938,176.99000549316406,171.44000244140625,174.0,174.0,1562600
2021-11-19,175.82000732421875,177.13999938964844,170.27000427246094,170.5,170.5,1651600
2021-11-22,170.25999450683594,170.52000427246094,164.22000122070312,164.91000366210938,164.91000366210938,1660400
2021-11-23,164.27000427246094,166.91000366210938,162.2100067138672,165.1300048828125,165.1300048828125,1172300
2021-11-24,164.5,165.16000366210938,162.47000122070312,164.30999755859375,164.30999755859375,858400
2021-11-26,166.6999969482422,171.7899932861328,166.2899932861328,169.66000366210938,169.66000366210938,1308100
2021-11-29,168.72000122070312,171.4499969482422,164.55999755859375,169.60000610351562,169.60000610351562,1153400
2021-11-30,170.14999389648438,171.77000427246094,165.38999938964844,165.8800048828125,165.8800048828125,2341500
2021-12-01,165.8000030517578,168.42999267578125,160.22999572753906,160.35000610351562,160.35000610351562,824000
2021-12-02,159.5399932861328,163.74000549316406,159.5,161.3800048828125,161.3800048828125,1215200
2021-12-03,161.47999572753906,165.99000549316406,159.82000732421875,165.77999877929688,165.77999877929688,1344300
2021-12-06,165.5,165.69000244140625,162.1999969482422,164.39999389648438,164.39999389648438,969500
2021-12-07,166.36000061035156,168.91000366210938,165.5,167.2899932861328,167.2899932861328,1067900
2021-12-08,166.91000366210938,171.0800018310547,165.55999755859375,170.5500030517578,170.5500030517578,1082500
2021-12-09,170.75999450683594,173.1999969482422,165.1199951171875,166.3800048828125,166.3800048828125,845700
2021-12-10,166.3800048828125,167.02999877929688,163.35000610351562,165.60000610351562,165.60000610351562,632600
2021-12-13,165.60000610351562,166.69000244140625,164.00999450683594,166.25999450683594,166.25999450683594,768800
2021-12-14,164.36000061035156,167.75999450683594,163.47999572753906,167.6300048828125,167.6300048828125,676600
2021-12-15,167.6300048828125,171.52000427246094,165.72000122070312,171.14999389648438,171.14999389648438,839800
2021-12-16,171.14999389648438,174.08999633789062,169.1999969482422,172.74000549316406,172.74000549316406,1106400
2021-12-17,171.9499969482422,178.44000244140625,171.4600067138672,175.74000549316406,175.74000549316406,2879300
2021-12-20,174.6999969482422,179.0399932861328,173.61000061035156,178.35000610351562,178.35000610351562,1107200
2021-12-21,178.24000549316406,179.97000122070312,176.44000244140625,179.44000244140625,179.44000244140625,869900
2021-12-22,179.7899932861328,180.3699951171875,176.38999938964844,177.6199951171875,177.6199951171875,1078800
2021-12-23,177.94000244140625,178.50999450683594,176.36000061035156,177.9600067138672,177.9600067138672,621300
2021-12-27,178.02999877929688,179.69000244140625,177.35000610351562,179.55999755859375,179.55999755859375,582500
2021-12-28,179.74000549316406,181.82000732421875,178.44000244140625,179.38999938964844,179.38999938964844,600800
2021-12-29,179.77999877929688,180.33999633789062,178.50999450683594,180.3000030517578,180.3000030517578,514900
2021-12-30,180.35000610351562,181.75,179.61000061035156,180.8300018310547,180.8300018310547,665000
2021-12-31,180.52000427246094,181.67999267578125,177.3800048828125,177.72000122070312,177.72000122070312,858700
2022-01-03,176.83999633789062,178.9199981689453,173.5500030517578,178.61000061035156,178.61000061035156,1335400
2022-01-04,177.92999267578125,182.25,175.25999450683594,181.89999389648438,181.89999389648438,1242500
2022-01-05,181.6300048828125,181.6300048828125,171.52999877929688,171.85000610351562,171.85000610351562,1701100
2022-01-06,169.4600067138672,172.0,164.3699951171875,164.61000061035156,164.61000061035156,1430300
2022-01-07,162.7899932861328,165.67999267578125,161.60000610351562,164.60000610351562,164.60000610351562,941500
2022-01-10,147.5,150.60000610351562,138.19000244140625,142.99000549316406,142.99000549316406,9883100
2022-01-11,141.2899932861328,149.25,141.2899932861328,148.4199981689453,148.4199981689453,7451600
2022-01-12,149.64999389648438,157.6699981689453,149.52000427246094,156.05999755859375,156.05999755859375,4328300
2022-01-13,156.50999450683594,156.58999633789062,154.02999877929688,154.8300018310547,154.8300018310547,2860900
2022-01-14,154.19000244140625,154.4600067138672,149.41000366210938,152.5800018310547,152.5800018310547,2748900
2022-01-18,157.36000061035156,160.85000610351562,152.7899932861328,154.0399932861328,154.0399932861328,5849200
2022-01-19,155.5,167.9499969482422,155.1999969482422,163.36000061035156,163.36000061035156,4733800
2022-01-20,164.58999633789062,168.97999572753906,163.35000610351562,164.4600067138672,164.4600067138672,2231700
2022-01-21,164.4600067138672,169.0800018310547,163.5,164.75999450683594,164.75999450683594,2760000
2022-01-24,162.86000061035156,165.19000244140625,157.39999389648438,164.99000549316406,164.99000549316406,2750700
2022-01-25,161.99000549316406,164.8699951171875,158.2899932861328,158.38999938964844,158.38999938964844,1455600
2022-01-26,159.1699981689453,160.25,156.55999755859375,157.9199981689453,157.9199981689453,2871400
2022-01-27,158.8000030517578,159.0500030517578,155.05999755859375,157.25,157.25,2368400
2022-01-28,158.5399932861328,159.27000427246094,154.25999450683594,158.74000549316406,158.74000549316406,3444700
2022-01-31,160.0,169.99000549316406,158.47999572753906,163.33999633789062,163.33999633789062,3401300
2022-02-01,163.9600067138672,164.27000427246094,158.10000610351562,160.25,160.25,1554800
2022-02-02,159.6699981689453,165.97000122070312,158.38999938964844,165.0500030517578,165.0500030517578,2078500
2022-02-03,162.9499969482422,165.86000061035156,162.08999633789062,163.02000427246094,163.02000427246094,1602400
2022-02-04,161.77999877929688,175.63999938964844,159.22999572753906,175.0,175.0,5633200
2022-02-07,175.0,176.61000061035156,173.57000732421875,175.10000610351562,175.10000610351562,3472500
2022-02-08,169.9499969482422,178.5,169.60000610351562,172.1999969482422,172.1999969482422,3850900
2022-02-09,173.47999572753906,173.6199951171875,168.91000366210938,172.33999633789062,172.33999633789062,1692700
2022-02-10,170.25,177.7100067138672,169.47999572753906,173.14999389648438,173.14999389648438,1534500
2022-02-11,173.4199981689453,174.75999450683594,170.6999969482422,171.47999572753906,171.47999572753906,1360500
2022-02-14,171.7899932861328,171.86000061035156,167.00999450683594,167.07000732421875,167.07000732421875,1181900
2022-02-15,167.7100067138672,170.77000427246094,167.33999633789062,168.92999267578125,168.92999267578125,1813400
2022-02-16,168.25,168.25,162.94000244140625,166.08999633789062,166.08999633789062,2482900
2022-02-17,165.25999450683594,166.14999389648438,161.8800048828125,162.1300048828125,162.1300048828125,1494400
2022-02-18,162.3300018310547,162.92999267578125,158.35000610351562,158.5,158.5,1591600
2022-02-22,157.57000732421875,160.17999267578125,157.5399932861328,158.27999877929688,158.27999877929688,1480900
2022-02-23,158.94000244140625,161.10000610351562,157.66000366210938,157.82000732421875,157.82000732421875,1738200
2022-02-24,154.5500030517578,163.38999938964844,153.97000122070312,163.3800048828125,163.3800048828125,1678300
2022-02-25,165.24000549316406,166.3800048828125,161.13999938964844,165.27999877929688,165.27999877929688,1557900
2022-02-28,163.52999877929688,165.08999633789062,160.8699951171875,162.0,162.0,2114100
2022-03-01,163.35000610351562,164.0,158.0,159.8000030517578,159.8000030517578,1446900
2022-03-02,160.4199981689453,161.63999938964844,159.6300048828125,160.86000061035156,160.86000061035156,1561300
2022-03-03,161.44000244140625,161.44000244140625,157.27999877929688,158.1999969482422,158.1999969482422,1583800
2022-03-04,158.7100067138672,158.99000549316406,155.39999389648438,158.00999450683594,158.00999450683594,3267600
2022-03-07,158.0,162.39999389648438,157.11000061035156,158.0,158.0,2015500
2022-03-08,158.22999572753906,158.5,152.97999572753906,156.10000610351562,156.10000610351562,2469200
2022-03-09,158.0,161.22000122070312,157.5399932861328,158.32000732421875,158.32000732421875,1322200
2022-03-10,157.1199951171875,158.52000427246094,155.50999450683594,158.2899932861328,158.2899932861328,1828400
2022-03-11,158.74000549316406,158.99000549316406,153.47000122070312,153.49000549316406,153.49000549316406,965300
2022-03-14,153.0,153.1199951171875,141.60000610351562,141.82000732421875,141.82000732421875,4480100
2022-03-15,140.9499969482422,143.80999755859375,133.5399932861328,142.8800048828125,142.8800048828125,3258800
2022-03-16,143.57000732421875,148.80999755859375,141.9499969482422,148.7899932861328,148.7899932861328,2097300
2022-03-17,148.38999938964844,150.05999755859375,145.0800018310547,149.50999450683594,149.50999450683594,1534800
2022-03-18,149.41000366210938,153.1999969482422,147.92999267578125,151.3699951171875,151.3699951171875,1889400
2022-03-21,150.22000122070312,152.82000732421875,149.47000122070312,151.22000122070312,151.22000122070312,1335400
2022-03-22,151.44000244140625,154.47999572753906,150.6199951171875,152.2899932861328,152.2899932861328,1485600
2022-03-23,150.82000732421875,152.52999877929688,149.0800018310547,149.39999389648438,149.39999389648438,1295500
2022-03-24,150.38999938964844,150.67999267578125,148.6999969482422,150.5,150.5,1038200
2022-03-25,150.36000061035156,154.5399932861328,148.50999450683594,154.5,154.5,1589000
2022-03-28,154.66000366210938,156.91000366210938,153.82000732421875,156.5,156.5,1376000
2022-03-29,158.14999389648438,159.5,156.49000549316406,158.57000732421875,158.57000732421875,1395700
2022-03-30,157.32000732421875,159.50999450683594,155.55999755859375,156.05999755859375,156.05999755859375,1462300
2022-03-31,156.08999633789062,157.6999969482422,153.66000366210938,153.74000549316406,153.74000549316406,1284900
2022-04-01,153.7899932861328,154.85000610351562,151.07000732421875,151.8800048828125,151.8800048828125,1152800
2022-04-04,152.1699981689453,155.83999633789062,151.6300048828125,154.42999267578125,154.42999267578125,1268000
2022-04-05,154.42999267578125,157.08999633789062,150.9199981689453,151.89999389648438,151.89999389648438,1134900
2022-04-06,150.4199981689453,152.0,144.89999389648438,147.1999969482422,147.1999969482422,2461000
2022-04-07,147.2899932861328,147.89999389648438,142.00999450683594,143.39999389648438,143.39999389648438,1941000
2022-04-08,142.8300018310547,144.10000610351562,140.13999938964844,141.30999755859375,141.30999755859375,1537300
2022-04-11,140.1300048828125,143.69000244140625,140.11000061035156,140.52999877929688,140.52999877929688,1298100
2022-04-12,141.25,142.67999267578125,137.9600067138672,138.36000061035156,138.36000061035156,1726500
2022-04-13,137.8699951171875,139.91000366210938,136.27999877929688,138.99000549316406,138.99000549316406,1541800
2022-04-14,138.8800048828125,139.89999389648438,137.24000549316406,137.9600067138672,137.9600067138672,1357700
2022-04-18,137.3300018310547,137.5500030517578,133.89999389648438,135.6999969482422,135.6999969482422,1478400
2022-04-19,134.5399932861328,140.69000244140625,134.49000549316406,140.3699951171875,140.3699951171875,2485900
2022-04-20,140.1300048828125,140.35000610351562,137.0500030517578,137.33999633789062,137.33999633789062,1339700
2022-04-21,137.6300048828125,138.66000366210938,131.3699951171875,131.52999877929688,131.52999877929688,1608400
2022-04-22,132.1300048828125,136.8300018310547,131.44000244140625,136.41000366210938,136.41000366210938,3813700
2022-04-25,135.92999267578125,136.4600067138672,131.39999389648438,132.9600067138672,132.9600067138672,1895000
2022-04-26,131.86000061035156,132.36000061035156,124.87999725341797,125.01000213623047,125.01000213623047,3105500
2022-04-27,124.62000274658203,125.98999786376953,121.51000213623047,121.6500015258789,121.6500015258789,2595300
2022-04-28,123.19000244140625,123.87000274658203,120.27999877929688,123.2300033569336,123.2300033569336,2609700
2022-04-29,123.19000244140625,125.30000305175781,119.12000274658203,119.51000213623047,119.51000213623047,1595500
2022-05-02,120.22000122070312,121.98999786376953,117.83999633789062,121.94000244140625,121.94000244140625,1456800
2022-05-03,121.04000091552734,123.61000061035156,120.48999786376953,121.3499984741211,121.3499984741211,1432300
2022-05-04,122.62000274658203,124.95999908447266,120.13999938964844,124.76000213623047,124.76000213623047,1540200
2022-05-05,122.7300033569336,124.02999877929688,118.30999755859375,120.2300033569336,120.2300033569336,1796200
2022-05-06,119.62999725341797,119.9000015258789,113.44999694824219,114.2699966430664,114.2699966430664,2498700
2022-05-09,111.73999786376953,113.18000030517578,105.01000213623047,106.1500015258789,106.1500015258789,4311300
2022-05-10,107.58000183105469,108.30999755859375,101.8499984741211,103.58999633789062,103.58999633789062,5099900
2022-05-11,103.23999786376953,110.33000183105469,102.4000015258789,105.26000213623047,105.26000213623047,3931800
2022-05-12,103.16999816894531,108.0,102.16000366210938,106.20999908447266,106.20999908447266,2926700
2022-05-13,107.62999725341797,111.26000213623047,107.1500015258789,109.93000030517578,109.93000030517578,3222700
2022-05-16,109.80999755859375,112.04000091552734,108.55999755859375,110.11000061035156,110.11000061035156,4691200
2022-05-17,119.87999725341797,124.58999633789062,117.63999938964844,123.08000183105469,123.08000183105469,8128000
2022-05-18,121.27999877929688,125.69999694824219,120.68000030517578,123.05000305175781,123.05000305175781,4142700
2022-05-19,122.41000366210938,127.0,119.66999816894531,119.76000213623047,119.76000213623047,5006400
2022-05-20,120.88999938964844,121.81999969482422,114.91999816894531,116.12000274658203,116.12000274658203,19700700
2022-05-23,115.01000213623047,124.25,114.25,123.62000274658203,123.62000274658203,7573700
2022-05-24,122.44999694824219,125.25,121.2300033569336,122.69000244140625,122.69000244140625,5057200
2022-05-25,121.62999725341797,123.30000305175781,118.48999786376953,122.08000183105469,122.08000183105469,3580600
2022-05-26,122.37999725341797,123.63999938964844,120.87999725341797,123.27999877929688,123.27999877929688,3394600
2022-05-27,123.5999984741211,127.56999969482422,123.55999755859375,125.77999877929688,125.77999877929688,3540000
2022-05-31,127.36000061035156,128.0399932861328,123.5999984741211,124.52999877929688,124.52999877929688,3868100
2022-06-01,125.86000061035156,126.08000183105469,122.58999633789062,124.62999725341797,124.62999725341797,2051800
2022-06-02,124.48999786376953,130.36000061035156,124.05000305175781,129.0500030517578,129.0500030517578,2453300
2022-06-03,126.97000122070312,129.0,126.63999938964844,126.97000122070312,126.97000122070312,1688300
2022-06-06,127.87000274658203,128.36000061035156,126.52999877929688,126.98999786376953,126.98999786376953,1971500
2022-06-07,125.58000183105469,134.82000732421875,125.51000213623047,131.64999389648438,131.64999389648438,2697500
2022-06-08,132.0,133.99000549316406,130.25999450683594,131.39999389648438,131.39999389648438,1559300
2022-06-09,131.39999389648438,133.69000244140625,129.1199951171875,129.22999572753906,129.22999572753906,2966200
2022-06-10,126.5,128.74000549316406,124.93000030517578,127.94999694824219,127.94999694824219,2465400
2022-06-13,125.7699966430664,127.5199966430664,122.66000366210938,123.19000244140625,123.19000244140625,3097300
2022-06-14,124.20999908447266,124.76000213623047,120.4800033569336,121.41000366210938,121.41000366210938,2039000
2022-06-15,122.1500015258789,127.83999633789062,121.83999633789062,126.16000366210938,126.16000366210938,2361100
2022-06-16,123.91999816894531,125.63999938964844,122.08999633789062,124.9000015258789,124.9000015258789,2072500
2022-06-17,125.5,128.0,123.62000274658203,125.80999755859375,125.80999755859375,3398400
2022-06-21,125.29000091552734,129.0,124.87000274658203,128.77999877929688,128.77999877929688,2854900
2022-06-22,127.94999694824219,130.4499969482422,127.58999633789062,128.60000610351562,128.60000610351562,1524400
2022-06-23,130.0500030517578,131.58999633789062,128.32000732421875,130.0500030517578,130.0500030517578,1656400
2022-06-24,130.66000366210938,134.1699981689453,130.60000610351562,133.6199951171875,133.6199951171875,4585800
2022-06-27,132.5,133.60000610351562,127.93000030517578,129.2100067138672,129.2100067138672,2490000
2022-06-28,129.99000549316406,131.3800048828125,126.05000305175781,126.18000030517578,126.18000030517578,1705700
2022-06-29,125.55000305175781,125.98999786376953,123.27999877929688,125.52999877929688,125.52999877929688,1697300
2022-06-30,124.19999694824219,124.66999816894531,121.05000305175781,122.52999877929688,122.52999877929688,1679900
2022-07-01,122.77999877929688,125.04000091552734,121.7300033569336,124.86000061035156,124.86000061035156,1003500
2022-07-05,123.37000274658203,127.94000244140625,121.95999908447266,127.04000091552734,127.04000091552734,1783500
2022-07-06,127.2699966430664,127.72000122070312,124.9000015258789,125.62000274658203,125.62000274658203,966900
2022-07-07,125.23999786376953,127.52999877929688,124.19999694824219,126.81999969482422,126.81999969482422,1463400
2022-07-08,126.19999694824219,126.70999908447266,123.19999694824219,124.93000030517578,124.93000030517578,2048600
2022-07-11,124.68000030517578,125.0,122.11000061035156,122.69999694824219,122.69999694824219,1254200
2022-07-12,122.56999969482422,124.04000091552734,120.98999786376953,121.98999786376953,121.98999786376953,1279000
2022-07-13,119.93000030517578,122.0,118.55999755859375,121.13999938964844,121.13999938964844,1550400
2022-07-14,120.31999969482422,122.79000091552734,118.76000213623047,122.73999786376953,122.73999786376953,2260900
2022-07-15,123.43000030517578,125.0,123.19000244140625,123.8499984741211,123.8499984741211,1089100
2022-07-18,124.79000091552734,126.54000091552734,122.87000274658203,123.6500015258789,123.6500015258789,2781700
2022-07-19,125.0199966430664,128.2899932861328,124.06999969482422,126.97000122070312,126.97000122070312,1483500
2022-07-20,127.37999725341797,130.55999755859375,127.08999633789062,130.00999450683594,130.00999450683594,1409500
2022-07-21,129.47999572753906,132.35000610351562,129.3699951171875,132.27000427246094,132.27000427246094,1303600
2022-07-22,131.55999755859375,133.7899932861328,129.97000122070312,130.41000366210938,130.41000366210938,1104200
2022-07-25,129.89999389648438,131.25999450683594,129.42999267578125,130.77000427246094,130.77000427246094,1170600
2022-07-26,130.97000122070312,131.88999938964844,130.1999969482422,131.10000610351562,131.10000610351562,1564100
2022-07-27,130.50999450683594,132.22999572753906,129.55999755859375,130.5800018310547,130.5800018310547,2203100
2022-07-28,130.5800018310547,132.0500030517578,129.67999267578125,130.35000610351562,130.35000610351562,2605900
2022-07-29,129.5,132.8800048828125,129.4199981689453,132.72999572753906,132.72999572753906,1885600
2022-08-01,132.2899932861328,132.4199981689453,126.69000244140625,127.55999755859375,127.55999755859375,1729200
2022-08-02,126.44000244140625,129.0399932861328,126.1500015258789,126.66000366210938,126.66000366210938,1488200
2022-08-03,127.4800033569336,129.8800048828125,126.69999694824219,129.80999755859375,129.80999755859375,1671600
2022-08-04,130.32000732421875,130.3300018310547,126.43000030517578,127.38999938964844,127.38999938964844,2827700
2022-08-05,125.38999938964844,127.4000015258789,125.27999877929688,127.16000366210938,127.16000366210938,2121100
2022-08-08,125.87000274658203,130.0,125.08999633789062,125.51000213623047,125.51000213623047,4477600
2022-08-09,121.1500015258789,124.5,118.02999877929688,120.76000213623047,120.76000213623047,5966100
2022-08-10,122.08000183105469,124.91000366210938,122.04000091552734,123.79000091552734,123.79000091552734,3167000
2022-08-11,125.23999786376953,125.38999938964844,120.33999633789062,120.66999816894531,120.66999816894531,2304300
2022-08-12,121.41999816894531,123.37000274658203,120.31999969482422,123.13999938964844,123.13999938964844,1842600
2022-08-15,123.27999877929688,129.0399932861328,123.27999877929688,127.38999938964844,127.38999938964844,2157400
2022-08-16,126.0199966430664,137.42999267578125,126.0199966430664,136.58999633789062,136.58999633789062,3772600
2022-08-17,134.30999755859375,135.8300018310547,131.66000366210938,133.0,133.0,2758200
2022-08-18,132.41000366210938,132.8800048828125,130.2100067138672,130.47000122070312,130.47000122070312,2723700
2022-08-19,128.8300018310547,129.9499969482422,127.02999877929688,127.73999786376953,127.73999786376953,1363400
2022-08-22,126.72000122070312,127.58999633789062,124.56999969482422,125.31999969482422,125.31999969482422,1584200
2022-08-23,124.58000183105469,125.55000305175781,123.45999908447266,124.36000061035156,124.36000061035156,1172700
2022-08-24,124.61000061035156,125.4000015258789,123.16000366210938,123.30000305175781,123.30000305175781,1012800
2022-08-25,123.5999984741211,125.4800033569336,123.08999633789062,125.4800033569336,125.4800033569336,1004800
2022-08-26,128.16000366210938,130.4499969482422,126.9800033569336,127.47000122070312,127.47000122070312,2724400
2022-08-29,124.54000091552734,126.05000305175781,121.30999755859375,122.9000015258789,122.9000015258789,1848600
2022-08-30,124.13999938964844,124.51000213623047,121.94999694824219,123.04000091552734,123.04000091552734,1208600
2022-08-31,124.41999816894531,125.68000030517578,122.23999786376953,122.55999755859375,122.55999755859375,1739100
2022-09-01,121.01000213623047,121.56999969482422,118.2300033569336,120.72000122070312,120.72000122070312,1363200
2022-09-02,121.7699966430664,121.7699966430664,118.4000015258789,118.62999725341797,118.62999725341797,1095400
2022-09-06,118.13999938964844,120.70999908447266,117.25,119.52999877929688,119.52999877929688,1541800
2022-09-07,118.48999786376953,120.75,117.19999694824219,120.58000183105469,120.58000183105469,1073900
2022-09-08,119.81999969482422,120.62000274658203,117.7300033569336,120.58000183105469,120.58000183105469,1434200
2022-09-09,123.63999938964844,127.91999816894531,123.0,127.77999877929688,127.77999877929688,2058700
2022-09-12,127.77999877929688,130.86000061035156,127.77999877929688,129.5399932861328,129.5399932861328,1706600
2022-09-13,126.48999786376953,129.25,126.1500015258789,127.0199966430664,127.0199966430664,1363900
2022-09-14,126.6500015258789,128.80999755859375,126.13999938964844,128.16000366210938,128.16000366210938,1906900
2022-09-15,127.86000061035156,129.99000549316406,127.61000061035156,128.42999267578125,128.42999267578125,1412900
2022-09-16,127.55000305175781,127.55000305175781,122.30000305175781,124.19000244140625,124.19000244140625,2325600
2022-09-19,121.94999694824219,125.56999969482422,120.05000305175781,125.08000183105469,125.08000183105469,3071500
2022-09-20,123.30999755859375,124.38999938964844,121.5999984741211,121.69000244140625,121.69000244140625,2181500
2022-09-21,121.69000244140625,122.47000122070312,117.91999816894531,117.91999816894531,117.91999816894531,1453900
2022-09-22,116.9000015258789,117.5199966430664,114.16000366210938,114.73999786376953,114.73999786376953,1621700
2022-09-23,113.70999908447266,113.76000213623047,107.37000274658203,110.36000061035156,110.36000061035156,2724300
2022-09-26,109.75,111.68000030517578,106.54000091552734,109.56999969482422,109.56999969482422,2500700
2022-09-27,110.66000366210938,112.08000183105469,108.91999816894531,109.9000015258789,109.9000015258789,1462500
2022-09-28,110.2699966430664,114.69000244140625,109.54000091552734,114.19000244140625,114.19000244140625,1908700
2022-09-29,112.62999725341797,113.02999877929688,108.4000015258789,108.58000183105469,108.58000183105469,1854100
2022-09-30,109.52999877929688,111.94000244140625,108.55999755859375,109.0,109.0,1664300
2022-10-03,109.7300033569336,113.91000366210938,108.80000305175781,113.36000061035156,113.36000061035156,1735000
2022-10-04,114.77999877929688,117.16999816894531,114.77999877929688,116.58999633789062,116.58999633789062,1606500
2022-10-05,115.02999877929688,117.62999725341797,113.9800033569336,117.30000305175781,117.30000305175781,1316000
2022-10-06,121.0,122.61000061035156,118.79000091552734,121.37999725341797,121.37999725341797,2837600
2022-10-07,118.75,121.06999969482422,118.56999969482422,120.7300033569336,120.7300033569336,1507200
2022-10-10,119.83000183105469,120.6500015258789,117.05000305175781,117.93000030517578,117.93000030517578,1000700
2022-10-11,117.55000305175781,117.55000305175781,111.6500015258789,115.08999633789062,115.08999633789062,1840200
2022-10-12,116.58999633789062,120.0,115.33999633789062,116.55000305175781,116.55000305175781,1478800
2022-10-13,113.77999877929688,119.26000213623047,112.5,118.86000061035156,118.86000061035156,1910900
2022-10-14,120.05000305175781,121.2699966430664,117.69000244140625,117.81999969482422,117.81999969482422,1375000
2022-10-17,119.63999938964844,120.81999969482422,117.69999694824219,117.88999938964844,117.88999938964844,1261300
2022-10-18,120.72000122070312,121.93000030517578,119.45999908447266,121.29000091552734,121.29000091552734,1087700
2022-10-19,119.93000030517578,122.62999725341797,119.33000183105469,122.5,122.5,1273600
2022-10-20,123.08000183105469,127.08000183105469,122.55000305175781,123.88999938964844,123.88999938964844,1435900
2022-10-21,122.86000061035156,125.80999755859375,121.73999786376953,125.55000305175781,125.55000305175781,1005500
2022-10-24,125.76000213623047,125.80999755859375,120.63999938964844,123.11000061035156,123.11000061035156,1103600
2022-10-25,123.56999969482422,125.61000061035156,122.7300033569336,125.02999877929688,125.02999877929688,1309100
2022-10-26,124.02999877929688,126.4000015258789,122.80999755859375,123.62000274658203,123.62000274658203,1435200
2022-10-27,123.63999938964844,125.31999969482422,121.3499984741211,122.73999786376953,122.73999786376953,1268800
2022-10-28,122.77999877929688,124.27999877929688,122.23999786376953,124.0199966430664,124.0199966430664,1388200
2022-10-31,123.37000274658203,123.47000122070312,117.6500015258789,118.4800033569336,118.4800033569336,2593500
2022-11-01,120.44000244140625,122.73999786376953,115.95999908447266,116.30999755859375,116.30999755859375,1943700
2022-11-02,115.06999969482422,118.44000244140625,113.30000305175781,113.55000305175781,113.55000305175781,2104700
2022-11-03,112.08999633789062,113.93000030517578,109.93000030517578,111.30000305175781,111.30000305175781,1307500
2022-11-04,111.62999725341797,111.94999694824219,107.75,108.52999877929688,108.52999877929688,2524700
2022-11-07,108.5999984741211,109.38999938964844,106.22000122070312,108.4000015258789,108.4000015258789,5450700
2022-11-08,91.9000015258789,98.94999694824219,90.0,93.56999969482422,93.56999969482422,19320500
2022-11-09,93.2699966430664,95.56999969482422,92.76000213623047,94.08999633789062,94.08999633789062,3967800
2022-11-10,98.41999816894531,99.6500015258789,96.25,98.56999969482422,98.56999969482422,3100500
2022-11-11,98.94999694824219,104.05000305175781,98.16000366210938,102.25,102.25,4107000
2022-11-14,102.23999786376953,103.72000122070312,99.83999633789062,99.87999725341797,99.87999725341797,2824000
2022-11-15,102.11000061035156,103.16999816894531,99.33000183105469,101.02999877929688,101.02999877929688,2545800
2022-11-16,100.68000030517578,102.66999816894531,100.12999725341797,100.80999755859375,100.80999755859375,2506000
2022-11-17,98.01000213623047,100.0199966430664,97.12000274658203,99.66000366210938,99.66000366210938,1710900
2022-11-18,101.0199966430664,101.0199966430664,98.5,98.7699966430664,98.7699966430664,1992900
2022-11-21,98.33000183105469,99.05000305175781,96.41999816894531,97.43000030517578,97.43000030517578,1955100
2022-11-22,97.5199966430664,100.47000122070312,96.0,100.29000091552734,100.29000091552734,1714200
2022-11-23,100.7300033569336,103.2300033569336,99.58000183105469,103.1500015258789,103.1500015258789,1170700
2022-11-25,102.47000122070312,103.66999816894531,102.23999786376953,102.62999725341797,102.62999725341797,939700
2022-11-28,102.38999938964844,103.04000091552734,100.4800033569336,101.26000213623047,101.26000213623047,1387600
2022-11-29,101.48999786376953,101.97000122070312,100.0999984741211,101.3499984741211,101.3499984741211,1522700
2022-11-30,101.27999877929688,105.83999633789062,100.13999938964844,105.69000244140625,105.69000244140625,4514100
2022-12-01,106.20999908447266,107.41999816894531,104.80000305175781,106.4000015258789,106.4000015258789,1586900
2022-12-02,105.77999877929688,108.87999725341797,105.47000122070312,108.76000213623047,108.76000213623047,1857800
2022-12-05,108.36000061035156,109.80000305175781,106.4000015258789,106.9800033569336,106.9800033569336,2042200
2022-12-06,106.37000274658203,107.4000015258789,101.02999877929688,101.2699966430664,101.2699966430664,2180400
2022-12-07,100.9000015258789,102.37000274658203,98.66999816894531,99.48999786376953,99.48999786376953,1885700
2022-12-08,99.5,101.29000091552734,98.19999694824219,100.79000091552734,100.79000091552734,1558500
2022-12-09,100.83000183105469,102.16000366210938,99.41000366210938,102.05999755859375,102.05999755859375,1656600
2022-12-12,102.41999816894531,103.31999969482422,100.38999938964844,102.61000061035156,102.61000061035156,1770500
2022-12-13,105.93000030517578,108.94000244140625,102.16000366210938,104.55000305175781,104.55000305175781,2530700
2022-12-14,104.31999969482422,106.86000061035156,104.22000122070312,104.80999755859375,104.80999755859375,1675100
2022-12-15,103.3499984741211,103.80000305175781,100.38999938964844,101.66000366210938,101.66000366210938,1775900
2022-12-16,101.33999633789062,101.70999908447266,100.3499984741211,100.76000213623047,100.76000213623047,3206400
2022-12-19,100.37000274658203,100.5999984741211,98.2300033569336,98.58999633789062,98.58999633789062,3426100
2022-12-20,97.77999877929688,99.44999694824219,97.20999908447266,98.11000061035156,98.11000061035156,2379000
2022-12-21,98.19999694824219,99.91999816894531,97.2300033569336,99.87999725341797,99.87999725341797,1657000
2022-12-22,98.91999816894531,99.76000213623047,97.3499984741211,99.2699966430664,99.2699966430664,1856500
2022-12-23,98.9800033569336,99.93000030517578,98.69999694824219,99.83000183105469,99.83000183105469,1154000
2022-12-27,99.33999633789062,99.58000183105469,97.77999877929688,99.37999725341797,99.37999725341797,1225100
2022-12-28,99.41999816894531,99.7300033569336,98.55000305175781,99.69000244140625,99.69000244140625,1928800
2022-12-29,100.19000244140625,102.77999877929688,100.05000305175781,101.33999633789062,101.33999633789062,1526400
2022-12-30,100.16999816894531,104.45999908447266,99.97000122070312,104.12999725341797,104.12999725341797,1749700
2023-01-03,105.26000213623047,106.26000213623047,102.37999725341797,103.11000061035156,103.11000061035156,1668600
2023-01-04,103.5,108.62999725341797,103.5,106.7699966430664,106.7699966430664,1474800
2023-01-05,106.7699966430664,106.94999694824219,105.31999969482422,105.95999908447266,105.95999908447266,1218400
2023-01-06,107.08000183105469,107.08000183105469,103.2699966430664,104.75,104.75,2602800
2023-01-09,105.26000213623047,107.29000091552734,104.91999816894531,105.0999984741211,105.0999984741211,2185800
2023-01-10,104.79000091552734,106.68000030517578,104.79000091552734,105.52999877929688,105.52999877929688,1313800
2023-01-11,105.9800033569336,106.93000030517578,104.41000366210938,105.26000213623047,105.26000213623047,1715700
2023-01-12,104.91000366210938,105.05999755859375,101.52999877929688,104.29000091552734,104.29000091552734,1775700
2023-01-13,103.41000366210938,105.08999633789062,103.05999755859375,105.02999877929688,105.02999877929688,1437700
2023-01-17,105.02999877929688,105.63999938964844,103.25,104.54000091552734,104.54000091552734,1438900
2023-01-18,104.54000091552734,105.75,103.05000305175781,103.22000122070312,103.22000122070312,1274500
2023-01-19,103.0,103.44000244140625,101.7699966430664,102.26000213623047,102.26000213623047,1164000
2023-01-20,103.37999725341797,106.72000122070312,103.12999725341797,106.58999633789062,106.58999633789062,1458400
2023-01-23,107.12999725341797,110.94000244140625,106.7699966430664,110.66999816894531,110.66999816894531,1939600
2023-01-24,110.47000122070312,111.66000366210938,109.05000305175781,111.2699966430664,111.2699966430664,1245900
2023-01-25,109.58999633789062,111.38999938964844,109.2699966430664,110.69999694824219,110.69999694824219,1821200
2023-01-26,111.8499984741211,112.25,110.55999755859375,111.88999938964844,111.88999938964844,1252900
2023-01-27,114.0999984741211,115.33999633789062,113.36000061035156,114.27999877929688,114.27999877929688,1864900
2023-01-30,113.0999984741211,114.54000091552734,112.33999633789062,112.66000366210938,112.66000366210938,1368800
2023-01-31,112.52999877929688,113.79000091552734,112.44999694824219,113.2300033569336,113.2300033569336,1346700
2023-02-01,111.25,112.66000366210938,108.76000213623047,112.25,112.25,3239500
2023-02-02,114.08000183105469,114.7300033569336,112.06999969482422,114.72000122070312,114.72000122070312,2889800
2023-02-03,112.31999969482422,112.69999694824219,108.87000274658203,109.27999877929688,109.27999877929688,3255300
2023-02-06,107.5,108.12000274658203,104.12999725341797,105.55999755859375,105.55999755859375,5255700
2023-02-07,106.9000015258789,115.20999908447266,106.30999755859375,113.8499984741211,113.8499984741211,5481600
2023-02-08,112.73999786376953,114.44999694824219,110.19000244140625,110.44999694824219,110.44999694824219,2675500
2023-02-09,111.52999877929688,113.27999877929688,109.93000030517578,110.87999725341797,110.87999725341797,1919800
2023-02-10,110.30000305175781,111.48999786376953,109.33000183105469,111.0999984741211,111.0999984741211,1535100
2023-02-13,111.4000015258789,112.55999755859375,110.52999877929688,111.37999725341797,111.37999725341797,1400500
2023-02-14,109.38999938964844,112.20999908447266,108.81999969482422,112.08999633789062,112.08999633789062,1511700
2023-02-15,111.97000122070312,116.02999877929688,111.70999908447266,115.94999694824219,115.94999694824219,1855200
2023-02-16,114.62999725341797,115.19000244140625,112.18000030517578,112.5199966430664,112.5199966430664,1349300
2023-02-17,111.16999816894531,113.12000274658203,110.31999969482422,112.51000213623047,112.51000213623047,1355300
2023-02-21,111.47000122070312,113.2699966430664,111.04000091552734,112.0199966430664,112.0199966430664,1800900
2023-02-22,112.37999725341797,113.08000183105469,110.5999984741211,111.23999786376953,111.23999786376953,1634800
2023-02-23,111.5199966430664,111.88999938964844,109.41000366210938,110.37000274658203,110.37000274658203,1190600
2023-02-24,108.76000213623047,110.37000274658203,107.91999816894531,109.30000305175781,109.30000305175781,1218300
2023-02-27,110.13999938964844,111.11000061035156,109.38999938964844,110.08000183105469,110.08000183105469,1204200
2023-02-28,110.19999694824219,111.0999984741211,109.19999694824219,109.55000305175781,109.55000305175781,1418300
2023-03-01,109.91000366210938,110.58999633789062,108.4800033569336,108.69999694824219,108.69999694824219,1011700
2023-03-02,111.26000213623047,115.29000091552734,111.01000213623047,115.27999877929688,115.27999877929688,4321600
2023-03-03,115.79000091552734,116.95999908447266,115.5,116.69999694824219,116.69999694824219,2119600
2023-03-06,117.0,118.94000244140625,115.61000061035156,115.70999908447266,115.70999908447266,1461500
2023-03-07,115.95999908447266,119.44999694824219,115.83000183105469,116.87999725341797,116.87999725341797,2273500
2023-03-08,116.38999938964844,116.98999786376953,115.70999908447266,116.30999755859375,116.30999755859375,820100
2023-03-09,116.26000213623047,117.0999984741211,112.69999694824219,112.95999908447266,112.95999908447266,1283700
2023-03-10,112.25,113.4000015258789,109.69000244140625,110.58000183105469,110.58000183105469,1429600
2023-03-13,110.23999786376953,112.37999725341797,108.38999938964844,111.33000183105469,111.33000183105469,1215400
2023-03-14,112.5,115.30999755859375,111.94999694824219,113.80999755859375,113.80999755859375,1267400
2023-03-15,113.08999633789062,113.9000015258789,111.75,113.30999755859375,113.30999755859375,1086900
2023-03-16,113.11000061035156,115.93000030517578,112.43000030517578,115.55000305175781,115.55000305175781,1516500
2023-03-17,116.0,116.44000244140625,114.51000213623047,116.27999877929688,116.27999877929688,2835200
2023-03-20,115.58999633789062,117.05999755859375,115.37000274658203,116.30999755859375,116.30999755859375,1974400
2023-03-21,116.4800033569336,119.23999786376953,115.75,118.58999633789062,118.58999633789062,1537300
2023-03-22,118.31999969482422,118.56999969482422,113.51000213623047,113.55999755859375,113.55999755859375,1373700
2023-03-23,114.0,119.02999877929688,114.0,117.4800033569336,117.4800033569336,2357600
2023-03-24,118.81999969482422,120.04000091552734,117.11000061035156,118.12000274658203,118.12000274658203,1178000
2023-03-27,118.19999694824219,118.5,116.13999938964844,116.9800033569336,116.9800033569336,1036800
2023-03-28,116.16999816894531,116.94000244140625,114.83999633789062,115.55000305175781,115.55000305175781,983400
2023-03-29,116.26000213623047,116.9000015258789,115.30000305175781,116.66999816894531,116.66999816894531,770900
2023-03-30,117.63999938964844,117.69999694824219,115.87999725341797,116.58999633789062,116.58999633789062,859300
2023-03-31,117.06999969482422,119.91999816894531,116.70999908447266,119.30000305175781,119.30000305175781,1436200
2023-04-03,118.77999877929688,119.43000030517578,118.0999984741211,118.69000244140625,118.69000244140625,1350100
2023-04-04,119.12000274658203,121.83999633789062,118.75,121.63999938964844,121.63999938964844,1647600
2023-04-05,121.48999786376953,121.48999786376953,118.98999786376953,120.9800033569336,120.9800033569336,1142700
2023-04-06,120.5,120.9800033569336,118.7300033569336,119.0,119.0,1508400
2023-04-10,118.0199966430664,121.2300033569336,117.3499984741211,121.04000091552734,121.04000091552734,942300
2023-04-11,120.7300033569336,121.79000091552734,120.31999969482422,120.38999938964844,120.38999938964844,1204300
2023-04-12,118.75,121.08999633789062,118.5,119.68000030517578,119.68000030517578,1195600
2023-04-13,120.69999694824219,123.05999755859375,120.69999694824219,122.01000213623047,122.01000213623047,1299100
2023-04-14,121.81999969482422,123.20999908447266,121.5,123.06999969482422,123.06999969482422,1304300
2023-04-17,123.0,124.83000183105469,122.62999725341797,124.37999725341797,124.37999725341797,1228600
2023-04-18,124.18000030517578,124.7300033569336,123.2300033569336,124.30999755859375,124.30999755859375,1108200
2023-04-19,123.33000183105469,124.43000030517578,122.98999786376953,123.3499984741211,123.3499984741211,979700
2023-04-20,122.9000015258789,125.38999938964844,122.7699966430664,125.13999938964844,125.13999938964844,1158600
2023-04-21,125.16000366210938,125.4800033569336,124.7699966430664,124.98999786376953,124.98999786376953,916800
2023-04-24,124.61000061035156,128.0,124.2699966430664,127.79000091552734,127.79000091552734,1958200
2023-04-25,127.12999725341797,128.3000030517578,126.72000122070312,127.01000213623047,127.01000213623047,1678000
2023-04-26,125.98999786376953,126.12999725341797,120.83999633789062,121.5999984741211,121.5999984741211,3108300
2023-04-27,122.45999908447266,124.29000091552734,121.94999694824219,123.94999694824219,123.94999694824219,1826200
2023-04-28,123.80999755859375,124.9800033569336,123.0999984741211,124.29000091552734,124.29000091552734,1511200
2023-05-01,124.0,125.97000122070312,123.75,124.13999938964844,124.13999938964844,1403400
2023-05-02,123.72000122070312,125.06999969482422,120.27999877929688,121.62000274658203,121.62000274658203,1666700
2023-05-03,121.93000030517578,123.47000122070312,121.69999694824219,122.13999938964844,122.13999938964844,1210100
2023-05-04,122.55999755859375,122.55999755859375,119.56999969482422,120.27999877929688,120.27999877929688,1568900
2023-05-05,120.4000015258789,124.80999755859375,119.91000366210938,124.51000213623047,124.51000213623047,1452100
2023-05-08,124.26000213623047,125.94000244140625,123.94999694824219,125.69000244140625,125.69000244140625,1117200
2023-05-09,125.48999786376953,125.58000183105469,124.01000213623047,124.5999984741211,124.5999984741211,1044800
2023-05-10,126.2699966430664,126.7699966430664,123.41999816894531,124.73999786376953,124.73999786376953,1355700
2023-05-11,125.11000061035156,127.62000274658203,124.80999755859375,125.56999969482422,125.56999969482422,1358000
2023-05-12,126.0,126.08000183105469,124.45999908447266,125.26000213623047,125.26000213623047,886300
2023-05-15,125.5199966430664,125.9800033569336,123.55999755859375,125.06999969482422,125.06999969482422,1458800
2023-05-16,123.7699966430664,124.55000305175781,122.44000244140625,124.05000305175781,124.05000305175781,1635600
2023-05-17,123.48999786376953,125.94000244140625,121.72000122070312,125.0199966430664,125.0199966430664,4367500
2023-05-18,138.3800048828125,141.9600067138672,134.75999450683594,139.6300048828125,139.6300048828125,12476000
2023-05-19,140.1999969482422,141.1999969482422,135.9600067138672,137.42999267578125,137.42999267578125,3795300
2023-05-22,137.42999267578125,139.33999633789062,136.19000244140625,137.25,137.25,1940600
2023-05-23,136.91000366210938,136.9199981689453,134.52999877929688,135.77999877929688,135.77999877929688,1595400
2023-05-24,135.52999877929688,137.17999267578125,135.32000732421875,135.83999633789062,135.83999633789062,1410000
2023-05-25,137.16000366210938,137.44000244140625,134.64999389648438,136.72999572753906,136.72999572753906,1614500
2023-05-26,137.02999877929688,139.22999572753906,136.5399932861328,138.97999572753906,138.97999572753906,1232900
2023-05-30,139.50999450683594,139.9499969482422,137.63999938964844,138.27999877929688,138.27999877929688,1199400
2023-05-31,137.35000610351562,138.49000549316406,136.47999572753906,137.72999572753906,137.72999572753906,2748200
2023-06-01,137.4499969482422,138.8000030517578,136.7899932861328,137.58999633789062,137.58999633789062,1129500
2023-06-02,137.75,139.33999633789062,135.5800018310547,137.52000427246094,137.52000427246094,1877400
2023-06-05,136.85000610351562,139.0399932861328,136.3000030517578,136.72000122070312,136.72000122070312,1605800
2023-06-06,136.88999938964844,137.4199981689453,135.50999450683594,135.67999267578125,135.67999267578125,1297700
2023-06-07,135.67999267578125,136.66000366210938,131.50999450683594,132.25,132.25,2021800
2023-06-08,132.00999450683594,133.8300018310547,131.67999267578125,133.1199951171875,133.1199951171875,1054100
2023-06-09,133.05999755859375,134.22000122070312,132.08999633789062,134.02999877929688,134.02999877929688,1009500
2023-06-12,134.02999877929688,136.2899932861328,134.0,136.0,136.0,1023100
2023-06-13,136.5500030517578,137.55999755859375,136.05999755859375,136.47000122070312,136.47000122070312,1390400
2023-06-14,136.3300018310547,136.92999267578125,134.4499969482422,136.6300048828125,136.6300048828125,1146300
2023-06-15,136.14999389648438,137.6999969482422,135.67999267578125,137.1999969482422,137.1999969482422,921600
2023-06-16,138.3000030517578,138.77999877929688,137.24000549316406,138.63999938964844,138.63999938964844,2376400
2023-06-20,138.63999938964844,139.41000366210938,137.61000061035156,139.02999877929688,139.02999877929688,1484500
2023-06-21,139.02999877929688,141.58999633789062,138.94000244140625,140.4600067138672,140.4600067138672,1814800
2023-06-22,140.4600067138672,141.5800018310547,140.10000610351562,141.17999267578125,141.17999267578125,1309400
2023-06-23,140.6199951171875,142.1699981689453,139.99000549316406,141.85000610351562,141.85000610351562,4419400
2023-06-26,142.0,144.44000244140625,141.89999389648438,143.50999450683594,143.50999450683594,1390700
2023-06-27,144.36000061035156,146.8000030517578,143.82000732421875,146.33999633789062,146.33999633789062,1579400
2023-06-28,147.33999633789062,149.0399932861328,145.6300048828125,145.97999572753906,145.97999572753906,1487400
2023-06-29,146.24000549316406,146.25,144.10000610351562,145.47000122070312,145.47000122070312,974500
2023-06-30,146.8800048828125,147.63999938964844,146.5500030517578,147.16000366210938,147.16000366210938,1094600
2023-07-03,146.6300048828125,147.75999450683594,146.4499969482422,147.72999572753906,147.72999572753906,453600
2023-07-05,146.4499969482422,147.36000061035156,144.52999877929688,145.0399932861328,145.0399932861328,1543300
2023-07-06,143.1999969482422,144.57000732421875,142.3699951171875,142.8800048828125,142.8800048828125,1229900
2023-07-07,142.7899932861328,144.6999969482422,142.33999633789062,143.19000244140625,143.19000244140625,885500
2023-07-10,143.75,144.33999633789062,143.25999450683594,143.94000244140625,143.94000244140625,895600
2023-07-11,144.49000549316406,151.0500030517578,143.3800048828125,150.75,150.75,4257200
2023-07-12,151.55999755859375,151.6300048828125,147.27999877929688,149.9199981689453,149.9199981689453,1683300
2023-07-13,150.1199951171875,150.74000549316406,148.7100067138672,149.2899932861328,149.2899932861328,1190800
2023-07-14,149.2899932861328,150.39999389648438,148.83999633789062,150.0,150.0,938100
2023-07-17,152.00999450683594,153.72000122070312,151.47000122070312,152.7100067138672,152.7100067138672,1401900
2023-07-18,153.11000061035156,153.60000610351562,150.88999938964844,153.5500030517578,153.5500030517578,1333700
2023-07-19,153.83999633789062,153.83999633789062,151.25999450683594,152.00999450683594,152.00999450683594,1015200
2023-07-20,151.8800048828125,153.58999633789062,150.94000244140625,151.63999938964844,151.63999938964844,1268300
2023-07-21,152.85000610351562,152.85000610351562,149.8300018310547,149.9600067138672,149.9600067138672,874100
2023-07-24,150.4600067138672,150.92999267578125,148.83999633789062,150.27999877929688,150.27999877929688,549900
2023-07-25,149.69000244140625,151.44000244140625,149.5399932861328,151.02999877929688,151.02999877929688,666000
2023-07-26,150.66000366210938,151.3000030517578,149.0,150.25,150.25,825500
2023-07-27,151.25999450683594,151.75,149.24000549316406,149.85000610351562,149.85000610351562,934800
2023-07-28,151.97000122070312,152.19000244140625,150.4600067138672,151.60000610351562,151.60000610351562,598100
2023-07-31,151.60000610351562,152.97000122070312,150.72000122070312,152.94000244140625,152.94000244140625,1043200
2023-08-01,152.1999969482422,153.75,151.60000610351562,151.7899932861328,151.7899932861328,1078800
2023-08-02,149.97000122070312,149.97999572753906,146.39999389648438,147.22000122070312,147.22000122070312,1299500
2023-08-03,145.83999633789062,147.07000732421875,144.35000610351562,145.75,145.75,854800
2023-08-04,145.42999267578125,145.63999938964844,141.63999938964844,142.17999267578125,142.17999267578125,1721800
2023-08-07,142.30999755859375,142.82000732421875,140.67999267578125,141.17999267578125,141.17999267578125,1954700
2023-08-08,139.77999877929688,140.24000549316406,138.47999572753906,140.13999938964844,140.13999938964844,2603600
2023-08-09,140.0,143.83999633789062,136.9199981689453,139.39999389648438,139.39999389648438,3773100
2023-08-10,140.85000610351562,142.6199951171875,138.4199981689453,138.4600067138672,138.4600067138672,1920300
2023-08-11,138.3300018310547,140.6300048828125,137.42999267578125,140.1999969482422,140.1999969482422,1398100
2023-08-14,140.33999633789062,142.4600067138672,139.97999572753906,142.3800048828125,142.3800048828125,1482500
2023-08-15,142.0,142.33999633789062,138.97000122070312,139.50999450683594,139.50999450683594,1188900
2023-08-16,139.35000610351562,141.55999755859375,139.07000732421875,140.27000427246094,140.27000427246094,1335300
2023-08-17,140.52999877929688,140.97000122070312,138.05999755859375,138.0800018310547,138.0800018310547,1008600
2023-08-18,136.69000244140625,138.32000732421875,135.97999572753906,137.4600067138672,137.4600067138672,1026600
2023-08-21,138.33999633789062,139.74000549316406,137.72999572753906,139.55999755859375,139.55999755859375,1001400
2023-08-22,140.22999572753906,141.97000122070312,140.0,140.47999572753906,140.47999572753906,1217500
2023-08-23,141.0800018310547,144.8300018310547,140.75,144.5500030517578,144.5500030517578,1258700
2023-08-24,144.5500030517578,145.82000732421875,139.61000061035156,139.66000366210938,139.66000366210938,1404300
2023-08-25,139.66000366210938,142.3800048828125,139.05999755859375,141.4199981689453,141.4199981689453,1419200
2023-08-28,141.52999877929688,142.0,140.2899932861328,140.8000030517578,140.8000030517578,620700
2023-08-29,140.10000610351562,142.25,140.07000732421875,141.38999938964844,141.38999938964844,785600
2023-08-30,141.86000061035156,142.2100067138672,140.9199981689453,141.8300018310547,141.8300018310547,583900
2023-08-31,141.99000549316406,143.47000122070312,141.97999572753906,142.1999969482422,142.1999969482422,1438500
2023-09-01,142.75,143.6199951171875,140.52999877929688,141.8300018310547,141.8300018310547,1379900
2023-09-05,141.52999877929688,142.9600067138672,140.83999633789062,141.17999267578125,141.17999267578125,1342900
2023-09-06,141.3000030517578,141.3300018310547,139.75999450683594,140.97000122070312,140.97000122070312,1074600
2023-09-07,140.75,143.00999450683594,139.85000610351562,142.22999572753906,142.22999572753906,925400
2023-09-08,142.75,143.0,141.6300048828125,142.77000427246094,142.77000427246094,711800
2023-09-11,142.89999389648438,146.08999633789062,142.55999755859375,145.3800048828125,145.3800048828125,1077600
2023-09-12,144.61000061035156,146.22999572753906,142.8300018310547,143.19000244140625,143.19000244140625,846600
2023-09-13,143.1300048828125,144.72999572753906,142.5800018310547,144.36000061035156,144.36000061035156,970100
2023-09-14,144.58999633789062,145.5,143.05999755859375,144.39999389648438,144.39999389648438,813300
2023-09-15,144.0,144.4199981689453,142.22999572753906,142.91000366210938,142.91000366210938,1623100
2023-09-18,143.0399932861328,143.0399932861328,139.64999389648438,141.3300018310547,141.3300018310547,918700
2023-09-19,141.19000244140625,145.10000610351562,140.33999633789062,143.91000366210938,143.91000366210938,1255200
2023-09-20,144.3300018310547,144.3300018310547,140.5399932861328,140.72000122070312,140.72000122070312,806800
2023-09-21,139.0,139.27000427246094,135.72999572753906,135.94000244140625,135.94000244140625,1582900
2023-09-22,136.99000549316406,139.49000549316406,136.7899932861328,138.24000549316406,138.24000549316406,1079900
2023-09-25,137.80999755859375,139.05999755859375,137.3000030517578,138.75,138.75,631700
2023-09-26,137.3800048828125,139.38999938964844,136.72000122070312,137.3800048828125,137.3800048828125,980800
2023-09-27,137.67999267578125,138.6999969482422,137.0399932861328,137.77999877929688,137.77999877929688,815200
2023-09-28,137.77999877929688,141.1699981689453,137.1199951171875,140.1999969482422,140.1999969482422,1230300
2023-09-29,141.10000610351562,141.55999755859375,140.1999969482422,140.38999938964844,140.38999938964844,1231700
